tmdb_id,title,original_title,overview,genres,actors,directors,keywords,release_date,poster_path,vote_average,vote_count,popularity,original_language,last_updated
534530,Aravinda Sametha Veera Raghava,అరవింద సమేత... వీర రాఘవ,A young scion of a powerful family with a long history of violence decides to put an end to the bloodshed which leads him to a path of self discovery.,"[""Action"", ""Drama""]","[""N.T. Rama Rao Jr."", ""Pooja Hegde"", ""Jagapati Babu"", ""Naveen Chandra"", ""Eesha Rebba"", ""Sunil Varma"", ""Brahmaji"", ""Shatru""]","[""Trivikram Srinivas""]",[],2018-10-11,/wKuOZdP0i6hlv5veDAUSBZ2mUaK.jpg,7.2,34,4.9575,te,2026-04-02T18:16:43.627250
1363974,That Time I Got Reincarnated as a Slime the Movie: Tears of the Azure Sea,劇場版 転生したらスライムだった件 蒼海の涙編,"After concluding the opening ceremony of the Demon Kingdom Federation Tempest, Rimuru and his companions are invited by the Celestial Emperor Hermesia of the great elven nation – the Magi Dynasty Salion – to visit her private resort island. As the group enjoys their brief vacation, a mysterious woman named Yura appears. A new incident unfolds against the backdrop of the boundless azure sea.","[""Animation"", ""Fantasy"", ""Adventure"", ""Comedy""]","[""Miho Okasaki"", ""Mao Ichimichi"", ""Tomoaki Maeno"", ""Makoto Furukawa"", ""Sayaka Senbongi"", ""Hisako Kanemoto"", ""Koichi Domoto"", ""Saori Onishi""]","[""Yasuhito Kikuchi""]","[""monster"", ""magic"", ""slime"", ""shounen"", ""anime"", ""isekai""]",2026-02-27,/oblkRIWuKTF46CsnLhBiE7Otn3z.jpg,0.0,0,3.6201,ja,2026-04-02T18:16:44.042276
11,Star Wars,Star Wars,Princess Leia is captured and held hostage by the evil Imperial forces in their effort to take over the galactic Empire. Venturesome Luke Skywalker and dashing captain Han Solo team together with the loveable robot duo R2-D2 and C-3PO to rescue the beautiful princess and restore peace and justice in the Empire.,"[""Adventure"", ""Action"", ""Science Fiction""]","[""Mark Hamill"", ""Harrison Ford"", ""Carrie Fisher"", ""Peter Cushing"", ""Alec Guinness"", ""Anthony Daniels"", ""Kenny Baker"", ""Peter Mayhew""]","[""George Lucas""]","[""empire"", ""galaxy"", ""rebellion"", ""android"", ""hermit"", ""smuggling (contraband)"", ""freedom"", ""rebel"", ""rescue mission"", ""space"", ""planet"", ""desert"", ""super power"", ""oppression"", ""space opera"", ""wizard"", ""totalitarianism""]",1977-05-25,/6FfCtAuVAW8XJjZ7eWeLibRLWTw.jpg,8.201,22109,27.8456,en,2026-04-02T18:16:44.457124
13,Forrest Gump,Forrest Gump,"A man with a low IQ has accomplished great things in his life and been present during significant historic events—in each case, far exceeding what anyone imagined he could do. But despite all he has achieved, his one true love eludes him.","[""Comedy"", ""Drama"", ""Romance""]","[""Tom Hanks"", ""Robin Wright"", ""Gary Sinise"", ""Sally Field"", ""Mykelti Williamson"", ""Michael Conner Humphreys"", ""Hanna Hall"", ""Haley Joel Osment""]","[""Robert Zemeckis""]","[""new year's eve"", ""vietnam war"", ""vietnam veteran"", ""mentally disabled"", ""friendship"", ""usa president"", ""washington dc, usa"", ""post-traumatic stress disorder (ptsd)"", ""waitress"", ""based on novel or book"", ""hippie"", ""single parent"", ""parent child relationship"", ""optimism"", ""1970s"", ""drug addiction"", ""autism"", ""alabama"", ""black panther party"", ""bus stop""]",1994-06-23,/saHP97rTPS5eLmrLQEcANmKrsFl.jpg,8.463,29453,21.7925,en,2026-04-02T18:16:44.834957
26638,Red Desert,Il deserto rosso,"In an industrializing Italian town, a married woman, rendered mentally unstable after a traffic accident, drifts into an affair with a friend of her husband.","[""Drama""]","[""Monica Vitti"", ""Richard Harris"", ""Carlo Chionetti"", ""Xenia Valderi"", ""Rita Renoir"", ""Lili Rheims"", ""Aldo Grotti"", ""Valerio Bartoleschi""]","[""Michelangelo Antonioni""]","[""adultery"", ""depression"", ""factory"", ""husband wife relationship"", ""italy"", ""fog"", ""loneliness"", ""mother son relationship""]",1964-09-04,/rGcTVdyhaGzMxPPRVApXre6F7SD.jpg,7.321,502,1.5798,it,2026-04-02T18:16:45.486749
878608,Resurrection,狂野时代,"In a future where humanity has surrendered its ability to dream in exchange for immortality, an outcast finds illusion, nightmarish visions, and beauty in an intoxicating world of his own making.","[""Science Fiction"", ""Drama""]","[""Jackson Yee"", ""Shu Qi"", ""Mark Chao"", ""Li Gengxi"", ""Huang Jue"", ""Chen Yongzhong"", ""Zhang Zhijian"", ""Chloe Maayan""]","[""Bi Gan""]","[""experimental cinema""]",2025-11-22,/4asJAxshXzQriox6tnIoEnWN1nu.jpg,6.7,49,7.1712,zh,2026-04-02T18:16:45.845499
372754,Dou kyu sei – Classmates,同級生,"Rihito Sajo, an honor student with a perfect score on the entrance exam and Hikaru Kusakabe, in a band and popular among girls, would have never crossed paths. Until one day they started talking at the practice for their school’s upcoming chorus festival. After school, the two meet regularly, as Hikaru helps Rihito to improve his singing skills. While they listen to each other’s voice and harmonize, their hearts start to beat together.","[""Romance"", ""Animation""]","[""Kenji Nojima"", ""Hiroshi Kamiya"", ""Hideo Ishikawa"", ""Yurino""]","[""Shoko Nakamura""]","[""high school"", ""boys' choir"", ""coming of age"", ""slice of life"", ""based on manga"", ""school life"", ""anime"", ""japanese high school"", ""loving"", ""gay theme"", ""boys' love (bl)"", ""high school life""]",2016-02-20,/cIfRCA5wEvj9tApca4UDUagQEiM.jpg,8.302,431,5.3018,ja,2026-04-02T18:16:46.374268
19,Metropolis,Metropolis,"In a futuristic city sharply divided between the rich and the poor, the son of the city's mastermind meets a prophet who predicts the coming of a savior to mediate their differences.","[""Drama"", ""Science Fiction""]","[""Gustav Fr\u00f6hlich"", ""Brigitte Helm"", ""Alfred Abel"", ""Rudolf Klein-Rogge"", ""Theodor Loos"", ""Fritz Rasp"", ""Erwin Biswanger"", ""Heinrich George""]","[""Fritz Lang""]","[""future"", ""metropolis"", ""class society"", ""man vs machine"", ""underground world"", ""tower of babel"", ""based on novel or book"", ""inventor"", ""dystopia"", ""delirium"", ""mad scientist"", ""prophet"", ""steampunk"", ""grim reaper"", ""black and white"", ""robot"", ""destruction"", ""silent film"", ""nostalgic"", ""expressionism""]",1927-01-10,/kr9wXRN23zLuWJIelahas1mtnYj.jpg,8.091,3062,3.9443,de,2026-04-02T18:16:46.880921
1110034,Kraken,Kraken,"Marine biologist Johanne is doing research on a fish farm in Vangsnes, a rural community located by the fjord, when she encounters several strange occurrences. Along with the brutal deaths of two local teenagers, all signs point to the deep fjord; can there be more to the depths than the eye can see? At the bottom of the deepest fjord rests a mythical monster as large as a mountain, with a myriad of arms ready to crush and devour anything they can grab.","[""Horror"", ""Action"", ""Thriller""]","[""Sara Khorami"", ""Mikkel Bratt Silset"", ""Ingvild Holthe Bygdnes"", ""\u00d8yvind Brandtz\u00e6g"", ""Jenny Evensen"", ""Steinar Klouman Hallert"", ""Filip Bargee Ramberg"", ""Jon Erik Myre""]","[""P\u00e5l \u00d8ie""]","[""sea monster"", ""norwegian folklore""]",2026-02-06,/jVsflOu9WpMqUJ3WwVX2mITi86S.jpg,6.2,8,30.2073,no,2026-04-02T18:16:47.234991
1654802,Return from Tomorrow,Return from Tomorrow,"Randy Moore’s follow-up to the (in)famously filmed-in-secret Disney World fever-dream Escape from Tomorrow is an absurdist paranoid conspiracy thriller featuring the original cast in a completely new scenario. After the loss of his father, a middle-aged dad spirals into a Lynchian crisis of masculinity while on family vacation in Miami. As his inadequacies and unspoken desires drift him further away from his wife, he uncovers a mysterious plot involving his father, the gas company, cocaine, prostitution, and . . . Walt?","[""Thriller""]","[""Roy Abramsohn"", ""Elena Schuber"", ""Udo Kier""]","[""Randy Moore""]",[],2026-04-11,,0.0,0,2.2205,en,2026-04-02T18:16:47.646174
28,Apocalypse Now,Apocalypse Now,"At the height of the Vietnam war, Captain Benjamin Willard is sent on a dangerous mission that, officially, ""does not exist, nor will it ever exist."" His goal is to locate - and eliminate - a mysterious Green Beret Colonel named Walter Kurtz, who has been leading his personal army on illegal guerrilla missions into enemy territory.","[""Drama"", ""War""]","[""Martin Sheen"", ""Marlon Brando"", ""Frederic Forrest"", ""Albert Hall"", ""Laurence Fishburne"", ""Sam Bottoms"", ""Robert Duvall"", ""G.D. Spradlin""]","[""Francis Ford Coppola""]","[""guerrilla warfare"", ""vietnam war"", ""journalist"", ""mission"", ""vietnam"", ""vietcong"", ""central intelligence agency (cia)"", ""cambodia"", ""army"", ""drug abuse"", ""based on novel or book"", ""secret mission"", ""insanity"", ""surrealism"", ""tribe"", ""green beret"", ""jungle"", ""descent into madness"", ""brutality"", ""riverboat""]",1979-05-19,/gQB8Y5RCMkv2zwzFHbUJX3kAhvA.jpg,8.269,8971,10.3929,en,2026-04-02T18:16:48.138277
682012,Little Amélie or the Character of Rain,Amélie et la métaphysique des tubes,"The world is a perplexing, peaceful mystery to Amélie until a miraculous encounter with chocolate ignites her wild sense of curiosity. As she develops a deep attachment to her family's housekeeper, Nishio-san, Amélie discovers the wonders of nature as well as the emotional truths hidden beneath the surface of her family's idyllic life as foreigners in post-war Japan.","[""Animation"", ""Drama"", ""Family""]","[""Lo\u00efse Charpentier"", ""Victoria Grobois"", ""Yumi Fujimori"", ""Cathy Cerda"", ""Marc Arnaud"", ""La\u00ebtitia Coryn"", ""Haylee Issembourg"", ""Isaac Schoumsky""]","[""Ma\u00eflys Vallade"", ""Liane-cho Han""]","[""japan"", ""based on novel or book"", ""chocolate"", ""housekeeper"", ""nature"", ""curiosity"", ""chocolate bar"", ""post war japan"", ""belgian"", ""foreigners"", ""wonder"", ""human connection"", ""human connection in film""]",2025-06-25,/qoqDvTUVPoZJWw24AjGDt3J4tZN.jpg,7.989,136,7.0431,fr,2026-04-02T18:16:48.539153
1208348,Rental Family,Rental Family,"An American actor in Tokyo struggles to find purpose until he lands an unusual gig: working for a Japanese 'rental family' agency, playing stand-in roles for strangers. As he immerses himself in his clients' worlds, he begins to form genuine bonds that blur the lines between performance and reality.","[""Drama"", ""Comedy""]","[""Brendan Fraser"", ""Takehiro Hira"", ""Mari Yamamoto"", ""Shannon Mahina Gorman"", ""Akira Emoto"", ""Paolo Andrea Di Pietro"", ""Helen Sadler"", ""Shinji Ozeki""]","[""Hikari""]","[""self-discovery"", ""tragedy"", ""tokyo, japan"", ""expatriate"", ""surrogate father"", ""meditative"", ""philosophical"", ""reflective"", ""actor"", ""serene"", ""inspirational"", ""rental family"", ""joyful"", ""human connection""]",2025-11-20,/A5lswNlytTUrnMWsuD0NFfhZlf3.jpg,7.8,656,16.1703,en,2026-04-02T18:16:48.933411
1626146,footballer moms,footballer moms,,[],[],[],[],,,0.0,0,1.5674,zh,2026-04-02T18:16:49.312385
1196067,Worldbreaker,Worldbreaker,"Five years ago, a tear in the fabric of reality brought creatures to our world from an alternate dimension bent on our destruction. A father hides his daughter on an island to keep her safe while he prepares her for survival and the battles to come. But when the world is about to break, no place is safe.","[""Science Fiction"", ""Action"", ""Horror""]","[""Milla Jovovich"", ""Luke Evans"", ""Billie Boullet"", ""Meadow Williams"", ""Mila Harris"", ""Kevin Glynn"", ""Chris Finlayson"", ""Charis Agbonlahor""]","[""Brad Anderson""]","[""monster"", ""climate change"", ""global warming"", ""dystopian sci-fi""]",2025-10-30,/4xx25oYs08myEelHiSbOuVi80Ki.jpg,5.84,122,30.5701,en,2026-04-02T18:16:49.700557
1019939,Hundreds of Beavers,Hundreds of Beavers,"In the 19th century, a drunken applejack salesman must go from zero to hero and become North America's greatest fur trapper by defeating hundreds of beavers.","[""Comedy"", ""Adventure"", ""Action""]","[""Ryland Brickson Cole Tews"", ""Olivia Graves"", ""Doug Mancheski"", ""Wes Tank"", ""Luis Rico"", ""Brendan Steere"", ""Jon Truei"", ""Jay Brown""]","[""Mike Cheslik""]","[""beaver"", ""slapstick comedy"", ""black and white"", ""hunting"", ""19th century"", ""fur trapper"", ""apple jack""]",2024-01-26,/jBg64OA2QEWL0zaOFMoAGipeGjJ.jpg,7.179,271,1.8883,en,2026-04-02T18:16:50.094220
442405,The Ghazi Attack,ఘాజీ,India’s first underwater war film tries to decode the mystery behind the sinking of Pakistani submarine PNS Ghazi during the Indo-Pak war of 1971.,"[""Action"", ""War"", ""Thriller"", ""History""]","[""Kay Kay Menon"", ""Rana Daggubati"", ""Atul Kulkarni"", ""Taapsee Pannu"", ""Amitabh Bachchan"", ""Om Puri"", ""Milind Gunaji"", ""Rahul Singh""]","[""Sankalp Reddy""]","[""submarine"", ""1970s"", ""india pakistan war"", ""indian navy""]",2017-02-17,/i7lITQa1v7dZZgLIdE8vZRnPhOC.jpg,7.03,99,1.1322,te,2026-04-02T18:16:50.475052
38,Eternal Sunshine of the Spotless Mind,Eternal Sunshine of the Spotless Mind,"Joel Barish, heartbroken that his girlfriend underwent a procedure to erase him from her memory, decides to do the same. However, as he watches his memories of her fade away, he realises that he still loves her, and may be too late to correct his mistake.","[""Science Fiction"", ""Drama"", ""Romance""]","[""Jim Carrey"", ""Kate Winslet"", ""Kirsten Dunst"", ""Mark Ruffalo"", ""Elijah Wood"", ""Tom Wilkinson"", ""Jane Adams"", ""David Cross""]","[""Michel Gondry""]","[""new york city"", ""regret"", ""jealousy"", ""deja vu"", ""amnesia"", ""dreams"", ""operation"", ""relationship problems"", ""love"", ""memory"", ""brainwashing"", ""relationship"", ""heartbreak"", ""nonlinear timeline"", ""2000s"", ""memory manipulation"", ""psychological drama"", ""enchant""]",2004-03-19,/5MwkWH9tYHv3mV9OdYTMR5qreIz.jpg,8.1,16166,17.3402,en,2026-04-02T18:16:50.900579
1159206,Father Mother Sister Brother,Father Mother Sister Brother,"Estranged siblings reunite after years apart, forced to confront unresolved tensions and reevaluate their strained relationships with their emotionally distant parents.","[""Comedy"", ""Drama""]","[""Tom Waits"", ""Adam Driver"", ""Mayim Bialik"", ""Charlotte Rampling"", ""Cate Blanchett"", ""Vicky Krieps"", ""Sarah Greene"", ""Indya Moore""]","[""Jim Jarmusch""]","[""paris, france"", ""skateboarding"", ""pennsylvania, usa"", ""dublin, ireland"", ""death of father"", ""anthology"", ""grief"", ""loneliness"", ""writer"", ""twins"", ""family reunion"", ""widower"", ""death of mother"", ""lgbt"", ""emotionally distant"", ""death of wife"", ""repetition"", ""storage unit"", ""adult children"", ""father son relationship""]",2025-12-01,/96O3Ol3f2veMxAxYqsML8rOumB9.jpg,6.587,195,6.3812,en,2026-04-02T18:16:51.208898
256040,Bāhubali: The Beginning,బాహుబలి:ద బిగినింగ్,"The young Shivudu is left as a foundling in a small village by his mother. By the time he’s grown up, it has become apparent that he possesses exceptional gifts. He meets the beautiful warrior princess Avanthika and learns that her queen has been held captive for the last 25 years. Shividu sets off to rescue her, discovering his own origins in the process.","[""Action"", ""Drama""]","[""Prabhas"", ""Rana Daggubati"", ""Tamannaah Bhatia"", ""Anushka Shetty"", ""Ramya Krishnan"", ""Nassar"", ""Sathyaraj"", ""Prabhakar""]","[""S. S. Rajamouli""]","[""kingdom"", ""medieval india"", ""ancient india"", ""bilingual""]",2015-07-10,/9BAjt8nSSms62uOVYn1t3C3dVto.jpg,7.522,912,5.3373,te,2026-04-02T18:16:51.678916
1116201,Iron Lung,Iron Lung,"The stars are gone. The planets have disappeared. Only individuals aboard space stations or starships were left to give the end a name -- The Quiet Rapture. After decades of decay and crumbling infrastructure, the Consolidation of Iron has made a discovery on a barren moon designated AT-5. An ocean of blood. Hoping to discover desperately needed resources they immediately launch an expedition. A submarine is crafted and a convict is welded inside. Due to the pressure and depth of the ocean the forward viewport has been encased in metal. If successful, they will earn their freedom. If not, another will follow. This will be the 13th expedition.","[""Horror"", ""Science Fiction"", ""Mystery""]","[""Mark Fischbach"", ""Caroline Kaplan"", ""Troy Baker"", ""Elsie Lovelock"", ""Elle LaMont"", ""Mick Lauer"", ""Dave Pettitt"", ""Holt Boggs""]","[""Mark Fischbach""]","[""future"", ""moon"", ""submarine"", ""expedition"", ""post-apocalyptic future"", ""hallucination"", ""gore"", ""space"", ""underwater"", ""convict"", ""based on video game"", ""trenches"", ""cosmic horror"", ""sea creature"", ""claustrophobic"", ""indie horror"", ""slow burn"", ""independent film"", ""mysterious disappearance"", ""body horror""]",2026-01-30,/sIwakdbMGS1krtgendTWpxTY9Hw.jpg,7.3,116,6.9056,en,2026-04-02T18:16:52.128710
1286185,The Carpenter's Son,The Carpenter's Son,"A remote village in Roman-era Egypt explodes into spiritual warfare when a carpenter, his wife and their child are targeted by supernatural forces.","[""Horror""]","[""Nicolas Cage"", ""Noah Jupe"", ""FKA twigs"", ""Isla Johnston"", ""Souheila Yacoub"", ""Kaiti Manolidaki"", ""Penelope Markopoulou"", ""Orestis Paliadelis""]","[""Lotfy Nathan""]","[""faith"", ""greece"", ""crete"", ""carpenter"", ""temptation"", ""attica"", ""temptation of christ"", ""jesus christ"", ""supernatural horror"", ""biblical"", ""natural horror"", ""baffled"", ""inflammatory"", ""supernatural thriller"", ""faith based"", ""roman egypt""]",2025-11-13,/tXEtdZjoaHqjDjSxZJWwDVjIfx9.jpg,5.6,65,4.8801,en,2026-04-02T18:16:52.752789
1359916,5 Centimeters per Second,秒速5センチメートル,"Spring 1991. Takaki and Akari meet in elementary school and continue to exchange letters even after she moves away. They make a final promise to each other to meet again. It is now 2008. They live their respective lives, paths never crossing. Enduring memories and a premonition of that promised day. Even now, their words from that day drift quietly, transcending time and distance. An ephemeral story of a promised reunion with someone precious.","[""Romance"", ""Drama""]","[""Hokuto Matsumura"", ""Mitsuki Takahata"", ""Yuzu Aoki"", ""Nana Mori"", ""Mai Kiryu"", ""Haruto Ueda"", ""Noa Shiroyama"", ""Aoi Miyazaki""]","[""Yoshiyuki Okuyama""]","[""coming of age"", ""childhood friends"", ""based on movie"", ""based on anime"", ""growing apart"", ""live action remake""]",2025-10-10,/wjLrVkmeZLk8iw1grULvoQgRG4u.jpg,8.1,12,2.6276,ja,2026-04-02T18:16:53.152367
333876,Son of Satyamurthy,సన్నాఫ్ సత్యమూర్తి,"The son of a rich businessman struggles to save his father's wealth after his demise. However, he faces many challenges when he becomes the sole breadwinner of his family.","[""Drama"", ""Action"", ""Comedy"", ""Family""]","[""Allu Arjun"", ""Samantha Ruth Prabhu"", ""Upendra"", ""Rajendra Prasad"", ""Prakash Raj"", ""Nithya Menen"", ""Brahmanandam"", ""M. S. Narayana""]","[""Trivikram Srinivas""]",[],2015-04-09,/jpLPTaZ6EpxCJIud39OLhAaq0p.jpg,6.729,59,1.2985,te,2026-04-02T18:16:53.538544
505908,Saakshyam,సాక్ష్యం,"A group of people commit unspeakable crimes and are confident of getting away with it since there are no witnesses. But nature is witness to their crimes and when all five elements of nature combine to take revenge, can they survive against its wrath?","[""Action"", ""Romance"", ""Fantasy""]","[""Bellamkonda Srinivas"", ""Pooja Hegde"", ""R. Sarathkumar"", ""Meena"", ""Jagapati Babu"", ""Ravi Kishan"", ""Vennela Kishore"", ""Ashutosh Rana""]","[""Sriwass""]","[""video game"", ""supernatural""]",2018-07-27,/spIPo5iq5Z0ZAfwylX51Re2HuP4.jpg,5.3,6,0.9385,te,2026-04-02T18:17:10.063973
696374,Gabriel's Inferno,Gabriel's Inferno,"An intriguing and sinful exploration of seduction, forbidden love, and redemption, Gabriel's Inferno is a captivating and wildly passionate tale of one man's escape from his own personal hell as he tries to earn the impossible--forgiveness and love.","[""Romance"", ""Drama""]","[""Melanie Zanetti"", ""Giulio Berruti"", ""Kurt McKinney"", ""Agnes Albright"", ""Margaux Brooke"", ""Ned Van Zandt"", ""Vanessa Kai""]","[""Tosca Musk""]",[],2020-05-29,/oyG9TL7FcRP4EZ9Vid6uKzwdndz.jpg,8.4,2446,3.9478,en,2026-04-02T18:17:10.359722
18491,Neon Genesis Evangelion: The End of Evangelion,新世紀エヴァンゲリオン劇場版 Air／まごころを、君に,"SEELE orders an all-out attack on NERV, aiming to destroy the Evas before Gendo can advance his own plans for the Human Instrumentality Project. Shinji is pushed to the limits of his sanity as he is forced to decide the fate of humanity.","[""Animation"", ""Science Fiction"", ""Drama"", ""Fantasy""]","[""Megumi Ogata"", ""Megumi Hayashibara"", ""Kotono Mitsuishi"", ""Yuko Miyamura"", ""Fumihiko Tachiki"", ""Miki Nagasawa"", ""Takehito Koyasu"", ""Hiro Yuuki""]","[""Kazuya Tsurumaki"", ""Hideaki Anno""]","[""philosophy"", ""insanity"", ""post-apocalyptic future"", ""futuristic"", ""end of the world"", ""mecha"", ""avant-garde"", ""meaningless existence"", ""rebirth"", ""anime"", ""psychological terror"", ""complex"", ""anxious"", ""based on tv series"", ""introspective"", ""existential horror"", ""alternate ending"", ""experimental surrealism"", ""intense"", ""distressing""]",1997-07-19,/j6G24dqI4WgUtChhWjfnI4lnmiK.jpg,8.261,1822,10.706,ja,2026-04-02T18:17:10.765465
1202235,Daaku Maharaaj,డాకు మహారాజ్‌,A violent outlaw takes a job as a personal driver in order to protect the life of a little girl.,"[""Action"", ""Crime"", ""Drama"", ""Thriller""]","[""Nandamuri Balakrishna"", ""Bobby Deol"", ""Pragya Jaiswal"", ""Shraddha Srinath"", ""Vedha Agarwal"", ""Makrand Deshpande"", ""Sachin Khedekar"", ""Chandini Chowdary""]","[""Bobby Kolli""]",[],2025-01-12,/rGW9ad5TERuoluGSkgF1wHXP45H.jpg,5.6,16,0.9522,te,2026-04-02T18:17:11.161626
325699,Temper,టెంపర్,"Daya is a corrupt cop who joins hands with the local don. When Daya's girlfriend gets kidnapped, it triggers Daya to go against Vasu and his empire, leading him to uncover a bigger motive behind the kidnapping.","[""Action"", ""Drama"", ""Crime""]","[""N.T. Rama Rao Jr."", ""Kajal Aggarwal"", ""Prakash Raj"", ""Posani Krishna Murali"", ""Nyra Banerjee"", ""Apoorva Srinivasan"", ""Subbaraju"", ""Kota Srinivasa Rao""]","[""Puri Jagannadh""]","[""corruption"", ""anti hero"", ""dirty cop"", ""gang rape"", ""corrupt official""]",2015-02-13,/hA793thpccdoAHSOZ5GNbtdSQlC.jpg,6.488,40,1.4074,te,2026-04-02T18:17:12.316186
911430,F1,F1,Racing legend Sonny Hayes is coaxed out of retirement to lead a struggling Formula 1 team—and mentor a young hotshot driver—while chasing one more chance at glory.,"[""Action"", ""Drama""]","[""Brad Pitt"", ""Damson Idris"", ""Javier Bardem"", ""Kerry Condon"", ""Tobias Menzies"", ""Kim Bodnia"", ""Sarah Niles"", ""Will Merrick""]","[""Joseph Kosinski""]","[""sports"", ""comeback"", ""racing"", ""race car driver"", ""sport competition"", ""beforecreditsstinger"", ""rookie"", ""formula one (f1)"", ""motorsport"", ""car racing"", ""exhilarated"", ""joyful""]",2025-06-25,/vqBmyAj0Xm9LnS1xe1MSlMAJyHq.jpg,7.752,3654,30.003,en,2026-04-02T18:17:12.848338
696393,Cold Storage,Cold Storage,"When a mutating, highly contagious fungus escapes a sealed facility, two employees – joined by a grizzled bioterror operative – must survive the wildest night shift ever to save humanity from extinction.","[""Horror"", ""Science Fiction"", ""Comedy""]","[""Joe Keery"", ""Georgina Campbell"", ""Liam Neeson"", ""Lesley Manville"", ""Sosie Bacon"", ""Aaron Heffernan"", ""Andrew Brooke"", ""Rob Collins""]","[""Jonny Campbell""]","[""australia"", ""based on novel or book"", ""mutation"", ""vomit"", ""deer"", ""outbreak"", ""survival"", ""nuclear bomb"", ""epidemic"", ""fungus"", ""underground facility"", ""storage compound"", ""hilarious"", ""sci-fi horror"", ""harsh"", ""comedy horror""]",2026-01-22,/pfqkETJ2A3zXZJuNcufZbAJNnKA.jpg,6.734,282,26.685,en,2026-04-02T18:17:13.234345
73,American History X,American History X,"Derek Vineyard is paroled after serving 3 years in prison for killing two African-American men. Through his brother, Danny Vineyard's narration, we learn that before going to prison, Derek was a skinhead and the leader of a violent white supremacist gang that committed acts of racial crime throughout L.A. and his actions greatly influenced Danny. Reformed and fresh out of prison, Derek severs contact with the gang and becomes determined to keep Danny from going down the same violent path as he did.","[""Drama""]","[""Edward Norton"", ""Edward Furlong"", ""Beverly D'Angelo"", ""Jennifer Lien"", ""Ethan Suplee"", ""Fairuza Balk"", ""Avery Brooks"", ""Elliott Gould""]","[""Tony Kaye""]","[""prison"", ""neo-nazism"", ""rape"", ""skinhead"", ""sibling relationship"", ""swastika"", ""nazi"", ""brother"", ""fascism"", ""tragedy"", ""jail"", ""school"", ""los angeles, california"", ""family"", ""xenophobia"", ""interracial friendship"", ""nazism"", ""violence"", ""crime"", ""excited""]",1998-07-01,/x2drgoXYZ8484lqyDj7L1CEVR4T.jpg,8.327,12427,10.5619,en,2026-04-02T18:17:13.652433
1003596,Avengers: Doomsday,Avengers: Doomsday,"The Avengers, Wakandans, Fantastic Four, Thunderbolts, and X-Men all fight against Doctor Doom. Plot TBA.","[""Science Fiction"", ""Action"", ""Adventure""]","[""Chris Hemsworth"", ""Vanessa Kirby"", ""Anthony Mackie"", ""Sebastian Stan"", ""Letitia Wright"", ""Paul Rudd"", ""Wyatt Russell"", ""Tenoch Huerta Mej\u00eda""]","[""Joe Russo"", ""Anthony Russo""]","[""superhero"", ""based on comic"", ""sequel"", ""superhero team"", ""marvel cinematic universe (mcu)""]",2026-12-16,/8HkIe2i4ScpCkcX9SzZ9IPasqWV.jpg,0.0,0,16.1988,en,2026-04-02T18:17:14.146939
77,Memento,Memento,"Leonard Shelby is tracking down the man who raped and murdered his wife. The difficulty of locating his wife's killer, however, is compounded by the fact that he suffers from a rare, untreatable form of short-term memory loss. Although he can recall details of life before his accident, Leonard cannot remember what happened fifteen minutes ago, where he's going, or why.","[""Mystery"", ""Thriller""]","[""Guy Pearce"", ""Carrie-Anne Moss"", ""Joe Pantoliano"", ""Mark Boone Junior"", ""Russ Fega"", ""Jorja Fox"", ""Stephen Tobolowsky"", ""Harriet Sansom Harris""]","[""Christopher Nolan""]","[""drug dealer"", ""amnesia"", ""insulin"", ""tattoo"", ""waitress"", ""motel"", ""manipulation"", ""flashback"", ""confusion"", ""revenge"", ""murder"", ""memory loss"", ""memory"", ""psychological thriller"", ""whodunit"", ""los angeles, california"", ""polaroid"", ""based on short story"", ""nonlinear timeline"", ""mourning""]",2000-10-11,/fKTPH2WvH8nHTXeBYBVhawtRqtR.jpg,8.176,16044,11.523,en,2026-04-02T18:17:14.659055
499789,Chalo,ఛలో,Hari loves getting into fights just for the sake of it and his father is tired of dealing with the consequences. But what happens when Hari is thrown into a situation that even his aggressive self doesn't want to deal with?,"[""Action"", ""Romance"", ""Comedy""]","[""Naga Shaurya"", ""Rashmika Mandanna"", ""Satya"", ""Vennela Kishore"", ""Naresh"", ""Mime Gopi"", ""Achyuth Kumar"", ""Harsha Chemudu""]","[""Venky Kudumula""]","[""village romance"", ""village riots""]",2018-02-02,/lnXfx1z2q2FHhAu0Tb6rMl0TkBb.jpg,6.4,20,1.0618,te,2026-04-02T18:17:15.166049
81999,Kotha Bangaru Lokam,కొత్త బంగారు లోకం,Balu is son of lovable middle-class couple. Swapna is the daughter of a strict and rich father. Both of them study in a residential college located at a small town of Godavari district. Balu and Swapna fall in love. Swapna is withdrawn from the residential school because her father comes to know about her love. The rest of the story is all about how Balu and Swapna try to get back to each other.,"[""Family"", ""Drama"", ""Romance""]","[""Varun Sandesh"", ""Shweta Basu Prasad"", ""Prakash Raj"", ""Jayasudha"", ""Brahmanandam"", ""Ahuti Prasad"", ""Rao Ramesh""]","[""Srikanth Addala""]",[],2008-10-09,/zMfB7i1KSyaEbJWX2selBPCcG8Z.jpg,6.7,7,1.3191,te,2026-04-02T18:17:15.576706
1433680,The Dinner,La cena,"Spain, April 15, 1939. With the Civil War concluded, and with the intention of celebrating his victory, General Franco attends a dinner with his generals at the Palace Hotel.","[""Comedy"", ""History"", ""Drama""]","[""Mario Casas"", ""Alberto San Juan"", ""Asier Etxeandia"", ""Nora Hern\u00e1ndez"", ""\u00d3scar Lasarte"", ""Mart\u00edn P\u00e1ez"", ""Elvira M\u00ednguez"", ""Carlos Serrano""]","[""Manuel G\u00f3mez Pereira""]","[""franco regime (francoism)"", ""post spanish civil war"", ""cheerful""]",2025-10-17,/u8uNMBYtOltjapW228pZD8ILdNs.jpg,6.812,69,3.9941,es,2026-04-02T18:17:16.092616
727121,Hari Hara Veera Mallu: Part 1 – Sword vs Spirit,హరి హర వీర మల్లు: భాగం 1 – Sword vs Spirit,"Set in the 1650s Mughal Era, Veera Mallu, a Robin Hood-like outlaw with secret motives is hired to steal the Koh-i-Noor from Aurangzeb’s palace. He is joined by a crew of misfits, each talented in their own way, to complete the mission.","[""Action"", ""Adventure"", ""Drama""]","[""Pawan Kalyan"", ""Bobby Deol"", ""Nidhhi Agerwal"", ""Nassar"", ""Sunil Varma"", ""Raghu Babu"", ""Subbaraju"", ""Dalip Tahil""]","[""Jyothi Krishna"", ""Radha Krishna Jagarlamudi""]","[""delhi, india"", ""outlaw"", ""historical fiction"", ""hyderabad"", ""based on myths, legends or folklore"", ""mughal empire"", ""historical drama"", ""17th century"", ""period film"", ""historical epic""]",2025-07-23,/mKM3yC7kepjfs8A723dqd9hOky8.jpg,6.3,7,1.6704,te,2026-04-02T18:17:16.500553
262227,Race Gurram,రేసుగుర్రం,"Ram and Lakshman, aka Lucky, are brothers who are polar opposites in nature. Their mother wishes to see them united.","[""Comedy"", ""Action""]","[""Allu Arjun"", ""Shruti Haasan"", ""Ravi Kishan"", ""Brahmanandam"", ""Shaam"", ""M. S. Narayana"", ""Prakash Raj"", ""Jayaprakash Reddy""]","[""Surender Reddy""]",[],2014-04-11,/oHqHsgx8lc01xrBraY4OBJtdeRn.jpg,6.741,56,1.9048,te,2026-04-02T18:17:17.241607
1271895,96 Minutes,96分鐘,"Former bomb disposal expert, Song Kang-Ren, and his fiancée, Huang Xin, board a high-speed train that contains a bomb. At the same time, Liu Kai, a well-known physics teacher who was involved in an affair scandal, also boards this same train in order to win back his wife, Ting Juan, who took the prior high-speed rail to return home in frustration…  After all, can the bomb be successfully defused this time? and resolve the crisis?","[""Action"", ""Crime"", ""Romance""]","[""Austin Lin"", ""Vivian Sung"", ""Edison Wang"", ""Lee Lee-zen"", ""Eleven Yao"", ""Kent Tsai"", ""Frederick Lee"", ""Ng Ki-pin""]","[""Hung Tzu-hsuan""]",[],2025-09-05,/gWKZ1iLhukvLoh8XY2N4tMvRQ2M.jpg,5.925,73,8.9394,zh,2026-04-02T18:17:18.453494
1239134,Bhooth Bangla,Bhooth Bangla,,"[""Horror"", ""Comedy""]","[""Akshay Kumar"", ""Wamiqa Gabbi"", ""Paresh Rawal"", ""Tabu"", ""Jisshu Sengupta"", ""Rajpal Yadav"", ""Asrani"", ""Mithila Palkar""]","[""Priyadarshan""]",[],2026-04-10,/ArIS4vwUxdhm3j7tsTHmffdfU8W.jpg,0.0,0,1.4759,hi,2026-04-02T18:17:19.166593
589920,Dancing Girl,踊子,"In Asakusa, Tokyo, a couple of a violinist Yamano and a revue dancer Hanae lives in poverty. One day Hanae’s little sister rolls into their apartment and begins to stir things up with her riotousness.","[""Drama"", ""Romance""]","[""Chikage Awashima"", ""Machiko Ky\u014d"", ""Eiji Funakoshi"", ""Haruo Tanaka"", ""Noriko Hodaka"", ""Hiroko Machida"", ""Yoshiko Tachibana"", ""Saburo Sakai""]","[""Hiroshi Shimizu""]","[""infidelity"", ""dancer"", ""sibling relationship"", ""relationship problems"", ""living with sibling""]",1957-02-12,/uHv4YqKEJujr0SU57BTH8rptOt0.jpg,6.0,1,2.8713,ja,2026-04-02T18:17:19.649194
98,Gladiator,Gladiator,"After the death of Emperor Marcus Aurelius, his devious son takes power and demotes Maximus, one of Rome's most capable generals who Marcus preferred. Eventually, Maximus is forced to become a gladiator and battle to the death against other men for the amusement of paying audiences.","[""Action"", ""Drama"", ""Adventure""]","[""Russell Crowe"", ""Joaquin Phoenix"", ""Connie Nielsen"", ""Oliver Reed"", ""Richard Harris"", ""Derek Jacobi"", ""Djimon Hounsou"", ""David Schofield""]","[""Ridley Scott""]","[""gladiator"", ""rome, italy"", ""arena"", ""senate"", ""roman empire"", ""parent child relationship"", ""emperor"", ""slavery"", ""ancient rome"", ""revenge"", ""battlefield"", ""slave auction"", ""historical fiction"", ""ancient world"", ""combat"", ""chariot"", ""philosopher"", ""grim"", ""barbarian horde"", ""2nd century""]",2000-05-04,/ty8TGRuvJLPUmAR1H1nRIsgwvim.jpg,8.223,20675,18.5054,en,2026-04-02T18:17:20.220738
100,"Lock, Stock and Two Smoking Barrels","Lock, Stock and Two Smoking Barrels",A card shark and his unwillingly-enlisted friends need to make a lot of cash quick after losing a sketchy poker match. To do this they decide to pull a heist on a small-time gang who happen to be operating out of the flat next door.,"[""Comedy"", ""Crime""]","[""Vinnie Jones"", ""Jason Flemyng"", ""Dexter Fletcher"", ""Nick Moran"", ""Jason Statham"", ""Steven Mackintosh"", ""Nicholas Rowe"", ""Nick Marcq""]","[""Guy Ritchie""]","[""ambush"", ""joint"", ""alcohol"", ""shotgun"", ""tea"", ""machismo"", ""rifle"", ""cocktail"", ""pot smoking"", ""marijuana"", ""hatchet"", ""antique"", ""cardsharp"", ""anger"", ""carjacking"", ""piano"", ""strip show"", ""high stakes"", ""excited""]",1998-08-28,/6pJB2t3MbQUy9m5pFIBHXLqnqNd.jpg,8.097,7112,2.8549,en,2026-04-02T18:17:20.906922
101,Léon: The Professional,Léon,"Léon, the top hit man in New York, has earned a rep as an effective ""cleaner"". But when his next-door neighbors are wiped out by a loose-cannon DEA agent, he becomes the unwilling custodian of 12-year-old Mathilda. Before long, Mathilda's thoughts turn to revenge, and she considers following in Léon's footsteps.","[""Crime"", ""Drama"", ""Action""]","[""Jean Reno"", ""Natalie Portman"", ""Gary Oldman"", ""Danny Aiello"", ""Peter Appel"", ""Michael Badalucco"", ""Ellen Greene"", ""Elizabeth Regen""]","[""Luc Besson""]","[""hotel room"", ""new york city"", ""immigrant"", ""assassin"", ""police brutality"", ""corruption"", ""s.w.a.t."", ""hitman"", ""loss of loved one"", ""training"", ""revenge"", ""murder"", ""loneliness"", ""neighbor"", ""tragic love"", ""city life"", ""neo-noir"", ""complex relationship"", ""suspenseful"", ""tense""]",1994-09-14,/bxB2q91nKYp8JNzqE7t7TWBVupB.jpg,8.295,15917,18.5261,fr,2026-04-02T18:17:21.323243
1368166,The Housemaid,The Housemaid,"Trying to escape her past, Millie Calloway accepts a job as a live-in housemaid for the wealthy Nina and Andrew Winchester. But what begins as a dream job quickly unravels into something far more dangerous—a sexy, seductive game of secrets, scandal, and power.","[""Mystery"", ""Thriller""]","[""Sydney Sweeney"", ""Amanda Seyfried"", ""Brandon Sklenar"", ""Michele Morrone"", ""Elizabeth Perkins"", ""Indiana Elle"", ""Amanda Joy Erickson"", ""Sarah Cooper""]","[""Paul Feig""]","[""based on novel or book"", ""psychological thriller"", ""housekeeper"", ""attic"", ""housemaid"", ""adaptation"", ""dramatic"", ""mystery"", ""suspense thriller"", ""amused""]",2025-12-18,/cWsBscZzwu5brg9YjNkGewRUvJX.jpg,7.206,1673,76.2765,en,2026-04-02T18:17:21.731431
103,Taxi Driver,Taxi Driver,"Suffering from insomnia, disturbed loner Travis Bickle takes a job as a New York City cabbie, haunting the streets nightly, growing increasingly detached from reality as he dreams of cleaning up the filthy city.","[""Crime"", ""Drama""]","[""Robert De Niro"", ""Jodie Foster"", ""Cybill Shepherd"", ""Harvey Keitel"", ""Peter Boyle"", ""Leonard Harris"", ""Albert Brooks"", ""Diahnne Abbott""]","[""Martin Scorsese""]","[""drug dealer"", ""vietnam veteran"", ""new york city"", ""taxi"", ""pornography"", ""obsession"", ""taxi driver"", ""1970s"", ""pimp"", ""observer"", ""firearm"", ""politician"", ""alienation"", ""junk food"", ""misanthrophy"", ""vigilante"", ""political campaign"", ""cynical"", ""illegal prostitution"", ""urban decay""]",1976-02-09,/ekstpH614fwDX8DUln1a2Opz0N8.jpg,8.128,13295,13.5409,en,2026-04-02T18:17:22.141765
755812,"Miraculous World: New York, United HeroeZ","Miraculous World : New York, les héros unis","Marinette’s class is headed to New York, the city of superheroes, for French-American Friendship Week.","[""Animation"", ""Family"", ""TV Movie"", ""Action"", ""Adventure""]","[""Anouck Hautbois"", ""Benjamin Bollen"", ""Antoine Tom\u00e9"", ""Fily Keita"", ""C\u00e9line Melloul"", ""Alan Aubert-Carlin"", ""Fanny Bloc"", ""Alexandre Nguyen""]","[""Thomas Astruc""]","[""new york city"", ""paris, france"", ""superhero"", ""\u0627\u0644\u062f\u0639\u0633\u0648\u0642\u0629""]",2020-09-25,/9YbyvcrHmY2SVbdfXpb8mC4Fy0g.jpg,8.1,1121,2.5519,fr,2026-04-02T18:17:22.534948
105,Back to the Future,Back to the Future,"Eighties teenager Marty McFly is accidentally sent back in time to 1955, inadvertently disrupting his parents' first meeting and attracting his mother's romantic interest. Marty must repair the damage to history by rekindling his parents' romance and - with the help of his eccentric inventor friend Doc Brown - return to 1985.","[""Adventure"", ""Comedy"", ""Science Fiction""]","[""Michael J. Fox"", ""Christopher Lloyd"", ""Crispin Glover"", ""Lea Thompson"", ""Claudia Wells"", ""Thomas F. Wilson"", ""Marc McClure"", ""Wendie Jo Sperber""]","[""Robert Zemeckis""]","[""flying car"", ""race against time"", ""clock tower"", ""car race"", ""lightning"", ""guitar"", ""inventor"", ""journey in the past"", ""invention"", ""time travel"", ""bullying"", ""mad scientist"", ""love"", ""fish out of water"", ""terrorism"", ""teenage love"", ""destiny"", ""burlesque"", ""hidden identity"", ""teenage life""]",1985-07-03,/vN5B5WgYscRGcQpVhHl6p9DDTP0.jpg,8.324,21549,25.1627,en,2026-04-02T18:17:22.864775
1443940,Truth & Treason,Truth & Treason,"When loyalty to country becomes loyalty to a lie, one teen risks everything to expose the truth. With the Gestapo closing in, he must decide what it really means to be a good German.","[""History"", ""Drama"", ""Thriller""]","[""Ewan Horrocks"", ""Rupert Evans"", ""Ferdinand McKay"", ""Daf Thomas"", ""Nye Occomore"", ""Joanna Christie"", ""Sean Mahon"", ""Sylvie Varcoe""]","[""Matt Whitaker""]","[""nonviolent resistance"", ""based on true story"", ""anti-nazi resistance"", ""historical drama"", ""nsdap (nazi party)"", ""1940s"", ""courtroom drama"", ""nazi germany"", ""intense""]",2025-10-16,/ArDLn658OjT3dMThIi4GDQJRuY3.jpg,8.0,44,4.3774,en,2026-04-02T18:17:23.255657
350312,Bāhubali 2: The Conclusion,బాహుబలి 2: ది కన్ క్లూజన్,"When Mahendra, the son of Bāhubali, learns about his heritage, he begins to look for answers. His story is juxtaposed with past events that unfolded in the Mahishmati Kingdom.","[""Action"", ""Adventure"", ""Fantasy""]","[""Prabhas"", ""Rana Daggubati"", ""Anushka Shetty"", ""Sathyaraj"", ""Nassar"", ""Ramya Krishnan"", ""Subbaraju"", ""Tamannaah Bhatia""]","[""S. S. Rajamouli""]","[""kingdom"", ""bilingual""]",2017-04-27,/21sC2assImQIYCEDA84Qh9d1RsK.jpg,7.454,837,3.4461,te,2026-04-02T18:17:23.580901
770156,Lucy Shimmers and the Prince of Peace,Lucy Shimmers and the Prince of Peace,Second chances start when a hardened criminal crosses paths with a precocious little girl who is helped by an angel to change hearts during the holiday season.,"[""Drama"", ""Family""]","[""Scarlett Diamond"", ""Vincent Vargas"", ""Adam Hightower"", ""Shawn Stevens"", ""Florencia Contreras Stevens"", ""Tara Barrett"", ""Aaron J. Owen"", ""April Dean West""]","[""Rob Diamond""]","[""faith"", ""peace"", ""prince"", ""sickness"", ""christmas"", ""jesus christ"", ""christian film"", ""christian faith"", ""grief & loss""]",2020-10-19,/yfnJ5qIYx7q33fY4jqv9Pu95RSg.jpg,8.373,353,5.9941,en,2026-04-02T18:17:23.886499
1226863,The Super Mario Galaxy Movie,The Super Mario Galaxy Movie,"Having thwarted Bowser's previous plot to marry Princess Peach, Mario and Luigi now face a fresh threat in Bowser Jr., who is determined to liberate his father from captivity and restore the family legacy. Alongside companions new and old, the brothers travel across the stars to stop the young heir's crusade.","[""Adventure"", ""Animation"", ""Comedy"", ""Family"", ""Fantasy""]","[""Chris Pratt"", ""Anya Taylor-Joy"", ""Charlie Day"", ""Jack Black"", ""Keegan-Michael Key"", ""Benny Safdie"", ""Brie Larson"", ""Donald Glover""]","[""Michael Jelenic"", ""Aaron Horvath""]","[""galaxy"", ""friendship"", ""sibling relationship"", ""space travel"", ""turtle"", ""sequel"", ""slapstick comedy"", ""magic mushroom"", ""robot"", ""based on video game"", ""nostalgic"", ""buddy comedy"", ""aftercreditsstinger"", ""duringcreditsstinger"", ""globetrotting"", ""space adventure"", ""frantic"", ""children's adventure"", ""father son relationship"", ""parallel universe""]",2026-04-01,/eJGWx219ZcEMVQJhAgMiqo8tYY.jpg,7.0,71,169.5832,en,2026-04-02T18:17:24.298774
111,Scarface,Scarface,"After getting a green card in exchange for assassinating a Cuban government official, Tony Montana stakes a claim on the drug trade in Miami. Viciously murdering anyone who stands in his way, Tony eventually becomes the biggest drug lord in the state, controlling nearly all the cocaine that comes through Miami. But increased pressure from the police, wars with Colombian drug cartels and his own drug-fueled paranoia serve to fuel the flames of his eventual downfall.","[""Action"", ""Crime"", ""Drama""]","[""Al Pacino"", ""Steven Bauer"", ""Michelle Pfeiffer"", ""Mary Elizabeth Mastrantonio"", ""Robert Loggia"", ""Miriam Colon"", ""F. Murray Abraham"", ""Paul Shenar""]","[""Brian De Palma""]","[""corruption"", ""sibling relationship"", ""miami, florida"", ""cuba"", ""loss of loved one"", ""gangster"", ""cocaine"", ""rise and fall"", ""remake"", ""tragedy"", ""drug cartel"", ""mafia"", ""drug lord"", ""bitterness"", ""rise to power"", ""miami beach"", ""cuban refugees"", ""drug war"", ""excited"", ""tragic""]",1983-12-09,/iQ5ztdjvteGeboxtmRdXEChJOHh.jpg,8.155,12852,14.0837,en,2026-04-02T18:17:24.708526
335984,Blade Runner 2049,Blade Runner 2049,"Thirty years after the events of the first film, a new blade runner, LAPD Officer K, unearths a long-buried secret that has the potential to plunge what's left of society into chaos. K's discovery leads him on a quest to find Rick Deckard, a former LAPD blade runner who has been missing for 30 years.","[""Science Fiction"", ""Drama""]","[""Ryan Gosling"", ""Harrison Ford"", ""Ana de Armas"", ""Dave Bautista"", ""Robin Wright"", ""Sylvia Hoeks"", ""Mackenzie Davis"", ""Jared Leto""]","[""Denis Villeneuve""]","[""future"", ""android"", ""bounty hunter"", ""artificial intelligence (a.i.)"", ""dystopia"", ""sequel"", ""cyberpunk"", ""transhumanism"", ""los angeles, california"", ""las vegas"", ""tech noir"", ""humanoid robot"", ""blade runner"", ""2040s"", ""dreary"", ""slow burn"", ""understated"", ""pretentious"", ""dystopian sci-fi"", ""oscar winner""]",2017-10-04,/gajva2L0rPYkEWjzgFlBXCAVBE5.jpg,7.59,14938,31.5505,en,2026-04-02T18:17:25.194640
950387,A Minecraft Movie,A Minecraft Movie,"Four misfits find themselves struggling with ordinary problems when they are suddenly pulled through a mysterious portal into the Overworld: a bizarre, cubic wonderland that thrives on imagination. To get back home, they'll have to master this world while embarking on a magical quest with an unexpected, expert crafter, Steve.","[""Family"", ""Fantasy"", ""Comedy"", ""Adventure""]","[""Jason Momoa"", ""Jack Black"", ""Sebastian Eugene Hansen"", ""Emma Myers"", ""Danielle Brooks"", ""Jennifer Coolidge"", ""Rachel House"", ""Allan Henry""]","[""Jared Hess""]","[""friendship"", ""surrealism"", ""exploration"", ""portal"", ""miner"", ""friends"", ""survival"", ""zombie"", ""based on video game"", ""aftercreditsstinger"", ""duringcreditsstinger"", ""journey"", ""live action and animation"", ""playful"", ""black jack"", ""imagination"", ""teamwork"", ""fantasy"", ""exuberant"", ""building""]",2025-03-31,/yFHHfHcUgGAxziP1C3lLt0q2T4s.jpg,6.273,2889,25.6137,en,2026-04-02T18:17:25.602590
117,The Untouchables,The Untouchables,"Elliot Ness, an ambitious prohibition agent, is determined to take down Al Capone. In order to achieve this goal, he forms a group given the nickname “The Untouchables”.","[""Crime"", ""History"", ""Thriller""]","[""Kevin Costner"", ""Sean Connery"", ""Robert De Niro"", ""Charles Martin Smith"", ""Andy Garcia"", ""Richard Bradford"", ""Jack Kehoe"", ""Brad Sullivan""]","[""Brian De Palma""]","[""chicago, illinois"", ""prohibition era"", ""gangster"", ""baseball bat"", ""white suit"", ""tough cop"", ""treasury agent"", ""untouchable"", ""tax evasion"", ""jury tampering"", ""1930s""]",1987-06-03,/tPq0R4jTO4Ey8ZspFaWK9wGA4Ls.jpg,7.8,6110,16.8265,en,2026-04-02T18:17:25.995523
1007734,Nobody 2,Nobody 2,"Former assassin Hutch Mansell takes his family on a nostalgic vacation to a small-town theme park, only to be pulled back into violence when they clash with a corrupt operator, a crooked sheriff, and a ruthless crime boss.","[""Action"", ""Thriller""]","[""Bob Odenkirk"", ""Connie Nielsen"", ""John Ortiz"", ""Colin Hanks"", ""RZA"", ""Colin Salmon"", ""Christopher Lloyd"", ""Sharon Stone""]","[""Timo Tjahjanto""]","[""assassin"", ""dark comedy"", ""sequel"", ""revenge"", ""one man army"", ""family vacation"", ""admiring"", ""excited"", ""russian mafia""]",2025-08-13,/svXVRoRSu6zzFtCzkRsjZS7Lqpd.jpg,6.947,1386,18.9378,en,2026-04-02T18:17:26.454282
1443959,Every Dog Has Its Day,马腾你别走,"Old Lin, a retired steel mill veteran with mobility issues, lives a materially comfortable yet emotionally desolate life. His routine is unexpectedly disrupted when he crosses paths with Ma Teng, an idle drifter brimming with ""useless knowledge"" and a chronic habit of abandoning projects midway, during a botched caregiver interview. What begins as a comedic clash of misunderstandings evolves into an extraordinary companionship. Through their unlikely journey bridging generational and social divides, the mismatched pair transforms from chaotic strangers into mutual pillars of support. This transgenerational bond defying conventional boundaries of age and mortality becomes a profound testament to human resilience. In each other's flawed existence, they discover the courage to confront physical decline and mortality, ultimately unearthing the fortitude to embrace life's uncertainties with renewed bravery.","[""Comedy"", ""Drama""]","[""Lin Gengxin"", ""Li Youbin"", ""Victoria Song"", ""Wang Yanlin"", ""Li Xueqin"", ""Helen Chen"", ""Feng Lei"", ""Pan Binlong""]","[""\u5cb3\u6d0b""]",[],2026-01-01,/4JMf7bSHXxK4b3g5KW4BBLZMlOa.jpg,0.0,0,3.9162,zh,2026-04-02T18:17:26.962329
120,The Lord of the Rings: The Fellowship of the Ring,The Lord of the Rings: The Fellowship of the Ring,"Young hobbit Frodo Baggins, after inheriting a mysterious ring from his uncle Bilbo, must leave his home in order to keep it from falling into the hands of its evil creator. Along the way, a fellowship is formed to protect the ringbearer and make sure that the ring arrives at its final destination: Mt. Doom, the only place where it can be destroyed.","[""Adventure"", ""Fantasy"", ""Action""]","[""Elijah Wood"", ""Ian McKellen"", ""Viggo Mortensen"", ""Sean Astin"", ""Ian Holm"", ""Liv Tyler"", ""Christopher Lee"", ""Sean Bean""]","[""Peter Jackson""]","[""based on novel or book"", ""elves"", ""dwarf"", ""magic"", ""obsession"", ""bravery"", ""fireworks"", ""mine"", ""maze"", ""mountain"", ""castle"", ""birthday party"", ""troll"", ""battle"", ""demon"", ""blizzard"", ""uncle nephew relationship"", ""fantasy world"", ""journey"", ""ring""]",2001-12-18,/6oom5QYQ2yQTMJIbnvbkBL9cHo6.jpg,8.43,27253,26.1489,en,2026-04-02T18:17:27.276568
121,The Lord of the Rings: The Two Towers,The Lord of the Rings: The Two Towers,"Frodo Baggins and the other members of the Fellowship continue on their sacred quest to destroy the One Ring--but on separate paths. Their destinies lie at two towers--Orthanc Tower in Isengard, where the corrupt wizard Saruman awaits, and Sauron's fortress at Barad-dur, deep within the dark lands of Mordor. Frodo and Sam are trekking to Mordor to destroy the One Ring of Power while Gimli, Legolas and Aragorn search for the orc-captured Merry and Pippin. All along, nefarious wizard Saruman awaits the Fellowship members at the Orthanc Tower in Isengard.","[""Adventure"", ""Fantasy"", ""Action""]","[""Elijah Wood"", ""Ian McKellen"", ""Viggo Mortensen"", ""Sean Astin"", ""Andy Serkis"", ""John Rhys-Davies"", ""Orlando Bloom"", ""Bernard Hill""]","[""Peter Jackson""]","[""mission"", ""army"", ""based on novel or book"", ""elves"", ""dwarf"", ""magic"", ""obsession"", ""bravery"", ""castle"", ""reincarnation"", ""sequel"", ""battle"", ""brutality"", ""guide"", ""split personality"", ""marsh"", ""fantasy world"", ""wizard"", ""journey"", ""ring""]",2002-12-18,/5VTN0pR8gcqV3EPUHHfMGnJYN9L.jpg,8.414,23646,19.1112,en,2026-04-02T18:17:27.690533
122,The Lord of the Rings: The Return of the King,The Lord of the Rings: The Return of the King,"As armies mass for a final battle that will decide the fate of the world--and powerful, ancient forces of Light and Dark compete to determine the outcome--one member of the Fellowship of the Ring is revealed as the noble heir to the throne of the Kings of Men. Yet, the sole hope for triumph over evil lies with a brave hobbit, Frodo, who, accompanied by his loyal friend Sam and the hideous, wretched Gollum, ventures deep into the very dark heart of Mordor on his seemingly impossible quest to destroy the Ring of Power.​","[""Adventure"", ""Fantasy"", ""Action""]","[""Elijah Wood"", ""Ian McKellen"", ""Viggo Mortensen"", ""Sean Astin"", ""Andy Serkis"", ""Dominic Monaghan"", ""Billy Boyd"", ""John Noble""]","[""Peter Jackson""]","[""army"", ""based on novel or book"", ""elves"", ""dwarf"", ""magic"", ""kingdom"", ""obsession"", ""bravery"", ""castle"", ""volcano"", ""giant spider"", ""sequel"", ""honor"", ""king"", ""brutality"", ""madness"", ""split personality"", ""fantasy world"", ""wizard"", ""epic battle""]",2003-12-17,/rCzpDGLbOoPwLjy3OAm5NUPOTrC.jpg,8.495,26263,28.4883,en,2026-04-02T18:17:28.022660
1542261,Doraemon the Movie: New Nobita and the Castle of the Undersea Devil,映画ドラえもん 新・のび太の海底鬼岩城,"Nobita and friends finds a secret underwater castle packed with mysteries and riches. With Doraemon's high-tech gadgets, they dive into an ocean adventure mixing humor, teamwork, and imagination in a breathtaking aquatic world.","[""Animation"", ""Adventure"", ""Fantasy"", ""Family""]","[""Wasabi Mizuta"", ""Megumi Oohara"", ""Yumi Kakazu"", ""Subaru Kimura"", ""Tomokazu Seki"", ""Shoya Chiba"", ""Ryo Hirohashi""]","[""Tetsuo Yajima""]","[""gadget"", ""earthquake"", ""remake"", ""based on manga"", ""underwater"", ""anime"", ""underwater world"", ""underwater volcano eruption""]",2026-02-27,/mKkYq96Qf8duNWds7aBqzAXDpje.jpg,0.0,0,4.4844,ja,2026-04-02T18:17:28.412319
950396,The Gorge,The Gorge,"Two highly trained operatives grow close from a distance after being sent to guard opposite sides of a mysterious gorge. When an evil below emerges, they must work together to survive what lies within.","[""Romance"", ""Science Fiction"", ""Thriller""]","[""Miles Teller"", ""Anya Taylor-Joy"", ""Sigourney Weaver"", ""\u1e62\u1ecdp\u1eb9\u0301 D\u00ecr\u00eds\u00f9"", ""William Houston"", ""Kobna Holdbrook-Smith"", ""James Marlowe"", ""Julianna Kurokawa""]","[""Scott Derrickson""]","[""canyon"", ""fog"", ""romance"", ""tower"", ""elite sniper"", ""snipers"", ""long-term observation""]",2025-02-13,/7iMBZzVZtG0oBug4TfqDb9ZxAOa.jpg,7.6,3550,29.91,en,2026-04-02T18:17:28.909425
1292415,Beast,Beast,"After years away from the cage, a once-feared MMA champion is pulled back in for the fight of his life when his younger brother is put in danger. Reuniting with the trainer who once made him a legend, he commits to one final showdown against the reigning title-holder — a brutal fighter determined to dismantle the ex-champ's legacy in front of the world.","[""Action"", ""Drama""]","[""Daniel MacPherson"", ""Luke Hemsworth"", ""Russell Crowe"", ""Ricky Whittle"", ""Mojean Aria"", ""George Burgess"", ""Bren Foster"", ""Amy Shark""]","[""Tyler Atkins""]","[""mixed martial arts (mma)"", ""sports drama""]",2026-04-10,/oS3q77MLIO9sBV6xdsI2Rm6EpbI.jpg,0.0,0,2.3383,en,2026-04-02T18:17:29.312799
128,Princess Mononoke,もののけ姫,"Ashitaka, a prince of the disappearing Emishi people, is cursed by a demonized boar god and must journey to the west to find a cure. Along the way, he encounters San, a young human woman fighting to protect the forest, and Lady Eboshi, who is trying to destroy it. Ashitaka must find a way to bring balance to this conflict.","[""Adventure"", ""Fantasy"", ""Animation""]","[""Yoji Matsuda"", ""Yuriko Ishida"", ""Yuko Tanaka"", ""Kaoru Kobayashi"", ""Masahiko Nishimura"", ""Tsunehiko Kamij\u00f4"", ""Akihiro Miwa"", ""Mitsuko Mori""]","[""Hayao Miyazaki""]","[""friendship"", ""human vs nature"", ""wolf"", ""fight"", ""wild boar"", ""territory"", ""leprosy"", ""feral child"", ""decapitation"", ""rural area"", ""historical fiction"", ""spirit"", ""demon"", ""nature"", ""environmentalism"", ""adult animation"", ""deforestation"", ""anime"", ""industrialization"", ""fantasy""]",1997-07-12,/cMYCDADoLKLbB83g4WnJegaZimC.jpg,8.324,8874,16.3266,ja,2026-04-02T18:17:29.769124
129,Spirited Away,千と千尋の神隠し,"A young girl, Chihiro, becomes trapped in a strange new world of spirits. When her parents undergo a mysterious transformation, she must call upon the courage she never knew she had to free her family.","[""Animation"", ""Family"", ""Fantasy""]","[""Rumi Hiiragi"", ""Miyu Irino"", ""Mari Natsuki"", ""Takashi Naito"", ""Yasuko Sawaguchi"", ""Tatsuya Gash\u00fbin"", ""Ryunosuke Kamiki"", ""Yumi Tamai""]","[""Hayao Miyazaki""]","[""witch"", ""parent child relationship"", ""darkness"", ""bath house"", ""magic"", ""spirit"", ""parallel world"", ""amusement park"", ""youkai"", ""japanese mythology"", ""anime""]",2001-07-20,/39wmItIWsg5sZMyRUHLkWBcuVCM.jpg,8.533,18121,29.6812,ja,2026-04-02T18:17:30.144386
1290369,Megadoc,Megadoc,"Presenting a behind-the-scenes account of a visionary at work. From Oscar-nominated Mike Figgis, Megadoc gives audiences an unfiltered and intimate look at the making of Francis Ford Coppola’s epic sci-fi drama Megalopolis.","[""Documentary""]","[""Francis Ford Coppola"", ""Shia LaBeouf"", ""Aubrey Plaza"", ""Jon Voight"", ""Adam Driver"", ""Nathalie Emmanuel"", ""Giancarlo Esposito"", ""Chloe Fineman""]","[""Mike Figgis""]","[""behind the scenes"", ""making of"", ""documentary filmmaking"", ""celebrity interview"", ""testimony""]",2025-09-19,/yjiqwnvgst3ntm25L5heBHjqny9.jpg,6.9,6,1.7619,en,2026-04-02T18:17:30.533983
10376,The Legend of 1900,La leggenda del pianista sull'oceano,"Musician Max Tooney goes to sell his prized Conn trumpet to a music shop, where he plays the instrument one last time. The shopkeeper recognises the song as one on a record matrix he found and asks who the piece is by. Tooney tells the story of an infant found abandoned in the first class dining room of the four-stacker ocean-liner SS Virginian on 1 January 1900. Danny Boodman, a coal-man from the boiler room, names the boy Danny Boodman T. D. Lemon 1900, after himself, the fruit crate the boy was found in, and the year, and raises him as his own.","[""Drama"", ""Music""]","[""Tim Roth"", ""Pruitt Taylor Vince"", ""M\u00e9lanie Thierry"", ""Bill Nunn"", ""Gabriele Lavia"", ""Clarence Williams III"", ""Peter Vaughan"", ""Niall O'Brien""]","[""Giuseppe Tornatore""]","[""ship"", ""ocean"", ""musical"", ""ocean liner"", ""child prodigy"", ""pianist"", ""foundling""]",1998-10-28,/iOcbJ5pxokOPDRgieVDbsFMrCc6.jpg,8.239,2418,5.6047,it,2026-04-02T18:17:31.023784
872585,Oppenheimer,Oppenheimer,The story of J. Robert Oppenheimer's role in the development of the atomic bomb during World War II.,"[""Drama"", ""History""]","[""Cillian Murphy"", ""Emily Blunt"", ""Matt Damon"", ""Robert Downey Jr."", ""Florence Pugh"", ""Josh Hartnett"", ""Casey Affleck"", ""Rami Malek""]","[""Christopher Nolan""]","[""husband wife relationship"", ""based on novel or book"", ""atomic bomb"", ""patriotism"", ""new mexico"", ""world war ii"", ""atomic bomb test"", ""physics"", ""biography"", ""based on true story"", ""antisemitism"", ""interrogation"", ""guilt"", ""historical event"", ""nuclear weapons"", ""communism"", ""red scare"", ""mccarthyism"", ""top secret project"", ""moral dilemma""]",2023-07-19,/8Gxv8gSFCU0XGDykEGv7zR1n2ua.jpg,8.033,11545,22.9877,en,2026-04-02T18:17:31.433839
28808,Detective Conan: The Last Wizard of the Century,名探偵コナン 世紀末の魔術師,"Kaitou Kid dares to challenge the police once more, setting his sights on the Russian Imperial Easter Egg. With the date, time, and place, the Osaka police force scrambles to stop him. But this time, Kid may have bitten off more than he can chew—Conan Edogawa, Heiji Hattori, and numerous others are also trying to get their hands on the jeweled egg.","[""Adventure"", ""Animation"", ""Crime"", ""Drama"", ""Mystery""]","[""Minami Takayama"", ""Kappei Yamaguchi"", ""Wakana Yamazaki"", ""Akira Kamiya"", ""Chafurin"", ""Kaneto Shiozawa"", ""Wataru Takagi"", ""Unsho Ishizuka""]","[""Kenji Kodama""]","[""treasure"", ""detective"", ""thief"", ""fugitive"", ""gentleman thief"", ""gun shooting"", ""shounen"", ""anime"", ""phantom thief""]",1999-04-17,/q2v6JmGMVQR0UhUirXuuzXUcAnN.jpg,7.304,194,4.8366,ja,2026-04-02T18:17:32.011862
936075,Michael,Michael,"Discover the story of Michael Jackson, one of the most influential artists the world has ever known, and his life beyond the music, tracing his journey from the discovery of his extraordinary talent as the lead of the Jackson Five, to the visionary artist whose creative ambition fueled a relentless pursuit to become the biggest entertainer in the world, highlighting both his life off-stage and some of the most iconic performances from his early solo career.","[""Music"", ""Drama"", ""History""]","[""Jaafar Jackson"", ""Colman Domingo"", ""Nia Long"", ""Kendrick Sampson"", ""Miles Teller"", ""Juliano Krue Valdi"", ""Joseph David-Jones"", ""Jamal Henderson""]","[""Antoine Fuqua""]","[""biography"", ""singer"", ""fame"", ""music history"", ""music"", ""joyful"", ""jackson 5"", ""michael jackson"", ""biopic""]",2026-04-22,/3Qud19bBUrrJAzy0Ilm8gRJlJXP.jpg,0.0,0,16.8379,en,2026-04-02T18:17:32.320535
620683,My Mom Is a Character 3,Minha Mãe é uma Peça 3: O Filme,Dona Hermínia will have to rediscover and reinvent herself because her children are forming new families. This supermom will have to deal with a new life scenario: Marcelina is pregnant and Juliano is getting married.,"[""Comedy""]","[""Paulo Gustavo"", ""Mariana Xavier"", ""Rodrigo Pandolfo"", ""Herson Capri"", ""Samantha Schm\u00fctz"", ""Alexandra Richter"", ""Patr\u00edcya Travassos"", ""Malu Valle""]","[""Susana Garcia""]",[],2019-12-26,/zw77BFPGJ73Lig8GwRzYj1XHq53.jpg,8.2,493,0.3682,pt,2026-04-02T18:17:32.855164
1419406,The Shadow's Edge,捕风追影,Macau Police brings the tracking expert police officer out of retirement to help catch a dangerous group of professional thieves.,"[""Action"", ""Crime"", ""Drama"", ""Thriller""]","[""Jackie Chan"", ""Zhang Zifeng"", ""Tony Leung Ka-fai"", ""Ci Sha"", ""Jun"", ""Zhou Zhengjie"", ""Wang Ziyi"", ""Lang Yueting""]","[""Larry Yang""]",[],2025-08-16,/e0RU6KpdnrqFxDKlI3NOqN8nHL6.jpg,7.2,528,73.5671,zh,2026-04-02T18:17:33.173588
307344,Shivam,శివమ్,"A fearless young man with a knack for helping couples elope finds himself on the run when a powerful gangster targets him, leading to a high-stakes chase where his own love life is the ultimate prize.","[""Action"", ""Comedy"", ""Romance""]","[""Ram Pothineni"", ""Raashii Khanna"", ""Abhimanyu Singh"", ""Brahmanandam"", ""Jayaprakash Reddy"", ""Vineet Kumar"", ""Saptagiri"", ""Naresh""]","[""Sreenivasa Reddy""]",[],2015-10-02,/ulChVthJVkvmqVbiHlnCFZ8yjBp.jpg,4.8,8,6.7693,te,2026-04-02T18:17:33.655480
473234,Arjun Reddy,అర్జున్ రెడ్డి,"A brilliant but impulsive young surgeon spirals into self-destruction after a painful breakup, struggling to cope with love, loss, and the consequences of his own temper.","[""Drama"", ""Romance""]","[""Vijay Deverakonda"", ""Shalini Pandey"", ""Rahul Ramakrishna"", ""Kamal Kamaraju"", ""Kanchana"", ""Sanjay Swaroop"", ""Gopinath Bhat"", ""Priyadarshi Pullikonda""]","[""Sandeep Reddy Vanga""]","[""depression"", ""self-destruction"", ""drug addiction"", ""break-up"", ""alcoholic"", ""impulsive"", ""mentally unstable""]",2017-08-25,/kHubDgL59I5hCn7ccBYvU7bKY1r.jpg,6.983,117,1.5438,te,2026-04-02T18:17:34.010213
1054867,One Battle After Another,One Battle After Another,"Washed-up revolutionary Bob exists in a state of stoned paranoia, surviving off-grid with his spirited, self-reliant daughter, Willa. When his evil nemesis resurfaces after 16 years and she goes missing, the former radical scrambles to find her, father and daughter both battling the consequences of his past.","[""Thriller"", ""Crime"", ""Comedy""]","[""Leonardo DiCaprio"", ""Sean Penn"", ""Chase Infiniti"", ""Benicio del Toro"", ""Regina Hall"", ""Teyana Taylor"", ""Wood Harris"", ""Tony Goldwyn""]","[""Paul Thomas Anderson""]","[""rebellion"", ""based on novel or book"", ""resistance"", ""usa\u2013mexico border"", ""riot"", ""interracial relationship"", ""on the run"", ""xenophobia"", ""aftercreditsstinger"", ""missing daughter"", ""white supremacy"", ""anti-fascism"", ""father daughter relationship"", ""revolutionaries"", ""african american"", ""anti-racism"", ""immigration detention center""]",2025-09-23,/lbBWwxBht4JFP5PsuJ5onpMqugW.jpg,7.381,3362,45.7083,en,2026-04-02T18:17:34.427563
149,Akira,AKIRA,A secret military project endangers Neo-Tokyo when it turns a biker gang member into a rampaging psychic psychopath that only two teenagers and a group of psychics can stop.,"[""Animation"", ""Science Fiction"", ""Action""]","[""Mitsuo Iwata"", ""Nozomu Sasaki"", ""Mami Koyama"", ""Taro Ishida"", ""Mizuho Suzuki"", ""Tessyo Genda"", ""Koichi Kitamura"", ""Yuriko Fuchizaki""]","[""Katsuhiro Otomo""]","[""army"", ""street gang"", ""saving the world"", ""total destruction"", ""experiment"", ""general"", ""megacity"", ""atomic bomb"", ""stadium"", ""underground"", ""mutation"", ""dystopia"", ""cyberpunk"", ""based on manga"", ""motorcycle gang"", ""adult animation"", ""psychotronic"", ""anime"", ""2010s"", ""vibrant""]",1988-06-10,/neZ0ykEsPqxamsX6o5QNUFILQrz.jpg,7.945,4694,9.9648,ja,2026-04-02T18:17:34.780588
106646,The Wolf of Wall Street,The Wolf of Wall Street,"A New York stockbroker refuses to cooperate in a large securities fraud case involving corruption on Wall Street, corporate banking world and mob infiltration. Based on Jordan Belfort's autobiography.","[""Crime"", ""Drama"", ""Comedy""]","[""Leonardo DiCaprio"", ""Jonah Hill"", ""Margot Robbie"", ""Matthew McConaughey"", ""Kyle Chandler"", ""Rob Reiner"", ""Jon Bernthal"", ""Jon Favreau""]","[""Martin Scorsese""]","[""corruption"", ""based on novel or book"", ""drug addiction"", ""anti hero"", ""con man"", ""fraud"", ""wall street"", ""biography"", ""based on true story"", ""rise and fall"", ""con artist"", ""money"", ""stockbroker"", ""wealthy"", ""drugs"", ""cynical"", ""stripping"", ""hedonism"", ""decadence"", ""corrupt""]",2013-12-25,/kW9LmvYHAaS9iA0tHmZVq8hQYoq.jpg,8.027,25672,27.8597,en,2026-04-02T18:17:35.291478
155,The Dark Knight,The Dark Knight,"Batman raises the stakes in his war on crime. With the help of Lt. Jim Gordon and District Attorney Harvey Dent, Batman sets out to dismantle the remaining criminal organizations that plague the streets. The partnership proves to be effective, but they soon find themselves prey to a reign of chaos unleashed by a rising criminal mastermind known to the terrified citizens of Gotham as the Joker.","[""Action"", ""Crime"", ""Thriller""]","[""Christian Bale"", ""Heath Ledger"", ""Aaron Eckhart"", ""Michael Caine"", ""Maggie Gyllenhaal"", ""Gary Oldman"", ""Morgan Freeman"", ""Monique Gabriela Curnen""]","[""Christopher Nolan""]","[""sadism"", ""chaos"", ""secret identity"", ""crime fighter"", ""superhero"", ""anti hero"", ""scarecrow"", ""based on comic"", ""vigilante"", ""organized crime"", ""tragic hero"", ""anti villain"", ""criminal mastermind"", ""district attorney"", ""super power"", ""super villain"", ""neo-noir"", ""bold""]",2008-07-16,/qJ2tW6WMUDux911r6m7haRef0WH.jpg,8.528,35410,37.5116,en,2026-04-02T18:17:35.668875
92321,Hotarubi no Mori e,蛍火の杜へ,"One hot summer day a little girl gets lost in an enchanted forest of the mountain god where spirits reside. A young boy appears before her, but she cannot touch him for fear of making him disappear. And so a wondrous adventure awaits...","[""Romance"", ""Animation"", ""Fantasy""]","[""Izumi Sawada"", ""Hayato Taya"", ""Ayane Sakura"", ""Koki Uchiyama"", ""Shinpachi Tsuji"", ""Kanehira Yamamoto"", ""Masanori Machida"", ""Mami Uchida""]","[""Takahiro Omori""]","[""supernatural"", ""slice of life"", ""based on manga"", ""spirit"", ""folklore"", ""shoujo"", ""japanese mythology"", ""anime"", ""loving""]",2011-09-17,/mDqzHV8UXWWNpZkoAbKmKX1ZxEE.jpg,8.252,1206,0.007,ja,2026-04-02T18:17:36.141556
927909,The Warriorr,ది వారియర్,"A young, naïve and idealistic Satya moves to Kurnool in hopes of a bright future. Discontent with how the city remains in the grip of a gangster, he decides to change the ‘treatment’ for the ‘disease’.","[""Action"", ""Drama""]","[""Ram Pothineni"", ""Aadhi Pinisetty"", ""Krithi Shetty"", ""Nadhiya"", ""Jayaprakash"", ""Akshara Gowda"", ""Brahmaji"", ""Raaghavan Murugan""]","[""N. Linguswamy""]",[],2022-07-14,/s2tP3R39ZWo8CN90GuBTMvmXiBW.jpg,4.9,13,1.2987,te,2026-04-02T18:17:36.577065
938150,Wardriver,Wardriver,"He’s a Wardriver: a hacker who steals from banks, not people—until he’s noticed. Now the money turns violent, and the woman caught in it could save him or kill them both.","[""Crime"", ""Thriller""]","[""Dane DeHaan"", ""Sasha Calle"", ""Mamoudou Athie"", ""Jeffrey Donovan"", ""William Belleau"", ""Luz Ozuna""]","[""Rebecca Thomas""]",[],2026-03-04,/ipTXhWCJgeg5RN0CpmFZYDzOzQi.jpg,6.8,9,16.3998,en,2026-04-02T18:17:36.876089
376998,Nenu.. Sailaja...,నేను శైలజ,"Hari (Ram), a DJ in Vizag, proposes to many girls none of them accept his love. One day he sees a beautiful girl Sailaja (Keerthi Suresh) and also impresses her but doesn't propose to her fearing that he would be rejected. Hari spends some good times with Sailaja and right when he proposes his love, she rejects him point blank. An upset Ravi continues with his life and as time passes by, he gets a huge clue which could help him getting back his love.","[""Comedy"", ""Romance""]","[""Ram Pothineni"", ""Keerthy Suresh"", ""Sathyaraj"", ""Naresh"", ""Pradeep Ram Singh Rawat"", ""Rohini"", ""Dhanya Balakrishna"", ""Vijayakumar""]","[""Kishore Tirumala""]","[""family drama""]",2016-01-01,/buQQUkoBTjt3nJftJLh8WqQ5cfX.jpg,6.3,20,1.2613,te,2026-04-02T18:17:37.182299
807079,Mosagallu,మోసగాళ్ళు,"Arjun and Anu are fraternal twins who manage to run a scam in the US from India via a call center. With police officer Kumar hot on their heels, will they manage to escape the system?","[""Crime"", ""Thriller""]","[""Vishnu Manchu"", ""Kajal Aggarwal"", ""Suniel Shetty"", ""Venkatesh"", ""Navdeep"", ""Naveen Chandra"", ""Mahima Makwana"", ""Nagineedu Vellanki""]","[""Jeffrey Gee Chin""]","[""scam"", ""scam call center""]",2021-03-19,/dgtYU0HwzlEa43us5JB1SemSzZW.jpg,4.7,7,1.0888,te,2026-04-02T18:17:37.595867
374954,Sarrainodu,సరైనోడు,"Ghana, a jobless young man who left military to bring justice to the society, whiling away timing beating up goons. Life takes a turn when he brushes the shady Vairam Dhanush the wrong way.","[""Action"", ""Drama""]","[""Allu Arjun"", ""Rakul Preet Singh"", ""Aadhi Pinisetty"", ""Catherine Tresa"", ""Srikanth"", ""Jayaprakash"", ""Jayaprakash Reddy"", ""Vidyullekha Raman""]","[""Boyapati Srinu""]","[""corrupt politician"", ""ex soldier"", ""landgrabbing""]",2016-04-08,/dYOlnzv8LmirzwtbXTU4ROGIebv.jpg,6.278,45,1.9946,te,2026-04-02T18:17:37.900351
1290417,Thrash,Thrash,"When a Category 5 hurricane decimates a coastal town, the storm surge brings devastation, chaos and something far more frightening: hungry sharks.","[""Thriller""]","[""Phoebe Dynevor"", ""Whitney Peak"", ""Djimon Hounsou"", ""Gemma Dart"", ""Alyla Browne"", ""Amy Mathews"", ""Elijah Ungvary"", ""Sami Afuni""]","[""Tommy Wirkola""]","[""shark attack""]",2026-04-10,/adk8weka3O5648g3de4z3y4aE7G.jpg,0.0,0,5.201,en,2026-04-02T18:17:38.334444
185,A Clockwork Orange,A Clockwork Orange,"In a near-future Britain, young Alexander DeLarge and his pals get their kicks beating and raping anyone they please. When not destroying the lives of others, Alex swoons to the music of Beethoven. The state, eager to crack down on juvenile crime, gives an incarcerated Alex the option to undergo an invasive procedure that'll rob him of all personal agency. In a time when conscience is a commodity, can Alex change his tune?","[""Science Fiction"", ""Crime""]","[""Malcolm McDowell"", ""Patrick Magee"", ""Carl Duering"", ""Michael Bates"", ""Warren Clarke"", ""James Marcus"", ""Michael Tarn"", ""Miriam Karlin""]","[""Stanley Kubrick""]","[""london, england"", ""robbery"", ""street gang"", ""great britain"", ""based on novel or book"", ""nihilism"", ""parent child relationship"", ""society"", ""sexuality"", ""social worker"", ""psychopath"", ""dystopia"", ""dark comedy"", ""satire"", ""beating"", ""juvenile delinquent"", ""home invasion"", ""sex crime"", ""futuristic society"", ""philosophical""]",1971-10-28,/4sHeTAp65WrSSuc05nRBKddhBxO.jpg,8.178,13700,9.5393,en,2026-04-02T18:17:38.829045
1439930,The Punisher: One Last Kill,The Punisher: One Last Kill,"As Frank Castle searches for meaning beyond revenge, an unexpected force pulls him back into the fight.","[""Action"", ""Crime"", ""Drama""]","[""Jon Bernthal"", ""Jason R. Moore"", ""Roe Rancell"", ""Mila Jaymes""]","[""Reinaldo Marcus Green""]","[""based on comic"", ""marvel cinematic universe (mcu)""]",2026-05-12,/aM4L8vrhtoL0sUwXEre56MqiEEO.jpg,0.0,0,3.9625,en,2026-04-02T18:17:39.520570
755898,War of the Worlds,War of the Worlds,"Will Radford is a top analyst for Homeland Security who tracks potential threats through a mass surveillance program, until one day an attack by an unknown entity leads him to question whether the government is hiding something from him... and from the rest of the world.","[""Science Fiction"", ""Thriller""]","[""Ice Cube"", ""Eva Longoria"", ""Clark Gregg"", ""Iman Benson"", ""Henry Hunter Hall"", ""Devon Bostick"", ""Andrea Savage"", ""Nicole Pulliam""]","[""Rich Lee""]","[""government"", ""attack"", ""privacy"", ""surveillance"", ""cybersecurity"", ""district"", ""online privacy"", ""screenlife"", ""war""]",2025-07-29,/yvirUYrva23IudARHn3mMGVxWqM.jpg,4.146,945,83.1234,en,2026-04-02T18:17:40.226653
12477,Grave of the Fireflies,火垂るの墓,"In the final months of World War II, 14-year-old Seita and his sister Setsuko are orphaned when their mother is killed during an air raid in Kobe, Japan. After a falling out with their aunt, they move into an abandoned bomb shelter. With no surviving relatives and their emergency rations depleted, Seita and Setsuko struggle to survive.","[""Animation"", ""Drama"", ""War""]","[""Tsutomu Tatsumi"", ""Ayano Shiraishi"", ""Yoshiko Shinohara"", ""Akemi Yamaguchi"", ""Masayo Sakai"", ""Kozo Hashida"", ""Kazumi Nozaki"", ""Yoshio Matsuoka""]","[""Isao Takahata""]","[""sibling relationship"", ""hunger"", ""world war ii"", ""wartime"", ""shelter"", ""struggle for survival"", ""pacific theater"", ""adult animation"", ""semi autobiographical"", ""anti war"", ""anime"", ""grim"", ""orphan siblings"", ""children in wartime"", ""depressing""]",1988-04-16,/k9tv1rXZbOhH7eiCk378x61kNQ1.jpg,8.445,6437,0.0122,ja,2026-04-02T18:17:40.683460
1290432,A Private Life,Vie privée,"When renowned psychiatrist Lilian Steiner learns of the sudden death of a patient, she suspects murder. She mounts a private investigation, enlisting an odd assortment of quirky characters.","[""Drama"", ""Mystery"", ""Crime""]","[""Jodie Foster"", ""Daniel Auteuil"", ""Virginie Efira"", ""Mathieu Amalric"", ""Vincent Lacoste"", ""Lu\u00e0na Bajrami"", ""Noam Morgensztern"", ""Sophie Guillemin""]","[""Rebecca Zlotowski""]","[""suicide"", ""paranoia"", ""suspicion of murder"", ""private investigator"", ""psychiatrist""]",2025-09-27,/grozteYTaspY4xaJRt3nw4zMtTs.jpg,5.7,119,4.5784,fr,2026-04-02T18:17:41.120799
1646787,Sundutan,Sundutan,"A hole on the wall accidentally connects two women emotionally and physically. Forbidden love, greed, betrayal... what lies beyond the hole? And for how long can they keep covering it up?","[""Drama""]","[""Allison Ross"", ""Jade Esguerra"", ""Mark Dionisio"", ""Zia Zamora"", ""Primo Angeles""]","[""Rodante Pajemna Jr.""]","[""sexy""]",2026-03-06,/2neZgVuY7prWIak5hhNKT53Hk0N.jpg,4.0,1,67.4456,tl,2026-04-02T18:17:41.498030
14537,Harakiri,切腹,"Down-on-his-luck veteran Tsugumo Hanshirō enters the courtyard of the prosperous House of Iyi. Unemployed, and with no family, he hopes to find a place to commit seppuku—and a worthy second to deliver the coup de grâce in his suicide ritual. The senior counselor for the Iyi clan questions the ronin’s resolve and integrity, suspecting Hanshirō of seeking charity rather than an honorable end. What follows is a pair of interlocking stories which lay bare the difference between honor and respect, and promises to examine the legendary foundations of the Samurai code.","[""Action"", ""Drama"", ""History""]","[""Tatsuya Nakadai"", ""Akira Ishihama"", ""Shima Iwashita"", ""Tetsuro Tamba"", ""Masao Mishima"", ""Ichir\u014d Nakatani"", ""Kei Sat\u014d"", ""Yoshio Inaba""]","[""Masaki Kobayashi""]","[""suicide"", ""japan"", ""samurai"", ""asia"", ""flashback"", ""revenge"", ""poverty"", ""black and white"", ""seppuku"", ""ronin"", ""jidaigeki"", ""edo period"", ""17th century"", ""shogunate"", ""bushi"", ""bakumatsu"", ""distressing"", ""excited""]",1962-09-15,/3nPwMd3KviJWaHzG9fZCqlwWMas.jpg,8.435,1180,16.7984,ja,2026-04-02T18:17:41.895780
520393,Taxiwala,టాక్సీవాలా,"A job monger, Shiva who ends up as a taxiwala only to realise his ride is a beyond what anyone can expect.","[""Thriller"", ""Comedy"", ""Horror""]","[""Vijay Deverakonda"", ""Priyanka Jawalkar"", ""Malavika Nair"", ""Ravi Prakash"", ""Uttej"", ""Madhunandan"", ""Chammak Chandra"", ""Ravi Varma""]","[""Rahul Sankrityan""]",[],2018-06-01,/22nSwWSQ0sgo9gJxjWaGRlIJ0Mc.jpg,5.9,30,1.0009,te,2026-04-02T18:17:42.354294
12493,High and Low,天国と地獄,A Yokohama shoe executive faces a wrenching choice when kidnappers mistakenly seize his chauffeur’s son but demand the ransom anyway.,"[""Drama"", ""Crime"", ""Thriller""]","[""Toshir\u014d Mifune"", ""Tatsuya Nakadai"", ""Ky\u014dko Kagawa"", ""Tatsuya Mihashi"", ""Isao Kimura"", ""Kenjir\u014d Ishiyama"", ""Takeshi Kat\u014d"", ""Takashi Shimura""]","[""Akira Kurosawa""]","[""chauffeur"", ""police"", ""ransom"", ""manager"", ""kidnapping"", ""blackmail"", ""heroin"", ""film noir"", ""black and white"", ""shoe"", ""criminal investigation"", ""japanese noir"", ""anxious"", ""yokohama"", ""sh\u014dwa era (1926-89)"", ""sequestro"", ""audacious"", ""cruel"", ""japanese society""]",1963-03-01,/tgNjemQPG96uIezpiUiXFcer5ga.jpg,8.35,1103,7.8004,ja,2026-04-02T18:17:42.714833
207,Dead Poets Society,Dead Poets Society,"At an elite, old-fashioned boarding school in New England, a passionate English teacher inspires his students to rebel against convention and seize the potential of every day, courting the disdain of the stern headmaster.","[""Drama""]","[""Robin Williams"", ""Robert Sean Leonard"", ""Ethan Hawke"", ""Josh Charles"", ""Gale Hansen"", ""Dylan Kussman"", ""Allelon Ruggiero"", ""James Waterston""]","[""Peter Weir""]","[""individual"", ""friendship"", ""philosophy"", ""poetry"", ""literature"", ""professor"", ""based on true story"", ""coming of age"", ""teacher"", ""school play"", ""new england"", ""vermont"", ""schoolteacher"", ""preparatory school"", ""angry"", ""1950s"", ""somber"", ""playful"", ""teenager"", ""arrogant""]",1989-06-02,/l5NbiHKUmahlAT3Q1ig8Tyl9xrc.jpg,8.301,12417,13.4887,en,2026-04-02T18:17:43.230616
215248,Yevadu,ఎవడు,"Satya is given a different face after he suffers burn-related injuries. After being released from the hospital, he deals with the murderer of his lover Deepti. But his new face has given him new foes.","[""Action"", ""Thriller""]","[""Ram Charan"", ""Sai Kumar"", ""Jayasudha"", ""Shruti Haasan"", ""Amy Jackson"", ""Allu Arjun"", ""Kajal Aggarwal"", ""Brahmanandam""]","[""Vamshi Paidipally""]",[],2014-01-12,/zU68BHsIPHqhFRXwI3qnT4rnlAN.jpg,6.119,63,1.9332,te,2026-04-02T18:17:43.634028
1290450,Love Me Tender,Love Me Tender,"At the end of summer, Clémence tells her ex-husband that she’s had relationships with women. Her life is turned upside down when he files to strip her of their son’s custody. Then begins a struggle of several years for Clémence to defend her right to be a mother and a woman – free to make her own choices.","[""Drama"", ""History""]","[""Vicky Krieps"", ""Antoine Reinartz"", ""Monia Chokri"", ""Viggo Ferreira Redier"", ""Aur\u00e9lia Petit"", ""Park Ji-min"", ""Salif Ciss\u00e9"", ""Julien de Saint Jean""]","[""Anna Cazenave Cambet""]","[""female homosexuality"", ""lgtbq"", ""festival ch\u00e9ries ch\u00e9ris""]",2025-12-10,/qymNsU3zqP0ITqxws2vJhgJOwdt.jpg,6.8,9,3.3049,fr,2026-04-02T18:17:44.146025
1652947,Tuklas,Tuklas,"The first Bisaya VMX Original stars true-blooded Bisaya Skye Gonzaga. When IT officer Chris Alvarado uncovers a financial scandal at work, he faces a moral dilemma: exposing the truth or giving in to Anna, a seductive sales manager promising success and intimacy.","[""Drama""]","[""Skye Gonzaga"", ""Chino Villaluna"", ""Denzel Cruza"", ""Keesha Falcon"", ""Alexa Armecin""]",[],"[""sexy""]",2026-03-20,/pJiNDWSEguOY8m5x2vbgnl9DPme.jpg,7.0,2,27.6081,tl,2026-04-02T18:17:44.553853
1528021,Panor 2,พนอ 2,"After Panor renounces the power of the Three-Eyed God, her life is reset — her memory wiped clean. She begins a new chapter, living her dream of studying at a teacher's college, with Piak quietly watching over and helping her from afar.","[""Horror"", ""Thriller""]","[""Cherprang Areekul"", ""Jackrin Kungwankiatichai"", ""Pimmada Chaisaksoen"", ""Chinawut Indracusin"", ""Suriwatsa Vivatvanit"", ""Siwat Jumlongkul"", ""Katsamonnat Namwirote"", ""Pornnapa Jungtrongsak""]","[""Putipong Saisikaew""]",[],2026-01-15,/du6XOg3cd6SlRBQ1fxZDKpgavW0.jpg,2.333,3,2.3453,th,2026-04-02T18:17:45.085273
1124566,Sentimental Value,Affeksjonsverdi,"Sisters Nora and Agnes reunite with their estranged father, the charismatic Gustav, a once-renowned director who offers stage actress Nora a role in what he hopes will be his comeback film. When Nora turns it down, she soon discovers he has given her part to an eager young Hollywood star.","[""Drama""]","[""Renate Reinsve"", ""Stellan Skarsg\u00e5rd"", ""Inga Ibsdotter Lilleaas"", ""Elle Fanning"", ""Anders Danielsen Lie"", ""Jesper Christensen"", ""Lena Endre"", ""Cory Michael Smith""]","[""Joachim Trier""]","[""dysfunctional family"", ""filmmaking"", ""generational"", ""oslo, norway"", ""thoughtful"", ""complex"", ""father daughter relationship"", ""sister sister relationship"", ""memories"", ""actress""]",2025-08-20,/pz9NCWxxOk3o0W3v1Zkhawrwb4i.jpg,7.5,782,18.0525,no,2026-04-02T18:17:45.687904
1337562,Splitsville,Splitsville,"After Ashley asks for a divorce, good-natured Carey runs to his friends, Julie and Paul, for support. He’s shocked to discover that the secret to their happiness is an open marriage, that is until Carey crosses the line and throws all of their relationships into chaos.","[""Comedy"", ""Romance""]","[""Kyle Marvin"", ""Michael Angelo Covino"", ""Dakota Johnson"", ""Adria Arjona"", ""Nicholas Braun"", ""David Casta\u00f1eda"", ""O-T Fagbenle"", ""Charlie Gillespie""]","[""Michael Angelo Covino""]","[""fish"", ""pottery"", ""fraud"", ""birthday party"", ""open relationship"", ""car accident"", ""break-up"", ""divorce"", ""admiring"", ""approving"", ""baffled"", ""brisk"", ""celebratory""]",2025-08-21,/gxCv6kUdywxYzIXX6xYcmX5APUV.jpg,6.33,185,4.7358,en,2026-04-02T18:17:46.153712
1321179,The King's Warden,왕과 사는 남자,"In a remote mountain village of 15th-century Joseon, humble headman Heung-do hears a rumor that any village hosting an exiled nobleman will be blessed with abundance and fortune. Hoping to bring prosperity to his impoverished community, he eagerly submits a petition to host one—unaware that his guest is none other than the fallen monarch, deposed boy-king Danjong.","[""History"", ""Drama""]","[""Yoo Hai-jin"", ""Park Ji-hoon"", ""Yoo Ji-tae"", ""Jeon Mi-do"", ""Kim Min"", ""Park Ji-hwan"", ""Lee Jun-hyuk"", ""Ahn Jae-hong""]","[""Chang Hang-jun""]","[""coup d'etat"", ""exile"", ""based on true story"", ""king"", ""period drama"", ""middle ages (476-1453)"", ""historical drama"", ""depose"", ""nobleman"", ""15th century"", ""joseon dynasty (1392\u20131910)"", ""based on real person"", ""the gyeyu rebellion""]",2026-02-04,/3CnVA1jAA64Q3qNVAW8DekCu19b.jpg,7.5,6,13.7467,ko,2026-04-02T18:17:46.637600
1214684,Kiss of the Spider Woman,Kiss of the Spider Woman,"Valentín, a political prisoner, shares a cell with Molina, a window dresser convicted of public indecency. The two form an unlikely bond as Molina recounts the plot of a Hollywood musical starring his favorite silver screen diva, Ingrid Luna.","[""Romance"", ""Music"", ""Drama"", ""Thriller""]","[""Diego Luna"", ""Tonatiuh"", ""Jennifer Lopez"", ""Bruno Bichir"", ""Josefina Scaglione"", ""Aline Mayagoitia"", ""Driton 'Tony' Dovolani"", ""Lucila Gandolfo""]","[""Bill Condon""]","[""prison"", ""based on novel or book"", ""politics"", ""homophobia"", ""male friendship"", ""musical"", ""based on play or musical"", ""male homosexuality"", ""argentina"", ""torture"", ""informant"", ""fantasy sequence"", ""revolutionary"", ""lgbt"", ""political corruption"", ""non conformity"", ""dirty war"", ""window dresser"", ""political prisoner"", ""1980s""]",2025-10-09,/c8zDeDq0Uatjly6Fh4ycmWuoLYy.jpg,5.9,57,2.4841,en,2026-04-02T18:17:47.125311
1456349,It Was Just an Accident,Un simple accident,An unassuming mechanic is reminded of his time in an Iranian prison when he encounters a man he suspects to be his sadistic jailhouse captor.,"[""Drama"", ""Thriller"", ""Crime"", ""Mystery""]","[""Vahid Mobasseri"", ""Mariam Afshari"", ""Ebrahim Azizi"", ""Hadis Pakbaten"", ""Majid Panahi"", ""Mohamad Ali Elyasmehr"", ""George Hashemzadeh"", ""Delmaz Najafi""]","[""Jafar Panahi""]","[""revenge"", ""iran"", ""shocking"", ""political prisoner""]",2025-10-01,/eNYGj2DG3n8OrVPTfYunpPW9uas.jpg,7.2,493,8.1615,fr,2026-04-02T18:17:47.469118
1630433,The Red Line,เส้นตาย สายลวง,"Three women fall prey to a ruthless phone scam. To settle the score, they'll take on the criminal network that stole their money — and their dignity.","[""Thriller"", ""Crime"", ""Drama""]","[""Nittha Jirayungyurn"", ""Esther Supreeleela"", ""Chutima Maholakul"", ""Todsapol Maisuk"", ""Tonhon Tantivejakul"", ""Paowalee Pornpimol"", ""Akarat Nimitchai"", ""Nuttanan Kunpat""]","[""Sitisiri Mongkolsiri""]",[],2026-03-22,/q3ROA6OqVA9rWSsC2DzdkPQvxWW.jpg,6.7,33,67.9315,th,2026-04-02T18:17:47.847891
501987,Bharat Ane Nenu,భరత్ అనే నేను,"Bharat, a graduate from Oxford, is forced to take up his father's position as the chief minister after his sudden demise. He is not happy with the way government is functioning in the state and tries to reform the corrupt society but faces obstacles from his enemies.","[""Drama"", ""Action""]","[""Mahesh Babu"", ""Kiara Advani"", ""Prakash Raj"", ""R. Sarathkumar"", ""Aamani"", ""Devaraj"", ""Sithara"", ""Posani Krishna Murali""]","[""Koratala Siva""]","[""new love"", ""corruption"", ""politics"", ""political activism"", ""class differences"", ""election"", ""political intrigue\u00a0"", ""death of parent"", ""integrity"", ""social change"", ""family legacy"", ""youth"", ""political drama"", ""loss of parent"", ""social responsibility"", ""leadership"", ""romantic"", ""political heir""]",2018-04-20,/a0hFV8G0ofyPgPEjVcYrueuxFex.jpg,6.5,68,1.2834,te,2026-04-02T18:17:48.247481
1448170,CHAMPION,ఛాంపియన్,"An aspiring football star desperately seeks a way to travel to England to play for a famous team, but his journey leads him to a village waging a bloody conflict.","[""History"", ""Drama""]","[""Roshan Meka"", ""Anaswara Rajan"", ""Nandamuri Kalyana Chakravarthy"", ""Santhosh Prathap"", ""Kay Kay Menon"", ""Murali Sharma"", ""Ranvir Shorey"", ""Hyper Adhi""]","[""Pradeep Advaitham""]","[""sports drama"", ""football""]",2025-12-25,/mC8s4ZUt1bTAL3OAlZGSSEs3Ieo.jpg,6.8,6,2.4421,te,2026-04-02T18:17:48.562696
235,Stand by Me,Stand by Me,"After learning that a boy their age has been accidentally killed near their rural homes, four boys decide to go see the body. Gordie, Vern, Chris, and Teddy encounter a mean junk man and a marsh full of leeches, but they also learn more about one another and their very different home lives. Just a lark at first, the boys' adventure evolves into a defining event in their lives.","[""Crime"", ""Drama""]","[""Wil Wheaton"", ""River Phoenix"", ""Corey Feldman"", ""Jerry O'Connell"", ""Kiefer Sutherland"", ""Casey Siemaszko"", ""Gary Riley"", ""Bradley Gregg""]","[""Rob Reiner""]","[""friendship"", ""based on novel or book"", ""leech"", ""bullying"", ""road trip"", ""oregon, usa"", ""coming of age"", ""railroad track"", ""story within the story"", ""flipping coin"", ""campfire story"", ""pie eating"", ""told in flashback"", ""kids"", ""1950s"", ""boys"", ""coin toss"", ""faithful adaptation"", ""familiar""]",1986-08-08,/vz0w9BSehcqjDcJOjRaCk7fgJe7.jpg,7.841,6430,10.8902,en,2026-04-02T18:17:49.002188
137452,Neninthe,నేనింతే,"Ravi is an assistant director who dreams of making his own film, but producers are hesitant. Meanwhile, he falls in love with dancer Sandhya, an aspiring heroine with struggles of her own.","[""Action"", ""Drama""]","[""Ravi Teja"", ""Siya Gautham"", ""Subbaraju"", ""Sayaji Shinde"", ""Supreet"", ""Brahmanandam"", ""Rama Prabha"", ""Satyam Rajesh""]","[""Puri Jagannadh""]",[],2008-12-18,/x2HnxPPoyNnSDi9p3ZaTC9ejlOn.jpg,6.6,9,1.1634,te,2026-04-02T18:17:49.495611
238,The Godfather,The Godfather,"Spanning the years 1945 to 1955, a chronicle of the fictional Italian-American Corleone crime family. When organized crime family patriarch, Vito Corleone barely survives an attempt on his life, his youngest son, Michael steps in to take care of the would-be killers, launching a campaign of bloody revenge.","[""Drama"", ""Crime""]","[""Marlon Brando"", ""Al Pacino"", ""James Caan"", ""Robert Duvall"", ""Richard S. Castellano"", ""Diane Keaton"", ""Talia Shire"", ""Gianni Russo""]","[""Francis Ford Coppola""]","[""based on novel or book"", ""loss of loved one"", ""love at first sight"", ""italy"", ""gangster"", ""symbolism"", ""patriarch"", ""europe"", ""organized crime"", ""mafia"", ""religion"", ""revenge motive"", ""crime family"", ""sicilian mafia"", ""religious hypocrisy"", ""gun violence"", ""rise to power"", ""gang violence"", ""1940s"", ""1950s""]",1972-03-14,/3bhkrj58Vtu7enYsRolD1fZdja1.jpg,8.687,22677,30.4707,en,2026-04-02T18:17:49.886938
71918,King,కింగ్,"After Coimbatore-based Ravichandra Verma passes away, his young son, Raja, assumes the responsibility of running the family business as well as ensuring that his brother, Ajay, gets a good education - much to the chagrin of three of his uncles. Years later, while on a trip to Uttaranchal, despite of warnings from a Pandit, he gets killed by a female assassin, but his family is informed that he is missing. Shortly thereafter, Gyaneshwar Kale and his sister, Sravani/Shivani, will inform the family that Raja is still alive but is handicapped and suffers from memory loss. The family is overjoyed but are not aware that Raja is actually a hoodlum/extortionist known as Bottu Seenu/Raghu Rokda.","[""Action"", ""Comedy"", ""Crime""]","[""Nagarjuna Akkineni"", ""Trisha Krishnan"", ""Srihari"", ""Mamta Mohandas"", ""Brahmanandam"", ""Ajay"", ""Sunil Varma"", ""Srinivasa Reddy""]","[""Sreenu Vaitla""]",[],2008-12-25,/u84c4qumExsXiV1PPS2ljpC6MSB.jpg,5.2,20,1.1976,te,2026-04-02T18:17:50.736206
240,The Godfather Part II,The Godfather Part II,"In the continuing saga of the Corleone crime family, a young Vito Corleone grows up in Sicily and in 1910s New York. In the 1950s, Michael Corleone attempts to expand the family business into Las Vegas, Hollywood and Cuba.","[""Drama"", ""Crime""]","[""Al Pacino"", ""Robert Duvall"", ""Diane Keaton"", ""Robert De Niro"", ""John Cazale"", ""Talia Shire"", ""Lee Strasberg"", ""Michael V. Gazzo""]","[""Francis Ford Coppola""]","[""new year's eve"", ""new york city"", ""based on novel or book"", ""italian american"", ""cuba"", ""italy"", ""gangster"", ""praise"", ""blackmail"", ""symbolism"", ""senator"", ""revenge"", ""murder"", ""betrayal"", ""organized crime"", ""extortion"", ""mafia"", ""lawyer"", ""suburb"", ""sicilian mafia""]",1974-12-20,/hek3koDUyRQk7FIhPXsa6mT2Zc3.jpg,8.572,13733,19.3067,en,2026-04-02T18:17:51.228166
1421552,Panda Plan: The Magical Tribe,熊猫计划之部落奇遇记,"The panda ""Huhu"" is about to move into a brand new panda enclosure when he's suddenly confronted by international robbers. Huhu falls off a cliff while battling the robbers, only to awaken to discover he's in a mysterious tribe. To return to the enclosure, this intriguing team helps the tribe solve various problems...","[""Comedy"", ""Action""]","[""Jackie Chan"", ""Wang Yinglu"", ""Ma Li"", ""Qiao Shan"", ""Yu Yang"", ""Song Muzi"", ""Wang Xing"", ""Wang Chengsi""]","[""Derek Hui Wang-Yu""]",[],2026-02-17,/asrLPsZMg75SxN1BooggGmpBwRO.jpg,5.8,4,7.2558,zh,2026-04-02T18:17:51.829491
137455,Ninne Pelladatha,నిన్నే పెళ్ళాడతా,"When Mahalakshmi comes to the city, she falls in love with Seenu, whose family approves of her. But when her parents arrive, they forcibly take her away. Will the history of their families separate Mahalakshmi and Seenu?",[],"[""Nagarjuna Akkineni"", ""Tabu"", ""Lakshmi"", ""Chalapathi Rao"", ""Rama Prabha"", ""Chandramohan"", ""Brahmanandam"", ""Giri Babu""]","[""Pasupuleti Krishna Vamsi""]",[],1996-10-04,/liRlXPeZbTQR4oQb1nqaE7COx5i.jpg,7.1,9,1.16,te,2026-04-02T18:17:52.338461
315635,Spider-Man: Homecoming,Spider-Man: Homecoming,"Following the events of Captain America: Civil War, Peter Parker, with the help of his mentor Tony Stark, tries to balance his life as an ordinary high school student in Queens, New York City, with fighting crime as his superhero alter ego Spider-Man as a new threat, the Vulture, emerges.","[""Action"", ""Adventure"", ""Science Fiction""]","[""Tom Holland"", ""Michael Keaton"", ""Robert Downey Jr."", ""Marisa Tomei"", ""Jon Favreau"", ""Gwyneth Paltrow"", ""Zendaya"", ""Donald Glover""]","[""Jon Watts""]","[""high school"", ""new york city"", ""washington dc, usa"", ""secret identity"", ""superhero"", ""based on comic"", ""reboot"", ""aftercreditsstinger"", ""duringcreditsstinger"", ""marvel cinematic universe (mcu)"", ""masked superhero"", ""teen superhero""]",2017-07-05,/c24sv2weTHPsmDa7jEMN0m2P3RT.jpg,7.329,22982,31.306,en,2026-04-02T18:17:52.823897
848116,Rocky Aur Rani Kii Prem Kahaani,रॉकी और रानी की प्रेम कहानी,"Gym-freak brat Rocky falls in love with Rani, who comes from a well-educated Bengali family. Being from polar opposite worlds, the two decide to switch their families to adjust to each other's cultures and backgrounds and to know if their marriage will survive. Rocky and Rani are trapped in a world where they are united by love but divided by families and the ultimate question is will they fit in?","[""Comedy"", ""Drama"", ""Family"", ""Romance""]","[""Alia Bhatt"", ""Ranveer Singh"", ""Jaya Bachchan"", ""Shabana Azmi"", ""Dharmendra"", ""Aamir Bashir"", ""Tota Roy Chowdhury"", ""Churni Ganguly""]","[""Karan Johar""]","[""musical"", ""nostalgia"", ""love interest"", ""nostalgic"", ""wealthy family""]",2023-07-28,/vTQIqlxUkOuyf2UKhlM2OUaFGKz.jpg,6.045,78,134.3852,hi,2026-04-02T18:17:53.271880
876792,That Time I Got Reincarnated as a Slime the Movie: Scarlet Bond,劇場版 転生したらスライムだった件 紅蓮の絆編,"A long-running conspiracy is swirling over a mysterious power wielded by the Queen in Raja, a small country west of Tempest. When a slime who evolved into a Demon Lord named Rimuru Tempest crosses paths with Hiiro, a survivor of the Ogre race, an incredible adventure packed with new characters begins. The power of bonds will be put to the test!","[""Animation"", ""Fantasy"", ""Adventure""]","[""Miho Okasaki"", ""Makoto Furukawa"", ""Megumi Toyoguchi"", ""Tomoaki Maeno"", ""Sayaka Senbongi"", ""Mao Ichimichi"", ""Takuya Eguchi"", ""Hochu Otsuka""]","[""Yasuhito Kikuchi""]","[""monster"", ""magic"", ""slime"", ""reincarnation"", ""demon"", ""shounen"", ""anime"", ""other world"", ""isekai"", ""adventure""]",2022-11-25,/xITip9n9uMAUA0TU6niMXU2tbh0.jpg,7.36,424,5.5893,ja,2026-04-02T18:17:53.736316
4348,Pride & Prejudice,Pride & Prejudice,"A story of love and life among the landed English gentry during the Georgian era. Mr. Bennet is a gentleman living in Hertfordshire with his overbearing wife and five daughters, but if he dies their house will be inherited by a distant cousin whom they have never met, so the family's future happiness and security is dependent on the daughters making good marriages.","[""Drama"", ""Romance""]","[""Keira Knightley"", ""Matthew Macfadyen"", ""Brenda Blethyn"", ""Rosamund Pike"", ""Carey Mulligan"", ""Jena Malone"", ""Talulah Riley"", ""Donald Sutherland""]","[""Joe Wright""]","[""based on novel or book"", ""england"", ""bachelor"", ""family relationships"", ""suitor"", ""prejudice"", ""period drama"", ""pride"", ""18th century"", ""opposites attract"", ""gentleman"", ""georgian or regency era"", ""sisters"", ""romantic""]",2005-09-16,/o8UhmEbWPHmTUxP0lMuCoqNkbB3.jpg,8.048,8672,14.0291,en,2026-04-02T18:17:54.197815
10494,Perfect Blue,PERFECT BLUE,"Rising pop star Mima quits singing to pursue a career as an actress. After she takes up a role on a popular detective show, her handlers and collaborators begin turning up murdered. Harboring feelings of guilt and haunted by visions of her former self, Mima's reality and fantasy meld into a frenzied paranoia.","[""Animation"", ""Thriller""]","[""Junko Iwao"", ""Rica Matsumoto"", ""Shiho Niiyama"", ""Masaaki Okura"", ""Shinpachi Tsuji"", ""Emiko Furukawa"", ""Yosuke Akimoto"", ""Yoku Shioya""]","[""Satoshi Kon""]","[""career"", ""based on novel or book"", ""paranoia"", ""stalker"", ""celebrity"", ""singer"", ""fame"", ""female protagonist"", ""psychological thriller"", ""mental illness"", ""madness"", ""split personality"", ""adult animation"", ""j-pop"", ""celebrity worship"", ""anime"", ""aspiring actress"", ""psychological"", ""suspense"", ""avant garde""]",1998-02-28,/6WTiOCfDPP8XV4jqfloiVWf7KHq.jpg,8.302,3114,11.497,ja,2026-04-02T18:17:54.638897
1497348,Alas Roban,Alas Roban,"The lives of Sita and her daughter, Gendis, change after a terrifying night. Their journey through Alas Roban is filled with fear and relentless terror. Can they uncover what's happening there?","[""Drama"", ""Horror"", ""Mystery""]","[""Michelle Ziudith"", ""Rio Dewanto"", ""Fara Shakila"", ""Taskya Namya"", ""Imelda Therinne"", ""Dewi Pakis"", ""Whani Darmawan"", ""Pritt Timothy""]","[""Hadrah Daeng Ratu""]","[""daughter"", ""bus"", ""based on true story"", ""creature"", ""single mother"", ""ghost"", ""journey"", ""incident"", ""myth"", ""route"", ""blind child"", ""terror"", ""haunted road"", ""child""]",2026-01-15,/84Az3SHKRJDg971KQ0j9nZWYTcf.jpg,5.25,4,2.9362,id,2026-04-02T18:17:55.026709
991494,The SpongeBob Movie: Search for SquarePants,The SpongeBob Movie: Search for SquarePants,"Desperate to be a big guy, SpongeBob sets out to prove his bravery to Mr. Krabs by following The Flying Dutchman – a mysterious swashbuckling ghost pirate – on a seafaring adventure that takes him to the deepest depths of the deep sea, where no Sponge has gone before.","[""Animation"", ""Family"", ""Comedy"", ""Adventure"", ""Fantasy""]","[""Tom Kenny"", ""Clancy Brown"", ""Rodger Bumpass"", ""Bill Fagerbakke"", ""Carolyn Lawrence"", ""Mr. Lawrence"", ""George L\u00f3pez"", ""Ice Spice""]","[""Derek Drymon""]","[""based on cartoon"", ""pirate"", ""based on tv series"", ""casual"", ""underworld"", ""adoring"", ""amused"", ""cheerful"", ""familiar""]",2025-12-16,/xJnOMMsFASxNiFnG7v3TNIQ3ife.jpg,6.7,253,36.7006,en,2026-04-02T18:17:55.302783
1356039,Counterattack,Contraataque,"When a hostage rescue mission creates a new enemy, Capt. Guerrero and his elite soldiers must face an ambush by a criminal group.","[""Action"", ""Adventure"", ""Thriller""]","[""Luis Alberti"", ""No\u00e9 Hern\u00e1ndez"", ""Leonardo Alonso"", ""Luis Curiel"", ""Guillermo Nava"", ""David Calder\u00f3n Le\u00f3n"", ""Mayra Batalla"", ""Israel Islas""]","[""Chava Cartas""]","[""mexico"", ""usa\u2013mexico border"", ""special forces"", ""military"", ""narcos"", ""murcielagos""]",2025-02-27,/38I76hGcFY6xB47pjm7pZwkfuAF.jpg,8.238,802,7.2838,es,2026-04-02T18:17:55.699188
1450257,Clika,Clika,"Aspiring small-town musician Chito is determined to make it big. When a clip of him performing one of his songs goes viral, he seizes the opportunity and pushes to carve out a place for himself in the new wave of Mexican-American music... and ultimately gets caught in a game more dangerous than anticipated.","[""Music"", ""Drama""]","[""Jay Dee"", ""Cristian E. Gutierrez"", ""Daniel 'DoKnows' Lopez"", ""Laura Lopez"", ""Nana Ponceleon"", ""OhGeesy"", ""Eric Roberts"", ""Uziel Pantoja""]","[""Michael Greene""]",[],2026-01-22,/82Vh8PSzWtBi0CLWrnJdRhGYxEr.jpg,5.714,7,6.908,en,2026-04-02T18:17:56.095098
274,The Silence of the Lambs,The Silence of the Lambs,"Clarice Starling is a top student at the FBI's training academy.  Jack Crawford wants Clarice to interview Dr. Hannibal Lecter, a brilliant psychiatrist who is also a violent psychopath, serving life behind bars for various acts of murder and cannibalism.  Crawford believes that Lecter may have insight into a case and that Starling, as an attractive young woman, may be just the bait to draw him out.","[""Crime"", ""Thriller"", ""Drama""]","[""Jodie Foster"", ""Anthony Hopkins"", ""Scott Glenn"", ""Ted Levine"", ""Anthony Heald"", ""Brooke Smith"", ""Diane Baker"", ""Kasi Lemmons""]","[""Jonathan Demme""]","[""based on novel or book"", ""kidnapping"", ""psychopath"", ""fbi"", ""scientific study"", ""murder"", ""serial killer"", ""psychological thriller"", ""brutality"", ""cannibal"", ""psychiatrist"", ""biting"", ""moth"", ""virginia"", ""neo-noir"", ""twisted"", ""skinning"", ""sequestro"", ""past history"", ""suspenseful""]",1991-02-14,/uS9m8OBk1A8eM9I042bx8XXpqAq.jpg,8.345,17756,4.0747,en,2026-04-02T18:17:56.439559
278,The Shawshank Redemption,The Shawshank Redemption,"Imprisoned in the 1940s for the double murder of his wife and her lover, upstanding banker Andy Dufresne begins a new life at the Shawshank prison, where he puts his accounting skills to work for an amoral warden. During his long stretch in prison, Dufresne comes to be admired by the other inmates -- including an older prisoner named Red -- for his integrity and unquenchable sense of hope.","[""Drama"", ""Crime""]","[""Tim Robbins"", ""Morgan Freeman"", ""Bob Gunton"", ""William Sadler"", ""Clancy Brown"", ""Gil Bellows"", ""James Whitmore"", ""Mark Rolston""]","[""Frank Darabont""]","[""prison"", ""friendship"", ""police brutality"", ""corruption"", ""based on novel or book"", ""freedom"", ""hope"", ""prison cell"", ""delinquent"", ""redemption"", ""parole board"", ""prison escape"", ""wrongful imprisonment"", ""interracial friendship"", ""framed for murder"", ""hopeless"", ""1940s"", ""voiceover"", ""dramatic"", ""appreciative""]",1994-09-23,/9cqNxx0GxF0bflZmeSMuL5tnGzr.jpg,8.717,30023,37.8523,en,2026-04-02T18:17:56.745866
456983,Courier Boy Kalyan,Courier Boy Kalyan,A courier boy's life turn into unexpected consequences because of a courier received from a social service activist.,"[""Action"", ""Romance""]","[""Nithiin"", ""Yami Gautam Dhar"", ""Nassar"", ""Ashutosh Rana""]","[""Premsai""]",[],2015-09-17,/2bRe7mrrvwVBARsXnEHvoPkGV92.jpg,6.8,5,2.3174,te,2026-04-02T18:17:57.362154
280,Terminator 2: Judgment Day,Terminator 2: Judgment Day,"Ten years after the events of the original, a reprogrammed T-800 is sent back in time to protect young John Connor from the shape-shifting T-1000. Together with his mother Sarah, he fights to stop Skynet from triggering a nuclear apocalypse.","[""Action"", ""Thriller"", ""Science Fiction""]","[""Arnold Schwarzenegger"", ""Linda Hamilton"", ""Edward Furlong"", ""Robert Patrick"", ""Earl Boen"", ""Joe Morton"", ""S. Epatha Merkerson"", ""Castulo Guerra""]","[""James Cameron""]","[""man vs machine"", ""cyborg"", ""shotgun"", ""dystopia"", ""moral ambiguity"", ""post-apocalyptic future"", ""villain"", ""time travel"", ""mental institution"", ""juvenile delinquent"", ""fictional war"", ""urban setting"", ""troubled teen"", ""morphing"", ""nuclear weapons"", ""shape shifter"", ""savior"", ""catch phrase"", ""action hero"", ""good versus evil""]",1991-07-03,/jFTVD4XoWQTcg7wdyJKa8PEds5q.jpg,8.1,14078,21.1719,en,2026-04-02T18:17:57.890813
284,The Apartment,The Apartment,"Bud Baxter is a minor clerk in a huge New York insurance company, until he discovers a quick way to climb the corporate ladder. He lends out his apartment to the executives as a place to take their mistresses. Although he often has to deal with the aftermath of their visits, one night he's left with a major problem to solve.","[""Comedy"", ""Drama"", ""Romance""]","[""Jack Lemmon"", ""Shirley MacLaine"", ""Fred MacMurray"", ""Ray Walston"", ""Jack Kruschen"", ""David Lewis"", ""Hope Holiday"", ""Joan Shawlee""]","[""Billy Wilder""]","[""new year's eve"", ""new york city"", ""lovesickness"", ""clerk"", ""winter"", ""age difference"", ""suicide attempt"", ""office"", ""flat"", ""spaghetti"", ""tennis racket"", ""romcom"", ""black and white"", ""love affair"", ""extramarital affair"", ""quitting a job"", ""christmas"", ""apartment"", ""cheerful"", ""r\u00e9veillon""]",1960-06-21,/hhSRt1KKfRT0yEhEtRW3qp31JFU.jpg,8.187,2607,3.9389,en,2026-04-02T18:17:58.301827
1317149,I Swear,I Swear,"Diagnosed with Tourette Syndrome at 15, John Davidson navigates his way against the odds through troubled teenage years and into adulthood, finding inspiration in the kindness of others to discover his true purpose in life.","[""Drama"", ""History""]","[""Robert Aramayo"", ""Maxine Peake"", ""Peter Mullan"", ""Shirley Henderson"", ""Scott Ellis Watson"", ""David Carlyle"", ""Francesco Piacentini-Smith"", ""Somerled Campbell""]","[""Kirk Jones""]","[""scotland"", ""dark comedy"", ""biography"", ""based on true story"", ""alienation"", ""outcast"", ""tourette syndrome"", ""docudrama"", ""1980s"", ""1990s"", ""triumph over adversity"", ""clich\u00e9"", ""compassionate"", ""based on real person"", ""tragedy drama""]",2025-09-22,/vUwyhNWBKkSwK8ELvEeBRwV724h.jpg,8.36,139,14.5623,en,2026-04-02T18:17:58.691714
16672,Woman in the Dunes,砂の女,A vacationing entomologist suffers extreme physical and psychological trauma after being taken captive by the residents of a poor seaside village and made to live with a woman whose life task is shoveling sand for them.,"[""Drama"", ""Thriller""]","[""Eiji Okada"", ""Ky\u00f4ko Kishida"", ""Hiroko It\u014d"", ""K\u014dji Mitsui""]","[""Hiroshi Teshigahara""]","[""based on novel or book"", ""insect"", ""sand"", ""art house"", ""water shortage"", ""psychological thriller"", ""black and white"", ""held captive"", ""skin"", ""trapped"", ""missing person"", ""sexual torture"", ""sand dune"", ""erotic photography"", ""water pump"", ""japanese new wave"", ""slave labor"", ""entomologist"", ""escape attempt"", ""sand pit""]",1964-02-15,/xiBr3bIT2xpbuIKo5bLK7ebP4O1.jpg,8.208,507,2.247,ja,2026-04-02T18:17:59.158690
289,Casablanca,Casablanca,"In Casablanca, Morocco in December 1941, a cynical American expatriate meets a former lover, with unforeseen complications.","[""Drama"", ""Romance""]","[""Humphrey Bogart"", ""Ingrid Bergman"", ""Paul Henreid"", ""Claude Rains"", ""Conrad Veidt"", ""Sydney Greenstreet"", ""Peter Lorre"", ""S.Z. Sakall""]","[""Michael Curtiz""]","[""corruption"", ""nazi"", ""escape"", ""love triangle"", ""resistance"", ""spy"", ""patriotism"", ""casablanca, morocco"", ""vichy regime"", ""visa"", ""nationalism"", ""world war ii"", ""morocco"", ""film noir"", ""black and white"", ""war"", ""psychological drama"", ""romantic"", ""adoring"", ""gloomy""]",1943-01-15,/lGCEKlJo2CnWydQj7aamY7s1S7Q.jpg,8.143,5968,8.2392,en,2026-04-02T18:17:59.572347
600354,The Father,The Father,"A man refuses all assistance from his daughter as he ages and, as he tries to make sense of his changing circumstances, he begins to doubt his loved ones, his own mind and even the fabric of his reality.","[""Drama""]","[""Anthony Hopkins"", ""Olivia Colman"", ""Mark Gatiss"", ""Olivia Williams"", ""Imogen Poots"", ""Rufus Sewell"", ""Ayesha Dharker"", ""Roman Zeller""]","[""Florian Zeller""]","[""london, england"", ""loss of sense of reality"", ""flat"", ""dementia"", ""mistaken identity"", ""alzheimer's disease"", ""based on play or musical"", ""old man"", ""memory loss"", ""elderly man"", ""caregiving"", ""father daughter relationship"", ""anxious"", ""caregiver patient relationship"", ""fading memories"", ""old age"", ""ghoulish""]",2020-12-23,/pr3bEQ517uMb5loLvjFQi8uLAsp.jpg,8.097,3575,6.6656,en,2026-04-02T18:17:59.989600
69924,Veera,వీర,"Veera Venkata Satyanarayana aka Veera is the son of a landlord. But his step mother and step sister stay in city away from them. Meanwhile, his father gets killed from a goon and Veera too murders him. However, a big industrialist plans for a power project in their village and wants to vacate the entire village and takes the help of a local don Rayudu. But Veera halts their efforts. At this juncture, Veera marries Kabaddi Chitti and his brother marries the daughter of commissioner of police.....","[""Action"", ""Comedy"", ""Drama""]","[""Ravi Teja"", ""Kajal Aggarwal"", ""Ali Basha"", ""Taapsee Pannu"", ""Sridevi Vijayakumar"", ""Shaam"", ""Roja Selvamani"", ""Brahmanandam""]","[""Ramesh Varma""]",[],2011-05-20,/l9901V8tyk7KzhWoRU7qmHcUn9r.jpg,5.1,12,1.2377,te,2026-04-02T18:18:01.129663
1151272,Sirāt,Sirāt,"A man and his son arrive at a rave lost in the mountains of Morocco. They are looking for Marina, their daughter and sister, who disappeared months ago at another rave. Driven by fate, they decide to follow a group of ravers in search of one last party, in hopes Marina will be there.","[""Drama"", ""Thriller""]","[""Sergi L\u00f3pez"", ""Bruno N\u00fa\u00f1ez"", ""Stefania Gadda"", ""Joshua Liam Henderson"", ""Richard Bellamy"", ""Tonin Janvier"", ""Jade Oukid"", ""Ahmed Abbou""]","[""Oliver Laxe""]","[""rave"", ""rave party"", ""blunt"", ""raver"", ""earnest"", ""excited"", ""ridiculous""]",2025-06-06,/bzBtsLi17rK4G6kDvOXfUZfAhca.jpg,6.847,584,8.1696,es,2026-04-02T18:18:01.523860
370986,Akhil,అఖిల్,A cruel business official attacks a tribal village for a stone which the people treat it as something special a guy who thinks he is somehow related to the stone comes to their aid.,"[""Action"", ""Fantasy"", ""Romance""]","[""Akhil Akkineni"", ""Sayesha Saigal"", ""Brahmanandam"", ""Byron Gibson"", ""Rajendra Prasad"", ""Vennela Kishore"", ""Mahesh Manjrekar"", ""Jayaprakash Reddy""]","[""V. V. Vinayak""]",[],2015-11-11,/lEiY6jtaHtVE5hpJTzJ2Mpl4XmH.jpg,3.5,11,2.1579,te,2026-04-02T18:18:01.963559
37165,The Truman Show,The Truman Show,An insurance salesman begins to suspect that his whole life is actually some sort of reality TV show.,"[""Comedy"", ""Drama""]","[""Jim Carrey"", ""Laura Linney"", ""Noah Emmerich"", ""Natascha McElhone"", ""Holland Taylor"", ""Ed Harris"", ""Paul Giamatti"", ""Brian Delate""]","[""Peter Weir""]","[""escape"", ""paranoia"", ""dystopia"", ""suspicion"", ""video surveillance"", ""deception"", ""hidden camera"", ""simulated reality "", ""television producer"", ""tv show in film"", ""make believe"", ""actor"", ""tv show"", ""suspenseful"", ""allegory of the cave"", ""trai\u00e7\u00e3o"", ""programa de tv"", ""corretor de seguros""]",1998-06-04,/vuza0WqY239yBXOadKlGwJsZJFE.jpg,8.152,19971,11.4251,en,2026-04-02T18:18:02.259639
1440049,Preschool,Preschool,"Two determined fathers engage in a comical battle to enroll their kids in an elite preschool, escalating into an absurd competition with unexpected results.","[""Comedy""]","[""Josh Duhamel"", ""Michael Socha"", ""Antonia Thomas"", ""Charity Wakefield"", ""Fenella Woolgar"", ""James Cosmo"", ""Colin Michael Carmichael"", ""Arris Crooke""]","[""Josh Duhamel""]",[],2026-03-17,/o6JYj1sZDdLgKb6GW39AfGfrGhw.jpg,5.6,4,7.5412,en,2026-04-02T18:18:02.784501
1440050,The Breadwinner,The Breadwinner,After his wife Katie lands a once-in-a-lifetime deal on Shark Tank that takes her on a prolonged business trip - lifelong breadwinner Nate Wilcox now has to fend for his family as a first-time stay-at-home dad.,"[""Comedy"", ""Family""]","[""Nate Bargatze"", ""Stella Grace Fitzgerald"", ""Birdie Borria"", ""Charlotte Ann Tucker"", ""Mandy Moore"", ""Colin Jost"", ""Zach Cherry"", ""Martin Herlihy""]","[""Eric Appel""]","[""stay-at-home dad"", ""business trip"", ""breadwinner"", ""three daughters"", ""stay-at-home husband"", ""shark tank""]",2026-05-28,/4apG9Xk6HQvV48JKEjSUeiebju7.jpg,0.0,0,1.9293,en,2026-04-02T18:18:03.180678
868660,Guntur Kaaram,గుంటూరు కారం,"Years after his mother left him and remarried, Ramana is asked to sign documents denying any relations with his mother, but he refuses and demands answer to why his mother left him.","[""Action"", ""Drama""]","[""Mahesh Babu"", ""Sreeleela"", ""Ramya Krishnan"", ""Prakash Raj"", ""Jayaram"", ""Rao Ramesh"", ""Murali Sharma"", ""Vennela Kishore""]","[""Trivikram Srinivas""]","[""sacrifice"", ""redemption"", ""betrayal"", ""political intrigue\u00a0"", ""wrongful conviction"", ""mother son relationship"", ""mother son estrangement""]",2024-01-11,/qvBt4YLy274ZmoMAfVlwmHkjVkq.jpg,5.7,27,2.5081,te,2026-04-02T18:18:03.547659
37172,Athadu,అతడు,"A hitman, Nandu, is hired to stage the assassination of a politician. However, when the politician is actually killed and Nandu is framed for the murder, he assumes a dead man's identity to evade the law.","[""Action"", ""Thriller"", ""Family""]","[""Mahesh Babu"", ""Trisha Krishnan"", ""Sonu Sood"", ""Prakash Raj"", ""Nassar"", ""Kota Srinivasa Rao"", ""Sayaji Shinde"", ""Sunil Varma""]","[""Trivikram Srinivas""]","[""assassination"", ""corruption"", ""escape"", ""hitman"", ""politics"", ""attempted murder"", ""investigation"", ""redemption"", ""politician"", ""deception"", ""revenge"", ""murder"", ""betrayal"", ""on the run"", ""conspiracy"", ""shooter"", ""one man army"", ""tough guy"", ""bank robbery"", ""gunshot""]",2005-08-10,/AlopJ5sUgsf0pFn8FfXqdhyfL2Z.jpg,7.614,70,1.8174,te,2026-04-02T18:18:04.521539
1311031,Demon Slayer: Kimetsu no Yaiba Infinity Castle,劇場版「鬼滅の刃」無限城編 第一章 猗窩座再来,"The Demon Slayer Corps are drawn into the Infinity Castle, where Tanjiro, Nezuko, and the Hashira face terrifying Upper Rank demons in a desperate fight as the final battle against Muzan Kibutsuji begins.","[""Animation"", ""Action"", ""Fantasy""]","[""Natsuki Hanae"", ""Takahiro Sakurai"", ""Akira Ishida"", ""Hiro Shimono"", ""Yoshimasa Hosoya"", ""Saori Hayami"", ""Mamoru Miyano"", ""Reina Ueda""]","[""Haruo Sotozaki""]","[""supernatural"", ""sequel"", ""based on manga"", ""demon"", ""shounen"", ""anime"", ""brother sister relationship"", ""taisho period""]",2025-07-18,/fWVSwgjpT2D78VUh6X8UBd2rorW.jpg,7.663,776,85.9239,ja,2026-04-02T18:18:05.309887
311,Once Upon a Time in America,Once Upon a Time in America,"A former Prohibition-era Jewish gangster returns to the Lower East Side of Manhattan over thirty years later, where he once again must confront the ghosts and regrets of his old life.","[""Drama"", ""Crime""]","[""Robert De Niro"", ""James Woods"", ""Elizabeth McGovern"", ""Treat Williams"", ""Tuesday Weld"", ""Joe Pesci"", ""Burt Young"", ""James Hayden""]","[""Sergio Leone""]","[""new york city"", ""regret"", ""lovesickness"", ""rape"", ""life and death"", ""sexual abuse"", ""street gang"", ""corruption"", ""based on novel or book"", ""prohibition era"", ""gangster"", ""sadistic"", ""money laundering"", ""opium"", ""mafia boss"", ""murder"", ""memory"", ""jewish american"", ""torture"", ""brooklyn bridge""]",1984-05-23,/i0enkzsL5dPeneWnjl1fCWm6L7k.jpg,8.384,5956,12.7405,en,2026-04-02T18:18:05.662241
567609,Ready or Not,Ready or Not,A young bride's wedding night turns into her worst nightmare when her ridiculously rich in-laws force her to play a gruesome game of hide-and-seek.,"[""Horror"", ""Comedy""]","[""Samara Weaving"", ""Mark O'Brien"", ""Adam Brody"", ""Henry Czerny"", ""Andie MacDowell"", ""Melanie Scrofano"", ""Kristian Bruun"", ""Elyse Levesque""]","[""Matt Bettinelli-Olpin"", ""Tyler Gillett""]","[""escape"", ""ritual"", ""marriage"", ""satanism"", ""gore"", ""pact with the devil"", ""wealth"", ""murder"", ""wedding"", ""game"", ""exploding body"", ""wedding dress"", ""satanic cult"", ""hostile"", ""death game"", ""exhilarated"", ""ridiculous""]",2019-08-21,/oJD9KQFoObZmxAS1je56SIFVNJt.jpg,7.045,5198,26.9356,en,2026-04-02T18:18:06.265970
784696,Sarkaru Vaari Paata,సర్కారు వారి పాట​,"After being conned by the woman he loves, a finance agent arrives in India from the USA to retrieve his money from her father, a powerful MP and industrialist.","[""Action"", ""Comedy"", ""Drama""]","[""Mahesh Babu"", ""Keerthy Suresh"", ""Samuthirakani"", ""Vennela Kishore"", ""Subbaraju"", ""Nadhiya"", ""Posani Krishna Murali"", ""Sowmya Menon""]","[""Parasuram Petla""]","[""gambling debt"", ""protest"", ""debt collector"", ""debt"", ""loan"", ""social justice"", ""activism"", ""social change"", ""loss of parents"", ""death of parents""]",2022-05-11,/jFwdKKDmgzKjZGFnSJma7I5XMpk.jpg,5.6,25,1.3762,te,2026-04-02T18:18:06.595469
868666,The Ghost,The Ghost,"An ex-Interpol officer wreaks havoc and sends shock waves across the global underworld but goes missing in action, only to remerge years later, for his beloved family.","[""Action"", ""Drama"", ""Thriller""]","[""Nagarjuna Akkineni"", ""Sonal Chauhan"", ""Gul Panag"", ""Anikha Surendran"", ""Ravi Varma"", ""Srikanth Iyengar"", ""Manish Chaudhary"", ""Bilal Hossein""]","[""Praveen Sattaru""]",[],2022-10-05,/AulIkX8l9u17lcQfEubU8n0cnwk.jpg,4.9,17,1.1998,te,2026-04-02T18:18:07.200256
1196348,The Girlfriend,ది గర్ల్‌ఫ్రెండ్‌,"A college literature student falls for a charming man with a domineering streak, forcing her to confront the toxic truth of his desire.","[""Romance"", ""Drama""]","[""Rashmika Mandanna"", ""Dheekshith Shetty"", ""Anu Emmanuel"", ""Rao Ramesh"", ""Rohini"", ""Rahul Ravindran""]","[""Rahul Ravindran""]",[],2025-11-07,/8cYve5muYPeWKvSEfFdkmWDyyDa.jpg,6.7,14,1.3812,te,2026-04-02T18:18:07.614084
1302848,Class Reunion,T'as pas changé,"Feeling nostalgic about their high school days, Hervé, Maxime, and Jordy decide to host a grand reunion party to reconnect and celebrate their 30-year graduation anniversary. However, their idealised memories clash with reality: no one wants to come, especially their former classmates Anne and Marion, who are determined to sabotage the event. For the first time, the trio face a harsh realisation – could it be that all this time they’ve been nothing but a bunch of pretentious jerks? Determined to make amends, they embark on a hilarious quest to prove to the world and themselves that they can be better men.","[""Comedy""]","[""J\u00e9r\u00f4me Commandeur"", ""Vanessa Paradis"", ""Laurent Lafitte"", ""Fran\u00e7ois Damiens"", ""Delphine Baril"", ""Micha\u00ebl Abiteboul"", ""Olivia C\u00f4te"", ""Zineb Triki""]","[""J\u00e9r\u00f4me Commandeur""]","[""high school reunion"", ""nostalgic"", ""class reunion"", ""graduation party"", ""friends reunion"", ""old school friend"", ""graduating class""]",2025-11-05,/9bj75Pb7sUFE6IeDM33V1GwbagY.jpg,5.827,49,1.7379,fr,2026-04-02T18:18:08.027273
1339713,Obsession,Obsession,"After breaking the mysterious ""One Wish Willow"" to win his crush's heart, a hopeless romantic finds himself getting exactly what he asked for but soon discovers that some desires come at a dark, sinister price.","[""Horror""]","[""Michael Johnston"", ""Inde Navarrette"", ""Cooper Tomlinson"", ""Megan Lawless"", ""Andy Richter"", ""Haley Fitzgerald"", ""Darin Toonder"", ""Anthony Pavone""]","[""Curry Barker""]","[""obsession"", ""supernatural"", ""possession"", ""wish"", ""evil spirit"", ""love"", ""demon"", ""couple"", ""demonic possession"", ""supernatural horror"", ""toy"", ""psychological"", ""psychological horror"", ""cursed object"", ""horror"", ""monkey's paw""]",2026-04-16,/bRwnj8WEKBCvmfeUNOukJPwB43K.jpg,0.0,0,4.2261,en,2026-04-02T18:18:08.538725
1100099,We Live in Time,We Live in Time,"An up-and-coming chef and a recent divorcée find their lives forever changed when a chance encounter brings them together, in a decade-spanning, deeply moving romance.","[""Romance"", ""Drama""]","[""Andrew Garfield"", ""Florence Pugh"", ""Grace Delaney"", ""Lee Braithwaite"", ""Aoife Hinds"", ""Adam James"", ""Douglas Hodge"", ""Amy Morgan""]","[""John Crowley""]","[""marriage"", ""father"", ""family relationships"", ""romance"", ""love"", ""parenthood"", ""relationship"", ""family"", ""tearjerker"", ""kids"", ""sick mother"", ""love story"", ""moving"", ""modern"", ""sad"", ""bittersweet"", ""heartfelt"", ""meaningful""]",2024-10-10,/oeDNBgnlGF6rnyX1P1K8Vl2f3lW.jpg,7.224,1229,4.8042,en,2026-04-02T18:18:09.251965
575813,Better Days,少年的你,"A bullied teenage girl forms an unlikely friendship with a mysterious young man who protects her from her assailants, while she copes with the pressures of her final examinations.","[""Drama"", ""Crime"", ""Romance""]","[""Zhou Dongyu"", ""Jackson Yee"", ""Yin Fang"", ""Huang Jue"", ""Wu Yue"", ""Zhou Ye"", ""Zhang Xinyi"", ""Zhao Runnan""]","[""Derek Tsang Kwok-Cheung""]","[""affectation"", ""bullying"", ""thoughtful"", ""bully victim"", ""tense"", ""depressing"", ""distressing"", ""tragic""]",2019-10-25,/csVZ2ZQCj98XdZoCuW1aixMYJ0W.jpg,8.121,540,3.3351,zh,2026-04-02T18:18:09.675931
461126,Rangasthalam,రంగస్థలం,Chitti Babu begins to suspect his elder brother's life is in danger after they team up to lock horns with their village president and overthrow his unlawful 30 year old regime.,"[""Action"", ""Drama""]","[""Ram Charan"", ""Aadhi Pinisetty"", ""Samantha Ruth Prabhu"", ""Jagapati Babu"", ""Prakash Raj"", ""Anasuya Bharadwaj"", ""Mahesh Achanta"", ""Naresh""]","[""Sukumar""]","[""period drama"", ""caste politics""]",2018-03-29,/yiEzDgBBFC25Zd6z0r7sMngn5vr.jpg,7.092,76,3.9915,te,2026-04-02T18:18:09.985481
1364297,Bunnylovr,Bunnylovr,A drifting Chinese American cam girl struggles to navigate an increasingly toxic relationship with one of her clients while rekindling her relationship with her dying estranged father.,"[""Drama""]","[""Katarina Zhu"", ""Austin Amelio"", ""Perry Yung"", ""Jack Kilmer"", ""Rachel Sennott"", ""Malachy Cleary"", ""Clara Wong"", ""Sarah Baskin""]","[""Katarina Zhu""]","[""new york city"", ""bunny"", ""female friendship"", ""female protagonist"", ""brooklyn, new york city"", ""woman director"", ""sex worker"", ""cam girl"", ""asian american"", ""independent film"", ""gen z""]",2026-04-10,/xam7kecWAUaNlfp261kNAZJU8co.jpg,0.0,0,1.3538,en,2026-04-02T18:18:10.491510
335,Once Upon a Time in the West,C'era una volta il West,"As the railroad builders advance unstoppably through the Arizona desert on their way to the sea, Jill arrives in the small town of Flagstone with the intention of starting a new life.","[""Drama"", ""Western""]","[""Claudia Cardinale"", ""Henry Fonda"", ""Jason Robards"", ""Charles Bronson"", ""Gabriele Ferzetti"", ""Paolo Stoppa"", ""Woody Strode"", ""Jack Elam""]","[""Sergio Leone""]","[""small town"", ""loss of loved one"", ""harmonica"", ""wedding party"", ""spaghetti western"", ""arizona territory"", ""intercontintental railroad"", ""outlaw gang"", ""water pump"", ""mysterious character"", ""boom town"", ""railroad company"", ""hope for a new life"", ""railroad construction"", ""excited"", ""techniscope""]",1968-12-21,/qbYgqOczabWNn2XKwgMtVrntD6P.jpg,8.276,4829,9.6462,it,2026-04-02T18:18:11.120584
82255,Nuvvu Naaku Nachav,నువ్వు నాకు నచ్చావ్,"Venky and Nandini's relationship changes from mere friendship to something that is more romantic. However, love only blossoms between the two after Nandini's marriage is fixed elsewhere.","[""Drama"", ""Comedy"", ""Romance"", ""Family""]","[""Venkatesh"", ""Aarthi Agarwal"", ""Sudeepa"", ""Prakash Raj"", ""Chandramohan"", ""M. S. Narayana"", ""Flora Saini"", ""Brahmanandam""]","[""K. Vijaya Bhaskar""]",[],2001-09-06,/z6F2Y7zddPFZ2ls9OY006egVClP.jpg,7.328,29,1.5619,te,2026-04-02T18:18:11.629276
346,Seven Samurai,七人の侍,"A samurai answers a village's request for protection after he falls on hard times. The town needs protection from bandits, so the samurai gathers six others to help him teach the people how to defend themselves, and the villagers provide the soldiers with food.","[""Action"", ""Drama""]","[""Toshir\u014d Mifune"", ""Takashi Shimura"", ""Yoshio Inaba"", ""Seiji Miyaguchi"", ""Minoru Chiaki"", ""Daisuke Kat\u014d"", ""Isao Kimura"", ""Keiko Tsushima""]","[""Akira Kurosawa""]","[""martial arts"", ""japan"", ""samurai"", ""sword"", ""peasant"", ""village"", ""looting"", ""rice"", ""fencing"", ""moral ambiguity"", ""forbidden love"", ""black and white"", ""battle"", ""bandit"", ""practice"", ""farmer"", ""jidaigeki"", ""16th century"", ""class relations"", ""collectivism""]",1954-04-26,/lOMGc8bnSwQhS4XyE1S99uH8NXf.jpg,8.451,4162,16.3221,ja,2026-04-02T18:18:12.498544
524635,The Chronology of Water,The Chronology of Water,"Plagued by an abusive childhood, a woman finds escape in competitive swimming, sexual experimentation, toxic relationships, and addiction before ultimately finding her voice through writing.","[""Drama""]","[""Imogen Poots"", ""Thora Birch"", ""Jim Belushi"", ""Tom Sturridge"", ""Earl Cave"", ""Michael Epp"", ""Charlie Carrick"", ""Susannah Flood""]","[""Kristen Stewart""]","[""sexual abuse"", ""suicide attempt"", ""heroin"", ""abusive father"", ""swimmer"", ""writer"", ""based on memoir or autobiography"", ""divorce"", ""molestation"", ""lgbt"", ""alcoholic father"", ""child molestation"", ""flunking out of school"", ""childhood sexual abuse"", ""woman director"", ""father daughter conflict"", ""thoughtful"", ""provocative"", ""intense"", ""directorial debut""]",2025-10-15,/pU3GZI6C9lxzxUnBccIQLThDLVY.jpg,6.4,37,4.3206,en,2026-04-02T18:18:13.064654
348,Alien,Alien,"During its return to the earth, commercial spaceship Nostromo intercepts a distress signal from a distant planet. When a three-member team of the crew discovers a chamber containing thousands of eggs on the planet, a creature inside one of the eggs attacks an explorer. The entire crew is unaware of the impending nightmare set to descend upon them when the alien parasite planted inside its unfortunate host is birthed.","[""Horror"", ""Science Fiction""]","[""Tom Skerritt"", ""Sigourney Weaver"", ""Veronica Cartwright"", ""Harry Dean Stanton"", ""John Hurt"", ""Ian Holm"", ""Yaphet Kotto"", ""Bolaji Badejo""]","[""Ridley Scott""]","[""android"", ""spacecraft"", ""space marine"", ""biology"", ""dystopia"", ""countdown"", ""space suit"", ""beheading"", ""space travel"", ""cowardice"", ""alien"", ""space"", ""female protagonist"", ""parasite"", ""space opera"", ""cosmos""]",1979-05-25,/vfrQk5IPloGg1v9Rzbh2Eg3VGyM.jpg,8.169,16159,16.382,en,2026-04-02T18:18:13.536191
1048923,Empire Waist,Empire Waist,"Lenore Miller’s size has always earned her teases and jeers in her school’s hallways, but this clothes-loving teenager is about to set the world on fire with her own line of inclusive fashion designs.","[""Comedy"", ""Drama""]","[""Mia Kaplan"", ""Jemima Yevu"", ""Jolene Purdy"", ""Missi Pyle"", ""Rainn Wilson"", ""Kassandra Tellez"", ""Daisy Washington"", ""Holly McDowell""]","[""Claire Ayoub""]","[""bullying"", ""wheelchair user   "", ""coming of age"", ""insecurity"", ""fashion"", ""self love"", ""low self esteem"", ""panic attack"", ""plus size"", ""trans girl""]",2024-09-27,/cha9illdJQ5CEIrVjsmi57xMFt3.jpg,7.0,32,28.7205,en,2026-04-02T18:18:14.090567
350,The Devil Wears Prada,The Devil Wears Prada,"A young woman from the Midwest gets more than she bargained for when she moves to New York to become a writer and ends up as the assistant to the tyrannical, larger-than-life editor-in-chief of a major fashion magazine.","[""Drama"", ""Comedy""]","[""Meryl Streep"", ""Anne Hathaway"", ""Emily Blunt"", ""Stanley Tucci"", ""Simon Baker"", ""Adrian Grenier"", ""Tracie Thoms"", ""Rich Sommer""]","[""David Frankel""]","[""new york city"", ""journalist"", ""paris, france"", ""based on novel or book"", ""journalism"", ""fashion journal"", ""assistant"", ""job entrant"", ""job interview"", ""editor-in-chief"", ""fashion"", ""fashion magazine"", ""bullied"", ""city life"", ""fashion industry"", ""bold"", ""workplace drama""]",2006-06-29,/8912AsVuS7Sj915apArUFbv6F9L.jpg,7.386,12861,27.4703,en,2026-04-02T18:18:14.580266
1034590,Virupaksha,విరూపాక్ష,"Set in a village named Rudravanam in 1990's, Surya along with his mother, visit there after a long time. Suddenly a series of mysterious deaths occur due to an unknown person's occult practice and whole village is scared. Will Surya find the person causing the deaths and save the village?","[""Horror"", ""Mystery"", ""Thriller""]","[""Sai Durgha Tej"", ""Samyuktha"", ""Brahmaji"", ""Rajiv Kanakala"", ""Ravi Krishna"", ""Sai Chand"", ""Sunil Varma"", ""Ajay""]","[""Karthik Varma Dandu""]",[],2023-04-20,/fqMn4h9ctOyumII2nXDnm5mRTxQ.jpg,6.9,37,1.125,te,2026-04-02T18:18:15.175257
117085,Eeshwar,ఈశ్వర్,"Eeshwar (Telugu: ఈశ్వర్) is a 2002 Telugu film directed by Jayanth C. Paranjee and starring Prabhas[1] and Sridevi Vijaykumar. Siva Krishna and Revathi played supporting roles.Eeswar (Prabhas) is a motherless child and brat living in Dhoolpet, a slum area in Old City. Eeswar's father (Siva Krishna) manufactures Gudumba (arrack) with the help of neighborhood people. Eeswar falls in love at first sight when he sees a college going beauty Indu (Sridevi). In the meantime, Eeswar's father marries Sujatha (Revathi), who has been waiting for him for the past 20 years so that she can be a good mother to Eeswar. Eeswar hates his stepmother thinking that his father married her to enjoy worldly pleasures. Meanwhile, Indu's father turns out to be a local MLA (Ashok Kumar) who hates poor. The local MLA sends goons to finish him off Eeswar. What follows next forms the second half of the film.","[""Drama"", ""Action""]","[""Prabhas"", ""Sridevi Vijayakumar"", ""Brahmanandam"", ""Revathi""]","[""Jayant Paranji""]",[],2002-11-11,/xy5WSj34dM4ZEHNhrm0RViLnLMS.jpg,5.7,7,1.0533,te,2026-04-02T18:18:15.586315
117092,Gangotri,గంగోత్రి,"A factional leader's only daughter falls in love with his loyal lieutenant's son. When the childhood lovers' secret is exposed their fathers become enemies. How will the young man react to his lover's father bombing his house? Will there ever be an end to the cycle of violence, hatred and revenge?","[""Romance"", ""Drama""]","[""Allu Arjun"", ""Aaditi Agarwal"", ""Prakash Raj"", ""Suman Talwar"", ""Brahmanandam"", ""Sunil Varma"", ""Seetha"", ""Pragathi Mahavadi""]","[""K Raghavendra Rao""]",[],2003-03-28,/6Lag0Rz0STSejW65oQLgDtzK2AV.jpg,4.0,9,1.4775,te,2026-04-02T18:18:16.097571
438631,Dune,Dune,"Paul Atreides, a brilliant and gifted young man born into a great destiny beyond his understanding, must travel to the most dangerous planet in the universe to ensure the future of his family and his people. As malevolent forces explode into conflict over the planet's exclusive supply of the most precious resource in existence-a commodity capable of unlocking humanity's greatest potential-only those who can conquer their fear will survive.","[""Science Fiction"", ""Adventure""]","[""Timoth\u00e9e Chalamet"", ""Rebecca Ferguson"", ""Oscar Isaac"", ""Jason Momoa"", ""Stellan Skarsg\u00e5rd"", ""Stephen McKinley Henderson"", ""Josh Brolin"", ""Javier Bardem""]","[""Denis Villeneuve""]","[""empire"", ""future"", ""army"", ""based on novel or book"", ""prophecy"", ""dystopia"", ""emperor"", ""sand"", ""spice"", ""chosen one"", ""hallucinogen"", ""treason"", ""baron"", ""revenge"", ""premonition"", ""betrayal"", ""space"", ""water shortage"", ""creature"", ""desert""]",2021-09-15,/gDzOcq0pfeCeqMBwKIJlSmQpjkZ.jpg,7.779,14656,40.6059,en,2026-04-02T18:18:16.620761
1235304,Colours of Time,La Venue de l'avenir,"United by the unexpected inheritance of a house in Normandy, four estranged cousins discover their family history by retracing their ancestor's steps.","[""Drama"", ""Comedy""]","[""Suzanne Lindon"", ""Abraham Wapler"", ""Vincent Macaigne"", ""Julia Piaton"", ""Zinedine Soualem"", ""Paul Kircher"", ""Vassili Schneider"", ""Sara Giraudeau""]","[""C\u00e9dric Klapisch""]","[""multiple time frames"", ""19th century"", ""1890s"", ""joyful""]",2025-05-22,/vaZBgB1Z3dkdu0LuvId0VoEHCBA.jpg,7.5,217,2.7159,fr,2026-04-02T18:18:17.107984
1294698,Case 137,Dossier 137,"Stéphanie, a police officer working for Internal Affairs, is assigned to a case involving a young man severely wounded during a tense and chaotic demonstration in Paris. While she finds no evidence of illegitimate police violence, the case takes a personal turn when she discovers the victim is from her hometown.","[""Crime"", ""Drama""]","[""L\u00e9a Drucker"", ""Jonathan Turnbull"", ""Mathilde Riu"", ""Guslagie Malanda"", ""Stanislas Merhar"", ""Sandra Colombo"", ""Valentin Campagne"", ""Mathilde Roehrich""]","[""Dominik Moll""]",[],2025-11-19,/t93h1ptV098Q6vzl9gfEymJQ6Qp.jpg,7.063,127,4.0685,fr,2026-04-02T18:18:18.610806
874860,Storm Rider: Legend of Hammerhead,Storm Rider: Legend of Hammerhead,"Centuries after the Great Flood, riders compete in death races on the water to secure shelter for their people behind the walls of Argos. Rebellious storm riders Neb and Ana look to uncover hidden truths by breaking through the storm.","[""Adventure"", ""Science Fiction"", ""Action""]","[""Marco Ils\u00f8"", ""Billy Barratt"", ""Gilles Geary"", ""Sarah-Sofie Boussnina"", ""Ivana Dudi\u0107"", ""Goran Bogdan"", ""Neb Chupin"", ""Caroline Goodall""]","[""Zoran Lisinac"", ""Domagoj Mazuran""]",[],2026-03-13,/l9JjrKhJRmL0PNpnCmMidf9JAt1.jpg,7.0,2,6.5728,en,2026-04-02T18:18:19.167644
1284460,Alpha,Alpha,"Alpha, a troubled 13-year-old lives with her single mom. Their world collapses the day she returns from school with a tattoo on her arm.","[""Horror"", ""Drama"", ""Science Fiction""]","[""M\u00e9lissa Boros"", ""Tahar Rahim"", ""Golshifteh Farahani"", ""Emma Mackey"", ""Finnegan Oldfield"", ""Louai El Amrousy"", ""Ambrine Trigo Ouaked"", ""Zohra Benbetka""]","[""Julia Ducournau""]","[""coming of age"", ""disease"", ""pandemic"", ""mother daughter relationship"", ""body horror"", ""depressing""]",2025-08-20,/3SHrOxEjlcPPJUnM1vSzJCj3qOO.jpg,6.4,101,14.272,fr,2026-04-02T18:18:19.578372
1218925,Chainsaw Man - The Movie: Reze Arc,劇場版 チェンソーマン レゼ篇,"In a brutal war between devils, hunters, and secret enemies, a mysterious girl named Reze has stepped into Denji's world, and he faces his deadliest battle yet, fueled by love in a world where survival knows no rules.","[""Animation"", ""Action"", ""Romance"", ""Fantasy""]","[""Kikunosuke Toya"", ""Reina Ueda"", ""Tomori Kusunoki"", ""Shogo Sakata"", ""Maaya Uchida"", ""Natsuki Hanae"", ""Karin Takahashi"", ""Fairouz Ai""]","[""Tatsuya Yoshihara""]","[""regret"", ""fight"", ""identity"", ""supernatural"", ""affectation"", ""manipulation"", ""secret organization"", ""gore"", ""sequel"", ""tragedy"", ""loneliness"", ""chainsaw"", ""based on manga"", ""demon"", ""adult animation"", ""star crossed lovers"", ""tragic romance"", ""shounen"", ""anime"", ""dark romance""]",2025-09-19,/pHyxb2RV5wLlboAwm9ZJ9qTVEDw.jpg,8.326,777,29.8142,ja,2026-04-02T18:18:19.998436
149871,The Tale of The Princess Kaguya,かぐや姫の物語,"Found inside a shining stalk of bamboo by an old bamboo cutter and his wife, a tiny girl grows rapidly into an exquisite young lady. The mysterious young princess enthrals all who encounter her. But, ultimately, she must confront her fate.","[""Animation"", ""Drama"", ""Fantasy""]","[""Aki Asakura"", ""Takeo Chii"", ""Nobuko Miyamoto"", ""Kengo Kora"", ""Atsuko Takahata"", ""Tomoko Tabata"", ""Shinosuke Tatekawa"", ""Takaya Kamikawa""]","[""Isao Takahata""]","[""princess"", ""historical"", ""japanese woman"", ""based on fairy tale"", ""japanese folklore"", ""anime"", ""fantasy"", ""cruel""]",2013-11-23,/cQidJuA546OSSXKWXoiCeINDxuj.jpg,8.095,1954,7.0975,ja,2026-04-02T18:18:20.419270
772462,Don't Follow Me,No Me Sigas,"Obsessed with going viral with her videos of ghosts and paranormal events, aspiring influencer Carla moves into a famous haunted building. There, she begins faking ghostly apparitions to gain more followers, unaware that a real evil entity resides in her apartment and will torment her until no one, not even she, can distinguish what's real and what isn't.","[""Horror"", ""Mystery""]","[""Karla Rodr\u00edguez Coronado"", ""Yankel Stevan"", ""Julia Maque"", ""Cesar Serrano Prado \""Parker\"""", ""Mar\u00eda Ulloa"", ""Miranda Garc\u00eda"", ""Luz Mar\u00eda Meza"", ""Fernanda Chicurel""]","[""Ximena Garc\u00eda Lecuona"", ""Eduardo Lecuona""]","[""sacrifice"", ""supernatural"", ""haunted house"", ""cult"", ""evil spirit"", ""satanic ritual"", ""found footage"", ""social media"", ""social media influencer"", ""supernatural horror"", ""horror"", ""influencer""]",2025-10-30,/wBYicLV0zfdtXweWXcoiou3moNu.jpg,6.209,43,5.609,es,2026-04-02T18:18:20.710780
1130875,Operation Taco Gary's,Operation Taco Gary's,Two brothers uncover an alien invasion hidden inside a fast-food chain and must save Earth.,"[""Comedy"", ""Science Fiction"", ""Action""]","[""Simon Rex"", ""Dustin Milligan"", ""Brenda Song"", ""Jason Biggs"", ""Arturo Castro"", ""Tony Cavalero"", ""Doug Jones"", ""Bill Dawes""]","[""Michael Kvamme""]","[""conspiracy theory"", ""stoner"", ""stoner movie"", ""action comedy"", ""alien conspiracy"", ""stoner comedy"", ""hilarious""]",2026-02-27,/soKwdOugcT1XRVd7KpvTMSflz0D.jpg,7.2,4,5.6277,en,2026-04-02T18:18:21.217881
1241470,Osiris,Osiris,"Special Forces commandos on a mission are abducted mid-operation by a mysterious spacecraft. Upon waking aboard, they find themselves prey to a relentless alien race in a fight for survival.","[""Science Fiction"", ""Action"", ""Horror""]","[""Max Martini"", ""Brianna Hildebrand"", ""LaMonica Garrett"", ""Michael Irby"", ""Linda Hamilton"", ""Stanley White Jr."", ""Tyler Galpin"", ""Linds Edwards""]","[""William Kaufman""]","[""spacecraft"", ""special forces"", ""absurd""]",2025-07-25,/3YtZHtXPNG5AleisgEatEfZOT2w.jpg,5.961,218,31.8367,en,2026-04-02T18:18:21.621753
387,Das Boot,Das Boot,"A German submarine hunts allied ships during the Second World War, but it soon becomes the hunted. The crew tries to survive below the surface, while stretching both the boat and themselves to their limits.","[""Drama"", ""History"", ""War""]","[""J\u00fcrgen Prochnow"", ""Herbert Gr\u00f6nemeyer"", ""Klaus Wennemann"", ""Hubertus Bengsch"", ""Martin Semmelrogge"", ""Bernd Tauber"", ""Erwin Leder"", ""Martin May""]","[""Wolfgang Petersen""]","[""based on novel or book"", ""submarine"", ""war correspondent"", ""atlantic ocean"", ""gibraltar"", ""world war ii"", ""duty"", ""suicide mission"", ""drinking"", ""sailor"", ""convoy"", ""destroyer"", ""naval warfare"", ""naval battle"", ""battle of the atlantic"", ""german u-boat fleet"", ""confined spaces"", ""submarino""]",1981-09-17,/u8FhQPncOAkwcei2OI9orPWhV6K.jpg,8.086,2472,5.4138,de,2026-04-02T18:18:22.102588
522627,The Gentlemen,The Gentlemen,"American expat Mickey Pearson has built a highly profitable marijuana empire in London. When word gets out that he’s looking to cash out of the business forever it triggers plots, schemes, bribery and blackmail in an attempt to steal his domain out from under him.","[""Comedy"", ""Crime""]","[""Matthew McConaughey"", ""Charlie Hunnam"", ""Michelle Dockery"", ""Jeremy Strong"", ""Lyne Renee"", ""Colin Farrell"", ""Henry Golding"", ""Tom Wu""]","[""Guy Ritchie""]","[""london, england"", ""robbery"", ""businessman"", ""gangster"", ""dark comedy"", ""betrayal"", ""marijuana"", ""business"", ""jewish american"", ""gunfight"", ""brutality"", ""american abroad"", ""irishman"", ""scheme"", ""playful"", ""casual""]",2020-01-01,/jtrhTYB7xSrJxR1vusu99nvnZ1g.jpg,7.661,6499,6.7362,en,2026-04-02T18:18:22.562271
389,12 Angry Men,12 Angry Men,"The defense and the prosecution have rested and the jury is filing into the jury room to decide if a young Spanish-American is guilty or innocent of murdering his father. What begins as an open and shut case soon becomes a mini-drama of each of the jurors' prejudices and preconceptions about the trial, the accused, and each other.","[""Drama""]","[""Martin Balsam"", ""John Fiedler"", ""Lee J. Cobb"", ""E.G. Marshall"", ""Jack Klugman"", ""Edward Binns"", ""Jack Warden"", ""Henry Fonda""]","[""Sidney Lumet""]","[""death penalty"", ""anonymity"", ""court case"", ""judge"", ""jurors"", ""innocence"", ""witness"", ""knife"", ""matter of life and death"", ""based on play or musical"", ""trial"", ""murder"", ""debate"", ""capital punishment"", ""black and white"", ""courtroom"", ""angry"", ""courtroom drama"", ""huis clos"", ""baffled""]",1957-04-10,/zhG3vKWyDRaZYoaww1UVAi29T9h.jpg,8.557,9853,16.2238,en,2026-04-02T18:18:22.857642
1175942,The Bad Guys 2,The Bad Guys 2,"The now-reformed Bad Guys are trying (very, very hard) to be good, but instead find themselves hijacked into a high-stakes, globe-trotting heist, masterminded by a new team of criminals they never saw coming: The Bad Girls.","[""Family"", ""Comedy"", ""Crime"", ""Adventure"", ""Animation""]","[""Sam Rockwell"", ""Marc Maron"", ""Awkwafina"", ""Craig Robinson"", ""Anthony Ramos"", ""Zazie Beetz"", ""Danielle Brooks"", ""Natasha Lyonne""]","[""Pierre Perifel""]","[""california"", ""based on novel or book"", ""snake"", ""police"", ""wolf"", ""fight"", ""spider"", ""villain"", ""sequel"", ""heist"", ""anthropomorphism"", ""space"", ""los angeles, california"", ""wedding"", ""space station"", ""framed for a crime"", ""luchador"", ""joyful""]",2025-07-24,/26oSPnq0ct59l07QOXZKyzsiRtN.jpg,7.672,724,21.5605,en,2026-04-02T18:18:23.265325
1159559,Scream 7,Scream 7,"When a new Ghostface killer emerges in the quiet town where Sidney Prescott has built a new life, her darkest fears are realized as her daughter becomes the next target. Determined to protect her family, Sidney must face the horrors of her past to put an end to the bloodshed once and for all.","[""Horror"", ""Mystery"", ""Crime""]","[""Neve Campbell"", ""Courteney Cox"", ""Isabel May"", ""Jasmin Savoy Brown"", ""Mason Gooding"", ""Roger L. Jackson"", ""Anna Camp"", ""Joel McHale""]","[""Kevin Williamson""]","[""mask"", ""artificial intelligence (a.i.)"", ""sequel"", ""murder"", ""serial killer"", ""slasher"", ""whodunit"", ""killing spree"", ""self-referential"", ""reboot"", ""crime spree"", ""duringcreditsstinger"", ""disturbed"", ""murder mystery"", ""masked villain"", ""murder spree"", ""teen horror"", ""apathetic"", ""whodunnit""]",2026-02-25,/jjyuk0edLiW8vOSnlfwWCCLpbh5.jpg,5.878,564,232.1837,en,2026-04-02T18:18:23.645400
1282440,Happy Patel: Khatarnak Jasoos,Happy Patel: Khatarnak Jasoos,"Chronically unsuccessful MI7 operative Happy Patel is finally assigned a mission in Goa, where he uncovers his Indian roots and must rescue a high-profile scientist from crime lord Mama. Unaware of his Indian heritage and armed with a comically British accent, Happy’s blunders trigger a string of chaotic mishaps that could lead him to expose a criminal network.","[""Comedy"", ""Action"", ""Romance""]","[""Vir Das"", ""Mona Singh"", ""Mithila Palkar"", ""Sharib Hashmi"", ""Srushti Tawade"", ""Aamir Khan"", ""Imran Khan"", ""Andrew Sloman""]","[""Vir Das"", ""Kavi Shastri""]","[""espionage"", ""satire"", ""hilarious"", ""spy comedy""]",2026-01-16,/tZJBXGNyDanSne6a2TLRU45Uhwu.jpg,8.4,7,8.1139,hi,2026-04-02T18:18:24.210368
37257,Witness for the Prosecution,Witness for the Prosecution,An ailing barrister is thrust back into the courtroom in what becomes one of the most unusual and eventful murder cases of the lawyer's career when he finds himself defending a man being tried for the murder of a socialite.,"[""Drama"", ""Mystery"", ""Crime""]","[""Tyrone Power"", ""Marlene Dietrich"", ""Charles Laughton"", ""Elsa Lanchester"", ""John Williams"", ""Henry Daniell"", ""Ian Wolfe"", ""Torin Thatcher""]","[""Billy Wilder""]","[""based on novel or book"", ""nurse"", ""widow"", ""cigarette"", ""letter"", ""trial"", ""murder"", ""lawyer"", ""courtroom"", ""murder mystery"", ""tiki culture"", ""anxious"", ""embarrassed""]",1957-12-17,/bCj4EfuehAlgBwVd3diyWyhuuau.jpg,8.208,1648,5.5597,en,2026-04-02T18:18:24.606269
579974,RRR,రౌద్రం రణం రుధిరం,A fictional history of two legendary revolutionaries' journey away from home before they began fighting for their country in the 1920s.,"[""Action"", ""Adventure"", ""Drama""]","[""N.T. Rama Rao Jr."", ""Ram Charan"", ""Olivia Morris"", ""Ray Stevenson"", ""Alison Doody"", ""Ajay Devgn"", ""Alia Bhatt"", ""Samuthirakani""]","[""S. S. Rajamouli""]","[""rescue"", ""revolution"", ""liberation"", ""slavery"", ""male friendship"", ""freedom fighter"", ""british empire"", ""interracial romance"", ""historical fiction"", ""period drama"", ""historical"", ""1920s"", ""history of india"", ""killed in action"", ""war"", ""amused""]",2022-03-24,/nEufeZlyAOLqO2brrs0yeF1lgXO.jpg,7.722,1561,7.076,te,2026-04-02T18:18:24.975119
8587,The Lion King,The Lion King,"Young lion prince Simba, eager to one day become king of the Pride Lands, grows up under the watchful eye of his father Mufasa; all the while his villainous uncle Scar conspires to take the throne for himself. Amid betrayal and tragedy, Simba must confront his past and find his rightful place in the Circle of Life.","[""Family"", ""Animation"", ""Drama"", ""Adventure""]","[""Matthew Broderick"", ""Moira Kelly"", ""Nathan Lane"", ""Ernie Sabella"", ""James Earl Jones"", ""Jeremy Irons"", ""Robert Guillaume"", ""Rowan Atkinson""]","[""Roger Allers"", ""Rob Minkoff""]","[""father murder"", ""loss of loved one"", ""africa"", ""lion"", ""cartoon"", ""manipulation"", ""villain"", ""redemption"", ""musical"", ""uncle"", ""coming of age"", ""murder"", ""warthog"", ""shaman"", ""king"", ""scar"", ""family"", ""hyena"", ""meerkat"", ""nature""]",1994-06-15,/sKCr78MXSLixwmZ8DyJLrpMsd15.jpg,8.252,19523,17.9904,en,2026-04-02T18:18:25.788199
57736,Mirapakay,Mirapakay,"Rishi (Ravi Teja) is an inspector in the Intelligence Bureau. His colleagues fondly call him 'Mirapakaay'. The chief of the IB, Narayana Murthy (Nagababu) gets information that Kittu Bhai (Prakash Raj), a mafia don, is trying to spread his tentacles in India and is targeting Delhi first. During the course of the investigation, ACP (Sanjay Swaroop) is killed by Shankar (Kota Srinivasa Rao), a local goon with the help of his son (Supreet). Murthy sends Rishi to Hyderabad and gets him admitted to a college as a Hindi lecturer as part of an undercover operation. Rishi meets Vinamra (Richa Gangopadhyay) at a temple & falls in love at first sight. Incidentally, she studies in the same college and in the same class to which Rishi teaches Hindi. Their love blossoms. At this juncture, Vaishali (Deeksha Seth), daughter of Kittu Bhai, joins the same college. Grabbing the opportunity, the IB chief asks Rishi to extract information about Kittu from Vaishali.","[""Action"", ""Comedy""]","[""Ravi Teja"", ""Richa Gangopadhyay"", ""Deeksha Seth"", ""Prakash Raj"", ""Kota Srinivasa Rao"", ""Sunil Varma"", ""Ajay"", ""Nagendra Babu""]","[""Harish Shankar""]",[],2011-01-12,/xb4ePZdBvazvqrETSTbjCtQMWj0.jpg,5.6,14,1.0361,te,2026-04-02T18:18:26.185575
1139087,Once Upon a Studio,Once Upon a Studio,"Created for Disney's 100th anniversary, the short features Mickey Mouse corralling a gallery of legendary Disney characters for a group photo.","[""Animation"", ""Family"", ""Fantasy"", ""Comedy""]","[""Chris Diamantopoulos"", ""Kaitlyn Robrock"", ""Tony Anselmo"", ""Bill Farmer"", ""Jim Cummings"", ""Auli\u02bbi Cravalho"", ""Kristen Bell"", ""Anika Noni Rose""]","[""Trent Correy"", ""Dan Abraham""]","[""live action and animation"", ""dedication"", ""short film"", ""cgi-live action hybrid""]",2023-09-24,/aiy3G1cYWV3LgKZHY6a3jL8bjYL.jpg,8.278,419,4.5598,en,2026-04-02T18:18:26.858491
402,Basic Instinct,Basic Instinct,"Catherine, a novelist with an insatiable sexual appetite, becomes a prime suspect when her boyfriend is brutally murdered -- a crime she had described in her latest story.","[""Thriller"", ""Mystery""]","[""Michael Douglas"", ""Sharon Stone"", ""George Dzundza"", ""Jeanne Tripplehorn"", ""Denis Arndt"", ""Leilani Sarelle"", ""Bruce A. Young"", ""Chelcie Ross""]","[""Paul Verhoeven""]","[""dying and death"", ""california"", ""jealousy"", ""sexual obsession"", ""police"", ""san francisco, california"", ""sadism"", ""psychopath"", ""detective"", ""eroticism"", ""bisexuality"", ""suspicion of murder"", ""lover"", ""striptease"", ""celebrity"", ""femme fatale"", ""sociopath"", ""dead"", ""neo-noir"", ""erotic thriller""]",1992-03-20,/76Ts0yoHk8kVQj9MMnoMixhRWoh.jpg,6.934,4308,7.3478,en,2026-04-02T18:18:27.258859
82322,Varsham,వర్షం,"Venkat and Sailaja meet on a train and fall in love. But Sailaja's father disapproves of their relationship and decides to marry her off to Bhadranna, a ruthless landlord, who is obsessed with her.","[""Drama"", ""Thriller"", ""Romance""]","[""Prabhas"", ""Trisha Krishnan"", ""Gopichand"", ""Prakash Raj"", ""Sunil Varma"", ""Raghu Babu"", ""Ajay"", ""M. S. Narayana""]","[""Sobhan""]",[],2004-01-14,/3OkbWNeRVQopeGwdocnwk0fXW3j.jpg,6.1,17,1.0136,te,2026-04-02T18:18:27.651129
80276,Dookudu,దూకుడు,"To protect his father recovering from a coma, a relentless cop must pose as the political leader his father always envisioned while hunting the men who tried to kill him.","[""Action"", ""Comedy"", ""Thriller""]","[""Mahesh Babu"", ""Samantha Ruth Prabhu"", ""Prakash Raj"", ""Sonu Sood"", ""Brahmanandam"", ""M. S. Narayana"", ""Adithya Menon"", ""Kota Srinivasa Rao""]","[""Sreenu Vaitla""]","[""coma"", ""undercover"", ""mafia boss"", ""deception"", ""revenge"", ""mafia"", ""tv show in film"", ""make believe"", ""father son relationship"", ""love story"", ""reality tv"", ""tv show""]",2011-09-23,/e9uffrN9z22uuiBF9B0bTDDvbjz.jpg,6.8,50,1.985,te,2026-04-02T18:18:27.963506
82324,Thulasi,తులసి,"Tired of her husband's crusade against factional feuds, Thulasi's wife leaves him. However, when their fatally ill son is abducted by factionists, he must resort to violence again.","[""Action"", ""Family"", ""Drama""]","[""Venkatesh"", ""Nayanthara"", ""Vijayakumar"", ""Ashish Vidhyarthi"", ""Rahul Dev"", ""Ramya Krishnan"", ""Sivaji Sontineni"", ""Ali Basha""]","[""Boyapati Srinu""]",[],2007-10-12,/yqYEDmoWaQImAL6D9SrKqroUDZJ.jpg,5.7,11,1.2646,te,2026-04-02T18:18:28.387003
563604,Dear Comrade,డియర్ కామ్రేడ్,A hot-blooded student union leader falls for a state-level cricketer but his anger management issues and violent streak threatens to derail their love story .,"[""Drama"", ""Action"", ""Romance""]","[""Vijay Deverakonda"", ""Rashmika Mandanna"", ""Shruti Ramachandran"", ""Suhas"", ""Raj Arjun"", ""Charu Haasan"", ""Anand"", ""Kalyani Natarajan""]","[""Bharat Kamma""]",[],2019-07-25,/wEDh02aLl2fkCXi25V4MOOuEuWF.jpg,6.9,44,1.0881,te,2026-04-02T18:18:28.691164
1292695,They Will Kill You,They Will Kill You,"A woman answers a help wanted ad to be a housekeeper in a mysterious high-rise in New York City, not realizing she is entering a community that has seen a number of disappearances over the years and may be under the grip of a Satanic cult.","[""Action"", ""Comedy"", ""Horror""]","[""Zazie Beetz"", ""Patricia Arquette"", ""Myha'la"", ""Paterson Joseph"", ""Tom Felton"", ""Heather Graham"", ""Willie Ludik"", ""David Viviers""]","[""Kirill Sokolov""]","[""new york city"", ""ritual"", ""cult"", ""survival"", ""disappearance"", ""housekeeper"", ""survival horror"", ""high rise"", ""satanic cult"", ""manhattan, new york city"", ""malicious"", ""amused"", ""mean spirited""]",2026-03-25,/6oI4oQKTWMVUlr8Ivqydp28Ruu6.jpg,6.566,83,52.4843,en,2026-04-02T18:18:29.084877
1214871,Onegin,Онегин,"Evgeniy Onegin lives in grand style: balls, receptions, theater premieres and other frivolities the capital can offer a young man. But social life has long tired him, so he perceives the news of the illness of his uncle living in the village as an opportunity to escape. However, having reached the estate, Onegin learns about the death of a relative, which, however, does not upset Evgeniy too much. His financial affairs are very sad, and his uncle is rich and has no other heirs. Onegin locks himself in the estate, living in aimless solitude until the owner, who has returned from abroad, appears at the neighboring estate – a young, enthusiastic Vladimir Lenskiy, not yet satiated with life, who introduces Evgeniy to sisters Tatyana and Olga Larin.","[""Drama"", ""Romance""]","[""Victor Dobronravov"", ""Liza Moryak"", ""Denis Prytkov"", ""Tatyana Sabinova"", ""Vladimir Vdovichenkov"", ""Svetlana Nemolyaeva"", ""Alyona Khmelnitskaya"", ""Aleksey Grishin""]","[""Sarik Andreasyan""]","[""based on novel or book"", ""one-sided love"", ""cynicism"", ""aristocrat"", ""russian literature"", ""romantic drama""]",2024-03-07,/qEgFBpDn3V8gu3y9cybQg2IbqxQ.jpg,6.8,11,25.4599,ru,2026-04-02T18:18:29.499438
1309083,Dolly,Dolly,"Young Macy is abducted by a deranged, monstrous figure who wants to raise her as its child.","[""Horror""]","[""Max Lindsey"", ""Fabianne Therese"", ""Seann William Scott"", ""Ethan Suplee"", ""Russ Tiller"", ""Michalina Scorzelli"", ""Kate Cobb""]","[""Rod Blackhurst""]","[""macabre""]",2026-03-06,/sTPUg3XtdcKRAS5Vwsi1GYPFhNZ.jpg,6.6,6,11.2861,en,2026-04-02T18:18:29.884717
1268127,Humint,휴민트,A South Korean agent hunts a drug ring in Russia and goes head-to-head with a North Korean operative — pulling both into peril and tangled secrets.,"[""Thriller"", ""Action"", ""Drama""]","[""Zo In-sung"", ""Park Jeong-min"", ""Park Hae-joon"", ""Shin Sae-kyeong"", ""Robert Maaser"", ""Jung Yoo-jin"", ""Park Myung-shin"", ""Lee Shin-ki""]","[""Ryoo Seung-wan""]","[""double agent"", ""double cross"", ""undercover operation"", ""south korea"", ""north korea"", ""inter-korean relations"", ""political conspiracy"", ""spy vs spy"", ""deadly alliance"", ""trust no one"", ""hidden truths"", ""silent war"", ""broken loyalty"", ""shadow politics"", ""cold betrayal"", ""final operation"", ""intelligence war"", ""nis agent"", ""humint""]",2026-02-11,/82bX2GK4PhaJQtfkTnfmd2P7erG.jpg,7.4,14,31.3415,ko,2026-04-02T18:18:30.153227
1005985,Organ Child,器子,"A series of tragic events unfolds after Chang Chi-Mao's daughter goes missing as an infant. Chang becomes consumed by revenge against a powerful criminal organization suspected of kidnapping her. Along the way, he clings to the hope that his daughter may still be alive, determined to rescue her and break free from their dark fate.","[""Action"", ""Drama"", ""Crime""]","[""Joseph Chang"", ""Moon Lee"", ""Shou Lou"", ""Simon Hsueh"", ""Kenzy Chou"", ""Nine Chen"", ""Lai"", ""Kenny Khoo""]","[""Shiue Bin Jian""]",[],2025-04-11,/bqKind6aQbKnfqDEBRMHrqrQhmU.jpg,6.1,33,1.7811,zh,2026-04-02T18:18:30.540436
405924,Janatha Garage,జనతా గ్యారేజ్,"Anand is an environmental activist who lives in Mumbai. A chance exchange programme takes him to Hyderabad and here, a chance encounter with Satyam results in him taking over the Janatha Garage from the latter.","[""Action"", ""Drama""]","[""N.T. Rama Rao Jr."", ""Mohanlal"", ""Unni Mukundan"", ""Samantha Ruth Prabhu"", ""Nithya Menen"", ""Sai Kumar"", ""Sachin Khedekar"", ""Devayani""]","[""Koratala Siva""]","[""garage"", ""environmental""]",2016-09-01,/cj9bhdru0CxnAnCYAIy63P134eL.jpg,7.2,46,2.0311,te,2026-04-02T18:18:30.810301
475557,Joker,Joker,"During the 1980s, a failed stand-up comedian is driven insane and turns to a life of crime and chaos in Gotham City while becoming an infamous psychopathic crime figure.","[""Crime"", ""Thriller"", ""Drama""]","[""Joaquin Phoenix"", ""Robert De Niro"", ""Zazie Beetz"", ""Frances Conroy"", ""Brett Cullen"", ""Shea Whigham"", ""Bill Camp"", ""Glenn Fleshler""]","[""Todd Phillips""]","[""society"", ""based on comic"", ""social commentary"", ""psychological thriller"", ""criminal mastermind"", ""mental illness"", ""anarchy"", ""character study"", ""clown makeup"", ""outsider"", ""prophetic"", ""social realism"", ""tv host"", ""1980s"", ""mother son relationship"", ""origin story"", ""falling into madness"", ""anti-capitalist"", ""dc elseworlds"", ""best picture nominee""]",2019-10-01,/udDclJoHjfjb8Ekgsd4FDteOkCU.jpg,8.126,27482,35.1439,en,2026-04-02T18:18:31.305435
635302,Demon Slayer -Kimetsu no Yaiba- The Movie: Mugen Train,劇場版「鬼滅の刃」無限列車編,"Tanjiro Kamado, joined with Inosuke Hashibira, a boy raised by boars who wears a boar's head, and Zenitsu Agatsuma, a scared boy who reveals his true power when he sleeps, boards the Infinity Train on a new mission with the Fire Hashira, Kyojuro Rengoku, to defeat a demon who has been tormenting the people and killing the demon slayers who oppose it!","[""Animation"", ""Action"", ""Fantasy""]","[""Natsuki Hanae"", ""Akari Kito"", ""Hiro Shimono"", ""Yoshitsugu Matsuoka"", ""Satoshi Hino"", ""Takahiro Sakurai"", ""Katsuyuki Konishi"", ""Saori Hayami""]","[""Haruo Sotozaki""]","[""fight"", ""magic"", ""supernatural"", ""psychology"", ""gore"", ""sequel"", ""coming of age"", ""survival"", ""tragedy"", ""based on manga"", ""demon"", ""historical"", ""family"", ""mutilation"", ""dark fantasy"", ""shounen"", ""anime"", ""taisho period""]",2020-10-16,/h8Rb9gBr48ODIwYUttZNYeMWeUU.jpg,8.199,4440,12.2913,ja,2026-04-02T18:18:31.721326
423,The Pianist,The Pianist,"The true story of pianist Władysław Szpilman's experiences in Warsaw during the Nazi occupation. When the Jews of the city find themselves forced into a ghetto, Szpilman finds work playing in a café; and when his family is deported in 1942, he stays behind, works for a while as a laborer, and eventually goes into hiding in the ruins of the war-torn city.","[""Drama"", ""War""]","[""Adrien Brody"", ""Thomas Kretschmann"", ""Frank Finlay"", ""Maureen Lipman"", ""Emilia Fox"", ""Ed Stoppard"", ""Julia Rayner"", ""Jessica Kate Meyer""]","[""Roman Polanski""]","[""concert"", ""nazi"", ""resistance"", ""warsaw ghetto"", ""polish resistance"", ""homeland"", ""holocaust (shoah)"", ""hunger"", ""world war ii"", ""prisoner of war"", ""ghetto"", ""deportation"", ""jew persecution"", ""liberation"", ""biography"", ""based on true story"", ""survival"", ""based on memoir or autobiography"", ""pianist"", ""poland""]",2002-09-17,/2hFvxCCWrTmCYwfy7yum0GKRi3Y.jpg,8.4,10012,12.9105,en,2026-04-02T18:18:32.000182
1317288,Marty Supreme,Marty Supreme,"Marty Mauser, a young man with a dream no one respects, goes to hell and back in pursuit of greatness.","[""Drama"", ""Thriller""]","[""Timoth\u00e9e Chalamet"", ""Gwyneth Paltrow"", ""Odessa A'zion"", ""Kevin O'Leary"", ""Tyler, The Creator"", ""Fran Drescher"", ""Abel Ferrara"", ""Emory Cohen""]","[""Josh Safdie""]","[""new york city"", ""sports"", ""capitalism"", ""hustler"", ""narcissism"", ""ping pong"", ""scheming"", ""1950s"", ""dedication"", ""american businessman"", ""table tennis"", ""amused"", ""bewildered"", ""oscar nominee"", ""best picture nominee""]",2025-12-19,/lYWEXbQgRTR4ZQleSXAgRbxAjvq.jpg,7.434,1478,24.4841,en,2026-04-02T18:18:32.310167
1575337,Cosmic Princess Kaguya!,超かぐや姫！,"Iroha's life gets knocked off its orbit when Kaguya, a carefree runaway from the Moon, moves in and convinces her to perform in a virtual world together.","[""Animation"", ""Fantasy"", ""Music"", ""Science Fiction""]","[""Yuko Natsuyoshi"", ""Anna Nagase"", ""Saori Hayami"", ""Miyu Irino"", ""Yuma Uchida"", ""Yoshitsugu Matsuoka"", ""Yoshino Aoyama"", ""Konomi Kohara""]","[""Shingo Yamashita""]","[""time travel"", ""anime"", ""virtual world"", ""idol"", ""science fantasy""]",2026-01-22,/9I9cM38gecZcwJ0C6r0cwfvtPJP.jpg,8.418,61,16.1929,ja,2026-04-02T18:18:32.608581
424,Schindler's List,Schindler's List,The true story of how businessman Oskar Schindler saved over a thousand Jewish lives from the Nazis while they worked as slaves in his factory during World War II.,"[""Drama"", ""History"", ""War""]","[""Liam Neeson"", ""Ben Kingsley"", ""Ralph Fiennes"", ""Caroline Goodall"", ""Jonathan Sagall"", ""Embeth Davidtz"", ""Ma\u0142gorzata Gebel"", ""Shmuel Levy""]","[""Steven Spielberg""]","[""factory"", ""hero"", ""nazi"", ""concentration camp"", ""ss (nazi schutzstaffel)"", ""holocaust (shoah)"", ""world war ii"", ""ghetto"", ""jew persecution"", ""krak\u00f3w, poland"", ""defense industry"", ""auschwitz-birkenau concentration camp"", ""biography"", ""based on true story"", ""industrialist"", ""historical fiction"", ""black and white"", ""train"", ""period drama"", ""poland""]",1993-12-15,/sF1U4EUQS8YHUYjNl3pMGNIQyr0.jpg,8.567,17260,21.8414,en,2026-04-02T18:18:33.035568
426,Vertigo,Vertigo,"A retired San Francisco detective suffering from acrophobia investigates the strange activities of an old friend's wife, all the while becoming dangerously obsessed with her.","[""Mystery"", ""Romance"", ""Thriller""]","[""James Stewart"", ""Kim Novak"", ""Barbara Bel Geddes"", ""Tom Helmore"", ""Henry Jones"", ""Raymond Bailey"", ""Ellen Corby"", ""Konstantin Shayne""]","[""Alfred Hitchcock""]","[""plan"", ""love of one's life"", ""sense of guilt"", ""san francisco, california"", ""suicide attempt"", ""obsession"", ""bachelor"", ""detective"", ""necklace"", ""vertigo"", ""museum"", ""painting"", ""insurance fraud"", ""film noir"", ""golden gate bridge"", ""psychological thriller"", ""rescue from drowning"", ""paranoid"", ""neo-noir"", ""nervous""]",1958-05-09,/15uOEfqBNTVtDUT7hGBVCka0rZz.jpg,8.147,6267,4.5484,en,2026-04-02T18:18:33.529140
422,8½,8½,"Guido Anselmi, a film director, finds himself creatively barren at the peak of his career. Urged by his doctors to rest, Anselmi heads for a luxurious resort, but a sorry group gathers—his producer, staff, actors, wife, mistress, and relatives—each one begging him to get on with the show. In retreat from their dependency, he fantasizes about past women and dreams of his childhood.","[""Drama""]","[""Marcello Mastroianni"", ""Claudia Cardinale"", ""Anouk Aim\u00e9e"", ""Sandra Milo"", ""Rossella Falk"", ""Barbara Steele"", ""Madeleine Lebeau"", ""Caterina Boratto""]","[""Federico Fellini""]","[""dying and death"", ""adultery"", ""depression"", ""individual"", ""unsociability"", ""screenplay"", ""suicide attempt"", ""missile"", ""scapegoat"", ""movie business"", ""allegory"", ""difficult childhood"", ""creative crisis"", ""kurort"", ""black and white"", ""extramarital affair"", ""existence"", ""semi autobiographical"", ""thoughtful"", ""complex""]",1963-02-14,/nqOsvzEamX7AyNwSx48OOV2iidE.jpg,8.108,2499,4.2337,it,2026-04-02T18:18:33.920600
429,"The Good, the Bad and the Ugly","Il buono, il brutto, il cattivo","While the Civil War rages on between the Union and the Confederacy, three men – a quiet loner, a ruthless hitman, and a Mexican bandit – comb the American Southwest in search of a strongbox containing $200,000 in stolen gold.","[""Western""]","[""Clint Eastwood"", ""Eli Wallach"", ""Lee Van Cleef"", ""Aldo Giuffr\u00e8"", ""Luigi Pistilli"", ""Rada Rassimov"", ""Enzo Petito"", ""Claudio Scarchilli""]","[""Sergio Leone""]","[""gold"", ""army"", ""bounty hunter"", ""hitman"", ""refugee"", ""anti hero"", ""moral ambiguity"", ""gallows"", ""outlaw"", ""gun battle"", ""shootout"", ""spaghetti western"", ""graveyard"", ""american civil war"", ""stolen gold"", ""complex"", ""hidden gold"", ""gun death"", ""excited"", ""cemetary""]",1966-12-23,/bX2xnavhMYjWDoZp1VM6VnU1xwe.jpg,8.468,9516,17.2816,it,2026-04-02T18:18:34.230912
55721,Bridesmaids,Bridesmaids,"Annie's life is a mess. But when she finds out her lifetime best friend is engaged, she simply must serve as Lillian's maid of honor. Though lovelorn and broke, Annie bluffs her way through the expensive and bizarre rituals. With one chance to get it perfect, she’ll show Lillian and her bridesmaids just how far you’ll go for someone you love.","[""Comedy"", ""Romance""]","[""Kristen Wiig"", ""Maya Rudolph"", ""Rose Byrne"", ""Chris O'Dowd"", ""Melissa McCarthy"", ""Wendi McLendon-Covey"", ""Ellie Kemper"", ""Jill Clayburgh""]","[""Paul Feig""]","[""jealousy"", ""parent child relationship"", ""fight"", ""competition"", ""materialism"", ""bridesmaid"", ""female friendship"", ""sexual humor"", ""wealth"", ""fear of commitment"", ""wedding party"", ""best friend"", ""maid of honor"", ""drunk"", ""wedding dress"", ""group of friends"", ""missing person"", ""casual sex"", ""vanity"", ""duringcreditsstinger""]",2011-05-13,/gJtA7hYsBMQ7EM3sPBMUdBfU7a0.jpg,6.506,4632,6.375,en,2026-04-02T18:18:34.510415
74154,Nuvvostanante Nenoddantana,నువ్వొస్తానంటే నేనొద్దంటానా,"Siri and Santosh fall in love with each other and plan to get married. However, his mother disapproves of their relationship.","[""Drama"", ""Comedy"", ""Romance""]","[""Siddharth"", ""Trisha Krishnan"", ""Srihari"", ""Prakash Raj"", ""Archana"", ""Santhoshi"", ""Geetha"", ""Sunil Varma""]","[""Prabhu Deva""]",[],2005-01-14,/zixbDSR1gOHgcATGdMaq20LjZEL.jpg,6.7,27,1.8776,te,2026-04-02T18:18:35.086348
1372588,Akhanda 2: Thaandavam,అఖండ 2: తాండవం,"When all hope died, Akhanda arrived. He saved his family, protected his people, killed the wrongdoers, and retreated into isolation. But years later, new threats emerge putting the world in danger. And as the world burns, Akhanda returns.","[""Action"", ""Drama""]","[""Nandamuri Balakrishna"", ""Pragya Jaiswal"", ""Samyuktha"", ""Aadhi Pinisetty"", ""Akshara Nunna Sujana"", ""Harshaali Malthotra"", ""Kabir Duhan Singh"", ""Poorna""]","[""Boyapati Srinu""]",[],2025-12-12,/jo9efbQSGDZNQ6xMocyD1prFjdF.jpg,6.4,11,1.2126,te,2026-04-02T18:18:35.356370
20914,My Friends,Amici miei,Four inseparable friends try to face their midlife crisis with daytrips and pranks at the expense of their families and the people around them.,"[""Comedy""]","[""Ugo Tognazzi"", ""Gastone Moschin"", ""Philippe Noiret"", ""Duilio Del Prete"", ""Adolfo Celi"", ""Bernard Blier"", ""Marisa Traversi"", ""Milena Vukoti\u0107""]","[""Mario Monicelli""]","[""male friendship"", ""tuscany, italy"", ""goliardia""]",1975-10-24,/efQiC7hEXa6Vbn05FwNQoB8yGqX.jpg,8.1,743,1.6251,it,2026-04-02T18:18:35.754193
10681,WALL·E,WALL·E,"After hundreds of years doing what he was built for, WALL•E— a robot designed to clean up the earth—discovers a new purpose in life when he meets a sleek search robot named EVE. EVE comes to realize that WALL•E has inadvertently stumbled upon the key to the planet's future, and races back to space to report to the humans. Meanwhile, WALL•E chases EVE across the galaxy and sets into motion one of the most imaginative adventures ever brought to the big screen.","[""Animation"", ""Family"", ""Science Fiction""]","[""Ben Burtt"", ""Elissa Knight"", ""Jeff Garlin"", ""Fred Willard"", ""John Ratzenberger"", ""Kathy Najimy"", ""Sigourney Weaver"", ""Lori Alan""]","[""Andrew Stanton""]","[""garbage"", ""dystopia"", ""space travel"", ""distant future"", ""loneliness"", ""robot"", ""aftercreditsstinger"", ""duringcreditsstinger"", ""inspirational"", ""romantic"", ""cheerful"", ""dystopian sci-fi""]",2008-06-22,/hbhFnRzzg6ZDmm8YAmxBnQpQIPh.jpg,8.109,20065,16.4265,en,2026-04-02T18:18:36.258707
1393083,My Name,내 이름은,"South Korea, 1998: While the country moves closer towards democracy, Young-oak remains at odds with his female-connotated name while attending a boy's school where the air is thick with testosterone. The young man is struggling to fit in and find a new name among corrupt teachers and the teenagers' violent power games, which are as subtle as they are extreme. Behind his mother Jeong-sun's seemingly unflappable exterior, a past long repressed is reemerging, which she is reluctant to face. Yet confrontation is unavoidable – and it leads back to the national tragedy surrounding the Jeju Uprising of April 3rd, 1948.","[""Drama""]","[""Yeom Hye-ran"", ""Shin Woo-bin"", ""Choi Jun-woo"", ""Park Ji-bin"", ""Kim Gyu-ri"", ""Yu Jun-sang"", ""Oh Ji-ho"", ""Kim Min-jae""]","[""Chung Ji-young""]","[""jeju uprising"", ""jeju island""]",2026-04-15,/es4NOWmGNN5glTImUTVPh357LvH.jpg,0.0,0,1.7321,ko,2026-04-02T18:18:36.703479
504253,I Want to Eat Your Pancreas,君の膵臓をたべたい,"After his classmate and crush is diagnosed with a pancreatic disease, an average high schooler sets out to make the most of her final days.","[""Animation"", ""Drama"", ""Romance""]","[""Mahiro Takasugi"", ""Lynn"", ""Yukiyo Fujii"", ""Yuma Uchida"", ""Jun Fukushima"", ""Atsuko Tanaka"", ""Shin-ichiro Miki"", ""Emi Wakui""]","[""Shinichiro Ushijima""]","[""dying and death"", ""diary"", ""terminal illness"", ""tragedy"", ""hospital"", ""high school student"", ""shocking"", ""anime"", ""bucket list"", ""japanese high school"", ""based on web novel"", ""romantic""]",2018-09-01,/qpV8kvRfAntV7D4aOOsLIz7OdPc.jpg,8.221,1747,5.6577,ja,2026-04-02T18:18:37.125329
1403327,Coartadas,Coartadas,Follows the founder of a company who offers alibis to customers who are dishonest or disloyal.,"[""Comedy"", ""Romance""]","[""Jaime Lorente"", ""Adriana Torrebejano"", ""Leo Harlem"", ""Llum Barrera"", ""Ant\u00f3n Lofer"", ""Ana Jara Mart\u00ednez"", ""Paula Prendes"", ""Salva Reina""]","[""Hugo Mart\u00edn Cuervo""]","[""romcom"", ""remake""]",2025-11-28,/7Cpg0NQc2gZZfiBPRXfSwtXNKuq.jpg,5.4,8,36.6507,es,2026-04-02T18:18:37.521750
1401281,The Testament of Ann Lee,The Testament of Ann Lee,"The extraordinary true legend of Ann Lee, founder of the devotional sect known as the Shakers, who preached gender and social equality and was revered by her followers as the female Christ.","[""History"", ""Drama"", ""Music""]","[""Amanda Seyfried"", ""Lewis Pullman"", ""Thomasin McKenzie"", ""Matthew Beard"", ""Christopher Abbott"", ""Viola Prettejohn"", ""David Cale"", ""Stacy Martin""]","[""Mona Fastvold""]","[""new york city"", ""christianity"", ""celibacy"", ""musical"", ""evangelical christianity"", ""18th century"", ""woman director"", ""meditative"", ""manchester"", ""repression"", ""religious leader"", ""provocative"", ""admiring"", ""adoring"", ""exhilarated"", ""tragic"", ""based on real person"", ""shakers""]",2025-12-25,/hBGg3IGRM7LM6ydMmDrl8mEx33Y.jpg,6.521,97,12.0379,en,2026-04-02T18:18:37.942086
1130948,Rosebush Pruning,Rosebush Pruning,"In a Spanish villa, American siblings Jack, Ed, Anna and Robert wallow in isolation and their inherited fortune. When Jack wants to move in with his girlfriend and Ed uncovers the truth about their mother’s death, the fabric of the family begins to unravel.","[""Drama"", ""Thriller"", ""Comedy""]","[""Callum Turner"", ""Riley Keough"", ""Jamie Bell"", ""Lukas Gage"", ""Elena Anaya"", ""Tracy Letts"", ""Elle Fanning"", ""Pamela Anderson""]","[""Karim A\u00efnouz""]","[""based on novel or book"", ""dysfunctional family"", ""social satire"", ""family drama"", ""tragicomedy""]",2026-04-23,/rEn0kHtZAjb44R2Jv0FUBLdFPsY.jpg,0.0,0,2.5696,en,2026-04-02T18:18:38.333012
1221061,Sound of Falling,In die Sonne schauen,"Four adolescent girls each spend their youth in the same farmhouse over the last century. Though separated by decades, resonances between their lives emerge: their desires and distress, secrets and truths, encounters with another’s gaze and defiant gaze in return.","[""Drama""]","[""Luise Heyer"", ""Lena Urzendowsky"", ""Claudia Geisler-Bading"", ""Lea Drinda"", ""Hanna Heckt"", ""Laeni Geiseler"", ""Florian Gei\u00dfelmann"", ""Andreas Anke""]","[""Mascha Schilinski""]","[""family"", ""woman director"", ""children's story"", ""connected"", ""1940s"", ""1980s"", ""traumatic childhood"", ""1910s"", ""rural"", ""intergenerational trauma"", ""2020s"", ""non-linear narrative""]",2025-08-28,/mv2edAI0vmheVVcv4mIVW5X8GNP.jpg,6.9,79,2.4658,de,2026-04-02T18:18:38.760572
1407432,Anaganaga Oka Raju,అనగనగా ఒక రాజు,"A lazy, entitled brat who wants to lead an easy life is in for a rude shock that changes the course of his life.","[""Comedy"", ""Romance""]","[""Naveen Polishetty"", ""Meenakshi Chaudhary"", ""Rao Ramesh"", ""Tarak Ponnappa"", ""Goparaju Ramana"", ""Ananth Babu"", ""Madhusudhan Rao"", ""Bhadram""]","[""Maari""]",[],2026-01-14,/iCzGY1JD4DXqAjDKhsesKzs9vdK.jpg,7.0,13,1.5949,te,2026-04-02T18:18:39.187616
1108427,Moana,Moana,"Prompted by a summons from the ocean, Moana departs her home island of Motunui for the first time and travels past its barrier reef. Accompanied by the demigod Maui, she undertakes a voyage aimed at recovering the well-being of her community.","[""Family"", ""Fantasy"", ""Comedy"", ""Adventure""]","[""Catherine Laga\u2018aia"", ""Dwayne Johnson"", ""Rena Owen"", ""John Tui"", ""Frankie Adams""]","[""Thomas Kail""]","[""friendship"", ""leaving one's family"", ""musical"", ""remake"", ""curse"", ""explorer"", ""demigod"", ""polynesia"", ""animal sidekick"", ""seafarer"", ""live action remake"", ""moana"", ""female explorer""]",2026-07-08,/kiOlBfrTDiI6dUl0WEkOr2oP6Zj.jpg,0.0,0,14.4563,en,2026-04-02T18:18:39.594478
1595852,Boulevard,Boulevard,"Hasley, a girl with a list of unfulfilled dreams, and Luke, a complex and vulnerable boy marked by a tragic past, find refuge on the boulevard, where they discover whether love can conquer all.","[""Drama"", ""Romance""]","[""Eve Ryan"", ""Mikel Niso"", ""Luis Zahera"", ""Esther Acebo"", ""Biel Ant\u00f3n"", ""Enzo Oliver"", ""Ainara Helguera"", ""Christian Checa""]","[""Sonia M\u00e9ndez""]",[],2026-04-10,/o5M5mjnfRO50t3Wha1QPD04oHfT.jpg,0.0,0,2.1939,es,2026-04-02T18:18:40.163555
20941,Innocent Voices,Voces inocentes,"A young boy, attempting to have a normal childhood in 1980s El Salvador, is caught up in a dramatic fight for his life when he desperately tries to avoid the war that is raging all around him.","[""Drama"", ""War""]","[""Carlos Padilla"", ""Xuna Primus"", ""Leonor Varela"", ""Jos\u00e9 Mar\u00eda Y\u00e1zpik"", ""Gustavo Mu\u00f1oz"", ""Ofelia Medina"", ""Daniel Gim\u00e9nez Cacho"", ""Jes\u00fas Ochoa""]","[""Luis Mandoki""]","[""guerrilla warfare"", ""el salvador"", ""young boy"", ""catholic priest"", ""child soldier"", ""1980s"", ""children in wartime""]",2005-01-28,/hvwB4LdMCLzqXsk5ZjR77vzPkGk.jpg,8.152,514,1.6782,es,2026-04-02T18:18:40.610237
1407437,Andhra King Taluka,ఆంధ్ర కింగ్ తాలూకా,"A heartfelt tribute to fan culture, the story follows Sagar, an ardent fan whose life, relationships, and identity revolve around his admiration for his cinematic idol, 'Andhra King' Surya Kumar.","[""Action"", ""Drama"", ""Romance"", ""Family""]","[""Ram Pothineni"", ""Upendra"", ""Bhagyashri Borse"", ""Rao Ramesh"", ""Murali Sharma"", ""Rahul Ramakrishna"", ""VTV Ganesh"", ""Satya""]","[""Mahesh Babu P""]","[""love story""]",2025-11-27,/e1lNI9dZKar0JN9iNuDeUhCZcwL.jpg,6.1,9,1.3946,te,2026-04-02T18:18:40.978587
1266127,Ready or Not: Here I Come,Ready or Not: Here I Come,"Moments after surviving an all-out attack from the Le Domas family, Grace discovers she’s reached the next level of the nightmarish game — and this time with her estranged sister Faith at her side. Grace has one chance to survive, keep her sister alive, and claim the High Seat of the Council that controls the world. Four rival families are hunting her for the throne, and whoever wins rules it all.","[""Horror"", ""Comedy"", ""Action""]","[""Samara Weaving"", ""Kathryn Newton"", ""Elijah Wood"", ""Sarah Michelle Gellar"", ""Shawn Hatosy"", ""David Cronenberg"", ""Dan Beirne"", ""Olivia Cheng""]","[""Matt Bettinelli-Olpin"", ""Tyler Gillett""]","[""escape"", ""ritual"", ""dark comedy"", ""satanism"", ""gore"", ""pact with the devil"", ""sequel"", ""game"", ""exploding body"", ""satanic ritual"", ""satanic cult"", ""estranged sister"", ""sister sister relationship"", ""satanic"", ""sisters"", ""death game"", ""horror"", ""amused""]",2026-03-19,/jRf89HVEtBZiSnOXXWDhZOfuTwW.jpg,7.422,77,57.6268,en,2026-04-02T18:18:41.389280
1259983,Guru,Gourou,"Matt, a charismatic coach, captivates crowds until he spirals into a disturbing downward spiral.","[""Drama"", ""Thriller""]","[""Pierre Niney"", ""Marion Barbeau"", ""Anthony Bajon"", ""Christophe Montenez"", ""Jonathan Turnbull"", ""Rapha\u00eblle Simon"", ""Tracy Gotoas"", ""Holt McCallany""]","[""Yann Gozlan""]","[""grave""]",2026-01-28,/oy9SBxmzL6pG5Lckh9o2Wa1IWBr.jpg,6.2,171,2.4657,fr,2026-04-02T18:18:41.826131
176590,Mirchi,మిర్చి,"A man returns to his country in order, ostensibly, to reform his girlfriend's violent family, but he seems to have a strange connection and a rather dark past.","[""Action"", ""Drama""]","[""Prabhas"", ""Anushka Shetty"", ""Richa Gangopadhyay"", ""Sathyaraj"", ""Brahmanandam"", ""Subbaraju"", ""Nadhiya"", ""Ajay""]","[""Koratala Siva""]",[],2013-02-08,/rNj5OmO7KXkZsmsZO7XI6CX0aRs.jpg,6.3,36,1.7043,te,2026-04-02T18:18:42.104861
1214931,Nuremberg,Nuremberg,"In postwar Germany, an American psychiatrist must determine whether Nazi prisoners are fit to go on trial for war crimes, and finds himself in a complex battle of intellect and ethics with Hermann Göring, Hitler's right-hand man.","[""History"", ""Drama""]","[""Russell Crowe"", ""Rami Malek"", ""Michael Shannon"", ""Leo Woodall"", ""John Slattery"", ""Richard E. Grant"", ""Colin Hanks"", ""Mark O'Brien""]","[""James Vanderbilt""]","[""based on novel or book"", ""nuremberg trials"", ""based on true story"", ""nuremberg, germany"", ""post world war ii"", ""historical drama"", ""1940s"", ""hermann g\u00f6ring""]",2025-11-06,/7cWTGH2svfNHWVRjsfKIBob9pDj.jpg,7.4,793,20.9508,en,2026-04-02T18:18:42.461311
1239511,Lucky Baskhar,లక్కీ భాస్కర్‌,A cash-strapped bank cashier embarks on a risky investment scheme and soon gets drawn into the murky world of money laundering.,"[""Thriller"", ""Crime"", ""Drama""]","[""Dulquer Salmaan"", ""Meenakshi Chaudhary"", ""Rajkumar Kasireddy"", ""Ramki"", ""Maganti Srinath"", ""Sai Kumar"", ""Sachin Khedekar"", ""Tinnu Anand""]","[""Venky Atluri""]","[""money laundering"", ""anti hero"", ""bank employee"", ""investment""]",2024-10-30,/a47JQFl9L7VDa79tEvnTOJe0rPa.jpg,7.589,73,1.6765,te,2026-04-02T18:18:42.790565
1487320,The Giant Falls,El último gigante,"Follows Boris, a charismatic tour guide who unexpectedly reunites with his estranged father Julián. Their tense and emotional encounters explore past wounds and the possibility of forgiveness.","[""Drama""]","[""Oscar Mart\u00ednez"", ""Mat\u00edas Mayer"", ""In\u00e9s Est\u00e9vez"", ""Luis Luque"", ""Silvia Kutika"", ""Johanna Francella"", ""Alexia Moyano""]","[""Marcos Carnevale""]",[],2026-04-01,/lARMzlnHtusEnY8LrTmNID92CJo.jpg,4.833,3,0.6275,es,2026-04-02T18:18:43.171322
16859,Kiki's Delivery Service,魔女の宅急便,"A young witch, on her mandatory year of independent life, finds fitting into a new community difficult while she supports herself by running an air courier service.","[""Animation"", ""Family"", ""Fantasy"", ""Drama""]","[""Minami Takayama"", ""Rei Sakuma"", ""Kappei Yamaguchi"", ""Keiko Toda"", ""Mieko Nobusawa"", ""Koichi Miura"", ""Haruko Kat\u014d"", ""Hiroko Seki""]","[""Hayao Miyazaki""]","[""witch"", ""clock tower"", ""bicycle accident"", ""female friendship"", ""bakery"", ""coming of age"", ""based on children's book"", ""cartoon cat"", ""cartoon dog"", ""baking"", ""seaside town"", ""talking cat"", ""courier service"", ""delivery service"", ""anime"", ""relaxed"", ""lighthearted"", ""adventure"", ""empathetic"", ""gentle""]",1989-07-29,/Aufa4YdZIv4AXpR9rznwVA5SEfd.jpg,7.833,4506,11.5501,ja,2026-04-02T18:18:43.481285
592350,My Hero Academia: Heroes Rising,僕のヒーローアカデミア THE MOVIE ヒーローズ：ライジング,"Class 1-A visits Nabu Island where they finally get to do some real hero work. The place is so peaceful that it's more like a vacation... until they're attacked by a villain with an unfathomable Quirk! His power is eerily familiar, and it looks like Shigaraki had a hand in the plan. But with All Might retired and citizens' lives on the line, there's no time for questions. Deku and his friends are the next generation of heroes, and they're the island's only hope.","[""Animation"", ""Action"", ""Fantasy"", ""Adventure""]","[""Daiki Yamashita"", ""Nobuhiko Okamoto"", ""Yoshio Inoue"", ""Mio Imada"", ""Yuka Terasaki"", ""Tomoyo Kurosawa"", ""Yuki Kaji"", ""Kaito Ishikawa""]","[""Kenji Nagasaki""]","[""japan"", ""hero"", ""superhero"", ""fighting"", ""super power"", ""shounen"", ""anime""]",2019-12-20,/kpWsIkfXrnQ1pmR79qAHHq7DPxc.jpg,8.13,1261,5.5948,ja,2026-04-02T18:18:43.952051
1374686,Light of the World,Light of the World,"It's 30 AD and everyone is expectantly awaiting the coming Messiah. While Jesus isn't exactly what they imagined, there is something special about this man. Soon, John, James, Andrew, Peter, and others begin to follow Jesus on an unexpected adventure. This beautifully animated story of Jesus is told through the eyes of his beloved young friend, the Apostle John.","[""Animation"", ""Fantasy"", ""Drama"", ""Music""]","[""Ian Hanlin"", ""Benjamin Jacobson"", ""Vincent Tong"", ""Michael Benyaer"", ""David Kaye"", ""Peter New"", ""Richard Newman"", ""Sam Darkoh""]","[""Tom Bancroft"", ""John J. Schafer""]","[""bible"", ""religious film"", ""jesus christ"", ""christian film"", ""christian faith"", ""family animation""]",2025-09-04,/3vUqo90FCIHXPiXnQJEeqzg5EDV.jpg,8.4,35,8.4721,en,2026-04-02T18:18:44.386738
1071585,M3GAN 2.0,M3GAN 2.0,"After the underlying tech for M3GAN is stolen and misused by a powerful defense contractor to create a military-grade weapon known as Amelia, M3GAN's creator Gemma realizes that the only option is to resurrect M3GAN and give her a few upgrades, making her faster, stronger, and more lethal.","[""Action"", ""Science Fiction"", ""Thriller""]","[""Allison Williams"", ""Amie Donald"", ""Violet McGraw"", ""Jenna Davis"", ""Brian Jordan Alvarez"", ""Jen Van Epps"", ""Aristotle Athari"", ""Ivanna Sakhno""]","[""Gerard Johnstone""]","[""android"", ""artificial intelligence (a.i.)"", ""fight"", ""killer robot"", ""beheading"", ""electromagnetic pulse"", ""sequel"", ""evil doll"", ""wingsuit"", ""robot"", ""doll"", ""spear throwing"", ""synthetic human"", ""robot fighting"", ""exoskeleton"", ""creepy doll"", ""satirical"", ""smart home"", ""possessed doll"", ""action""]",2025-06-25,/oekamLQrwlJjRNmfaBE4llIvkir.jpg,7.2,1230,15.2469,en,2026-04-02T18:18:44.870021
1339876,Mardaani 3,मर्दानी 3,"Officer Shivani Shivaji Roy returns to hunt down those behind the disappearance of young girls, risking everything to bring them back alive.","[""Action"", ""Crime"", ""Thriller""]","[""Rani Mukerji"", ""Mallika Prasad"", ""Janki Bodiwala"", ""Jisshu Sengupta"", ""Mikhail Yawalkar"", ""Jaipreet Singh"", ""Sachin Negi"", ""Jimpa Sangpo Bhutia""]","[""Abhiraj Minawala""]",[],2026-01-30,/dHxLBtHw4InwsVumnthupZYz6NM.jpg,7.5,8,49.1394,hi,2026-04-02T18:18:45.329260
16869,Inglourious Basterds,Inglourious Basterds,"In Nazi-occupied France during World War II, a group of Jewish-American soldiers known as ""The Basterds"" are chosen specifically to spread fear throughout the Third Reich by scalping and brutally killing Nazis. The Basterds, lead by Lt. Aldo Raine soon cross paths with a French-Jewish teenage girl who runs a movie theater in Paris which is targeted by the soldiers.","[""Drama"", ""Thriller"", ""War""]","[""Brad Pitt"", ""M\u00e9lanie Laurent"", ""Christoph Waltz"", ""Eli Roth"", ""Michael Fassbender"", ""Diane Kruger"", ""Daniel Br\u00fchl"", ""Til Schweiger""]","[""Quentin Tarantino""]","[""guerrilla warfare"", ""paris, france"", ""self sacrifice"", ""world war ii"", ""jew persecution"", ""german occupation of france"", ""resistance fighter"", ""nazism"", ""anti-fascism"", ""excited""]",2009-08-02,/7sfbEnaARXDDhKm0CZ7D7uc2sbo.jpg,8.216,23941,15.9258,en,2026-04-02T18:18:45.731644
537061,Steven Universe: The Movie,Steven Universe: The Movie,"Two years after bringing peace to the galaxy, Steven Universe sees his past come back to haunt him in the form of a deranged Gem who wants to destroy the Earth.","[""TV Movie"", ""Animation"", ""Family"", ""Adventure"", ""Fantasy""]","[""Zach Callison"", ""Deedee Magno Hall"", ""Estelle"", ""Michaela Dietz"", ""Sarah Stiles"", ""Tom Scharpling"", ""Uzo Aduba"", ""Shelby Rabara""]","[""Rebecca Sugar""]","[""musical"", ""memory loss"", ""abandonment"", ""vengeance"", ""abandonment issues""]",2019-10-07,/8mRgpubxHqnqvENK4Bei30xMDvy.jpg,8.2,846,2.7211,en,2026-04-02T18:18:46.123576
1315303,Primate,Primate,"Lucy, a college student, along with her friends, spend their vacation at her family's home in Hawaii, which includes her pet chimpanzee, Ben. However, when Ben contracts rabies after being bitten by a rabid animal, the group must fight for their lives in order to avoid the now-violent chimp.","[""Horror"", ""Thriller""]","[""Johnny Sequoyah"", ""Jessica Alexander"", ""Troy Kotsur"", ""Victoria Wyant"", ""Gia Hunter"", ""Benjamin Cheng"", ""Charlie Mann"", ""Tienne Simon""]","[""Johannes Roberts""]","[""hawaii"", ""pet"", ""animal attack"", ""gore"", ""survival"", ""monkey"", ""survival horror"", ""chimpanzee"", ""rabies"", ""primate"", ""aggressive"", ""mongoose"", ""animal horror"", ""pool party"", ""pool"", ""party"", ""teen horror"", ""horror"", ""animal""]",2026-01-01,/z97hrgI5wbGbZvSVkBfAeBnFKAg.jpg,6.5,523,22.28,en,2026-04-02T18:18:46.899475
1124838,Kingdom,కింగ్డమ్‌,"Soori, a modest police constable, is unintentionally dragged into a dangerous undercover spy operation in Sri Lanka for the Indian government. His journey is intimately linked to his estranged brother Siva, and the risks involved on their reunion.","[""Action"", ""Thriller"", ""Drama""]","[""Vijay Deverakonda"", ""Satyadev Kancharana"", ""Venkitesh V P"", ""Bhagyashri Borse"", ""Ronit Kamra"", ""Baburaj"", ""Ayyappa P. Sharma"", ""Bhanu Prakashan""]","[""Gowtam Tinnanuri""]",[],2025-07-30,/hbyv4V1JJFJ4OD01JYO1ZWrDg5b.jpg,6.6,28,1.1579,te,2026-04-02T18:18:47.264469
489,Good Will Hunting,Good Will Hunting,"Will Hunting is a headstrong, working-class genius who is failing the lessons of life. After one too many run-ins with the law, Will's last chance is a psychology professor, who might be the only man who can reach him.","[""Drama""]","[""Matt Damon"", ""Robin Williams"", ""Ben Affleck"", ""Stellan Skarsg\u00e5rd"", ""Minnie Driver"", ""Casey Affleck"", ""Cole Hauser"", ""Vik Sahay""]","[""Gus Van Sant""]","[""boston, massachusetts"", ""mathematics"", ""genius"", ""male friendship"", ""flashback"", ""psychologist"", ""janitor"", ""dating"", ""courtroom"", ""group of friends"", ""southie"", ""thoughtful"", ""college professor"", ""reflective"", ""prodigy"", ""math genius"", ""loving"", ""inspirational"", ""foster kid"", ""fear of change""]",1997-12-05,/z2FnLKpFi1HPO7BEJxdkv6hpJSU.jpg,8.158,13665,13.1596,en,2026-04-02T18:18:47.801540
490,The Seventh Seal,Det sjunde inseglet,"When disillusioned Swedish knight Antonius Block returns home from the Crusades to find his country in the grips of the Black Death, he challenges Death to a chess match for his life. Tormented by the belief that God does not exist, Block sets off on a journey, meeting up with traveling players Jof and his wife, Mia, and becoming determined to evade Death long enough to commit one redemptive act while he still lives.","[""Fantasy"", ""Drama""]","[""Gunnar Bj\u00f6rnstrand"", ""Bengt Ekerot"", ""Nils Poppe"", ""Max von Sydow"", ""Bibi Andersson"", ""Inga Gill"", ""Maud Hansson"", ""Inga Landgr\u00e9""]","[""Ingmar Bergman""]","[""witch"", ""dying and death"", ""blacksmith"", ""chess"", ""countryside"", ""allegory"", ""crusade"", ""artist"", ""juggler"", ""witch burning"", ""last judgment"", ""symbolism"", ""sense of life"", ""matter of life and death"", ""grim reaper"", ""black and white"", ""demon"", ""belief in god"", ""middle ages (476-1453)"", ""meaning of life""]",1957-02-16,/wcZ21zrOsy0b52AfAF50XpTiv75.jpg,8.162,3304,3.7508,sv,2026-04-02T18:18:48.211160
494061,Hello!,హలో!,"Avinash/Seenu is a street urchin brought up by his loving adoptive parents Saru and Prakash. The love of his life is the girl he meets during childhood Junnu/Priya, whom fate had snatched away from him. Fourteen long years and they still wait for the day they will meet again. Will destiny help them?","[""Action"", ""Family"", ""Romance""]","[""Akhil Akkineni"", ""Kalyani Priyadarshan"", ""Ramya Krishnan"", ""Jagapati Babu"", ""Ajay"", ""Satya Krishnan"", ""Anish Kuruvilla"", ""Vennela Kishore""]","[""Vikram Kumar""]","[""foster parents"", ""family relationships"", ""destiny"", ""childhood love"", ""adopted son"", ""lovestory""]",2017-12-22,/8oVa20YGZMi3INlVFkCl453Cs21.jpg,7.2,28,1.7317,te,2026-04-02T18:18:48.590242
497,The Green Mile,The Green Mile,"A supernatural tale set on death row in a Southern prison, where gentle giant John Coffey possesses the mysterious power to heal people's ailments. When the cell block's head guard, Paul Edgecomb, recognizes Coffey's miraculous gift, he tries desperately to help stave off the condemned man's execution.","[""Fantasy"", ""Drama"", ""Crime""]","[""Tom Hanks"", ""David Morse"", ""Bonnie Hunt"", ""Michael Clarke Duncan"", ""James Cromwell"", ""Michael Jeter"", ""Graham Greene"", ""Doug Hutchison""]","[""Frank Darabont""]","[""mentally disabled"", ""death penalty"", ""based on novel or book"", ""southern usa"", ""psychopath"", ""death row"", ""jail guard"", ""supernatural"", ""great depression"", ""prison guard"", ""jail"", ""electric chair"", ""capital punishment"", ""torture"", ""magic realism"", ""healing"", ""1930s"", ""abuse of power"", ""cruel""]",1999-12-10,/8VG8fDNiy50H4FedGwdSVUPoaJe.jpg,8.504,19014,26.7731,en,2026-04-02T18:18:48.970029
500,Reservoir Dogs,Reservoir Dogs,"A botched robbery indicates a police informant, and the pressure mounts in the aftermath at a warehouse. Crime begets violence as the survivors -- veteran Mr. White, newcomer Mr. Orange, psychopathic parolee Mr. Blonde, bickering weasel Mr. Pink and Nice Guy Eddie -- unravel.","[""Crime"", ""Thriller""]","[""Harvey Keitel"", ""Tim Roth"", ""Michael Madsen"", ""Chris Penn"", ""Steve Buscemi"", ""Lawrence Tierney"", ""Randy Brooks"", ""Kirk Baltz""]","[""Quentin Tarantino""]","[""escape"", ""jewelry"", ""psychopath"", ""traitor"", ""ear"", ""heist"", ""thief"", ""betrayal"", ""plan gone wrong"", ""mafia"", ""gang"", ""nonlinear timeline"", ""warehouse"", ""jewelry heist"", ""told in flashback"", ""heist gone wrong"", ""botched robbery"", ""angry"", ""desperate"", ""based on short film""]",1992-09-02,/xi8Iu6qyTfyZVDVy60raIOYJJmk.jpg,8.116,15293,10.0407,en,2026-04-02T18:18:49.364380
14836,Coraline,Coraline,"Wandering her rambling old house in her boring new town, 11-year-old Coraline discovers a hidden door to a strangely idealized version of her life. In order to stay in the fantasy, she must make a frighteningly real sacrifice.","[""Animation"", ""Family"", ""Fantasy""]","[""Dakota Fanning"", ""Teri Hatcher"", ""Jennifer Saunders"", ""Dawn French"", ""Keith David"", ""John Hodgman"", ""Robert Bailey Jr."", ""Ian McShane""]","[""Henry Selick""]","[""friendship"", ""dreams"", ""based on novel or book"", ""villain"", ""eye"", ""stuffed animal"", ""stop motion"", ""parallel world"", ""button"", ""new home"", ""secret door"", ""female villain"", ""aftercreditsstinger"", ""duringcreditsstinger"", ""horror for children"", ""talking cat"", ""somber"", ""parallel universe"", ""callous""]",2009-02-05,/4jeFXQYytChdZYE9JYO7Un87IlW.jpg,7.9,8844,24.7472,en,2026-04-02T18:18:49.685333
1022453,The Rajasaab,ది రాజాసాబ్,"Seeking his lost grandfather, a young man enters a haunted mansion and awakens a family curse powerful enough to upend both his life and reality.","[""Comedy"", ""Horror"", ""Fantasy""]","[""Prabhas"", ""Sanjay Dutt"", ""Zarina Wahab"", ""Nidhhi Agerwal"", ""Malavika Mohanan"", ""Riddhi Kumar"", ""Boman Irani"", ""Samuthirakani""]","[""Maruthi Dasari""]","[""haunted house"", ""hypnosis"", ""musical"", ""romcom"", ""ancient curse"", ""grandfather grandson relationship"", ""supernatural horror"", ""mysterious disappearance"", ""absurd"", ""horror romance"", ""romantic fantasy"", ""ambiguous"", ""clich\u00e9"", ""self hypnosis"", ""comedy horror"", ""supernatural romance""]",2026-01-08,/nvK6gYa4diCnQkDVN42uoYXPrdT.jpg,5.185,27,6.1097,te,2026-04-02T18:18:49.953336
1120762,Robinhood,రాబిన్‌హుడ్,"Ram, a modern-day Robin Hood, is a master thief who unexpectedly finds himself switching sides. When fate forces him to become the personal security officer for Neera, a rollercoaster ride of action, comedy, and unexpected twists follows.","[""Action""]","[""Nithiin"", ""Sreeleela"", ""Vennela Kishore"", ""Rajendra Prasad"", ""Ketika Sharma"", ""David Warner"", ""Shine Tom Chacko"", ""Shiju""]","[""Venky Kudumula""]",[],2025-03-28,/zeH5oAM1A3zgXbvQ3L9GiDs3ldQ.jpg,5.3,9,2.1103,te,2026-04-02T18:18:50.219377
1464829,Brand New Landscape,見はらし世代,"In the ever-changing landscape of redeveloping Shibuya, Tokyo, Ren works as a delivery driver for moth orchids. Haunted by the childhood loss of his mother, Yumiko, to suicide, he has long been estranged from his father, Hajime, a landscape designer. One day, during a routine delivery, Ren unexpectedly comes face to face with Hajime…","[""Drama""]","[""Kodai Kurosaki"", ""Kenichi Endo"", ""Mai Kiryu"", ""Haruka Igawa"", ""Akiko Kikuchi"", ""Aoi Nakamura"", ""Shingo Nakayama"", ""Mutsuo Yoshioka""]","[""Yuiga Danzuka""]",[],2025-10-10,/9Zu3BU6w3ijDkKUz8kTXqN3Eu6Q.jpg,1.0,1,1.7298,ja,2026-04-02T18:18:50.710108
510,One Flew Over the Cuckoo's Nest,One Flew Over the Cuckoo's Nest,"A petty criminal fakes insanity to serve his sentence in a mental ward rather than prison. He soon finds himself as a leader to the other patients—and an enemy to the cruel, domineering nurse who runs the ward.","[""Drama""]","[""Jack Nicholson"", ""Brad Dourif"", ""Louise Fletcher"", ""Danny DeVito"", ""William Redfield"", ""Scatman Crothers"", ""Christopher Lloyd"", ""Will Sampson""]","[""Milo\u0161 Forman""]","[""mentally disabled"", ""friendship"", ""based on novel or book"", ""nurse"", ""lunatic asylum"", ""affectation"", ""insane asylum"", ""oregon, usa"", ""hospital"", ""medication"", ""female villain"", ""shock treatment"", ""medical drama"", ""brisk"", ""derisive"", ""informative""]",1975-11-19,/kjWsMh72V6d8KRLV4EOoSJLT1H7.jpg,8.412,11315,10.4111,en,2026-04-02T18:18:51.037657
1393151,Mr. Nobody Against Putin,Mr. Nobody mod Putin,"As Russia launches its full-scale invasion of Ukraine, primary schools across Russia’s hinterlands are transformed into recruitment stages for the war. Facing the ethical dilemma of working in a system defined by propaganda and violence, a brave teacher goes undercover to film what’s really happening in his own school.","[""Documentary""]","[""Pavel Talankin"", ""Vladimir Putin"", ""Roman Abalin"", ""Lavrentiy Beria"", ""Viktor Abakumov"", ""Leon Trotsky"", ""Dmitry Medvedev"", ""Vladimir Kara-Murza""]","[""David Borenstein""]","[""undercover"", ""propaganda"", ""political activism"", ""nonviolent resistance"", ""teacher"", ""brainwashing"", ""war propaganda"", ""school teacher"", ""schoolteacher"", ""communist propaganda"", ""vladimir putin"", ""soviet propaganda"", ""whistleblower"", ""russia"", ""trouble at school"", ""observational documentary"", ""war in ukraine"", ""russo-ukrainian war"", ""primary school"", ""government propaganda""]",2025-06-06,/cgGp7lgFpiMOPKzNTaoxkfVcJVY.jpg,7.449,78,4.2084,da,2026-04-02T18:18:51.720358
1233413,Sinners,Sinners,"Trying to leave their troubled lives behind, twin brothers return to their hometown to start again, only to discover that an even greater evil is waiting to welcome them back.","[""Horror"", ""Action"", ""Thriller""]","[""Michael B. Jordan"", ""Hailee Steinfeld"", ""Miles Caton"", ""Jack O'Connell"", ""Wunmi Mosaku"", ""Jayme Lawson"", ""Omar Benson Miller"", ""Delroy Lindo""]","[""Ryan Coogler""]","[""chicago, illinois"", ""capitalism"", ""ku klux klan"", ""musician"", ""immortality"", ""vampire"", ""surrealism"", ""sin"", ""alcoholism"", ""vampire hunter (slayer)"", ""church"", ""twins"", ""blunt"", ""estranged wife"", ""dual role"", ""cousin relationship"", ""death of daughter"", ""blues music"", ""aftercreditsstinger"", ""klansmen""]",2025-04-16,/705nQHqe4JGdEisrQmVYmXyjs1U.jpg,7.47,4231,43.2605,en,2026-04-02T18:18:52.614423
760329,The Smashing Machine,The Smashing Machine,"In the late 1990s, up-and-coming mixed martial artist Mark Kerr aspires to become the greatest fighter in the world. However, he must also battle his opioid dependence and a volatile relationship with his girlfriend Dawn.","[""Drama"", ""History""]","[""Dwayne Johnson"", ""Emily Blunt"", ""Ryan Bader"", ""Bas Rutten"", ""Oleksandr Usyk"", ""Lyndsey Gavin"", ""Zoe Kosovic"", ""Satoshi Ishii""]","[""Benny Safdie""]","[""sports"", ""drug addiction"", ""boxer"", ""biography"", ""based on true story"", ""mixed martial arts (mma)"", ""price of fame"", ""boxing"", ""1990s"", ""boxe"", ""sports drama"", ""depressed"", ""self awareness"", ""biographical drama""]",2025-10-01,/mPuBDGrVIBGOymBxR6rO3iIvBSe.jpg,6.468,509,5.478,en,2026-04-02T18:18:54.335736
299534,Avengers: Endgame,Avengers: Endgame,"After the devastating events of Avengers: Infinity War, the universe is in ruins due to the efforts of the Mad Titan, Thanos. With the help of remaining allies, the Avengers must assemble once more in order to undo Thanos' actions and restore order to the universe once and for all, no matter what consequences may be in store.","[""Adventure"", ""Science Fiction"", ""Action""]","[""Robert Downey Jr."", ""Chris Evans"", ""Mark Ruffalo"", ""Chris Hemsworth"", ""Scarlett Johansson"", ""Jeremy Renner"", ""Josh Brolin"", ""Don Cheadle""]","[""Joe Russo"", ""Anthony Russo""]","[""superhero"", ""time travel"", ""space travel"", ""time machine"", ""based on comic"", ""sequel"", ""alien invasion"", ""superhero team"", ""marvel cinematic universe (mcu)"", ""alternate timeline"", ""father daughter relationship"", ""sister sister relationship"", ""excited"", ""vibrant""]",2019-04-24,/ulzhLuWrPK07P1YkdWQLZnQh1JL.jpg,8.234,27430,27.0806,en,2026-04-02T18:18:54.832198
1589775,Wait Until I Make It,Tunggu Aku Sukses Nanti,"Arga, unemployed for three years, is a constant source of family ridicule every Eid. Pressured by difficult economy, marriage, his younger sibling's college tuition, and plans to sell his grandmother's house, he struggles to find work to prove himself.","[""Comedy"", ""Drama""]","[""Ardit Erwandha"", ""Lulu Tobing"", ""Ariyo Wahab"", ""Adzana Shaliha"", ""Niniek L. Karim"", ""Maudy Effrosina"", ""Fita Anggriani"", ""Reza Chandika""]","[""Naya Anindita""]","[""work"", ""mother"", ""father"", ""based on true story"", ""family relationships"", ""unemployed"", ""dramedy"", ""young sisters"", ""fiction"", ""life"", ""sandwich generation"", ""eid al-fitr"", ""first born"", ""male protagonists""]",2026-03-18,/o6L7S2xGjghtukygDhybo9eAZ4l.jpg,7.2,3,3.006,id,2026-04-02T18:18:55.399700
299536,Avengers: Infinity War,Avengers: Infinity War,"As the Avengers and their allies have continued to protect the world from threats too large for any one hero to handle, a new danger has emerged from the cosmic shadows: Thanos. A despot of intergalactic infamy, his goal is to collect all six Infinity Stones, artifacts of unimaginable power, and use them to inflict his twisted will on all of reality. Everything the Avengers have fought for has led up to this moment - the fate of Earth and existence itself has never been more uncertain.","[""Adventure"", ""Action"", ""Science Fiction""]","[""Robert Downey Jr."", ""Chris Evans"", ""Chris Hemsworth"", ""Josh Brolin"", ""Mark Ruffalo"", ""Scarlett Johansson"", ""Don Cheadle"", ""Benedict Cumberbatch""]","[""Joe Russo"", ""Anthony Russo""]","[""sacrifice"", ""magic"", ""superhero"", ""based on comic"", ""space"", ""battlefield"", ""genocide"", ""magical object"", ""super power"", ""superhero team"", ""aftercreditsstinger"", ""marvel cinematic universe (mcu)"", ""cosmic""]",2018-04-25,/7WsyChQLEftFiDOVTGkv3hFpyyt.jpg,8.233,31670,38.7901,en,2026-04-02T18:18:56.108284
240143,Annayya,అన్నయ్య,"Rajaram (Chiranjeevi), owner of a fleet of lorries, meets Devi (Soundarya), a garment factory owner. After that acquaintance, she once seeks his help in dealing with two street ruffians, who were teasing her sisters, Lata (Chandini) and Geetha (Sishwa), and is shocked when the culprits turn out to be his brothers, Ravi (Ravi Teja) and Gopi (Venkat). Rajaram takes the incident lightly as the pranks of youngsters and is very lenient to them. With more such incidents, the two fall in love, with the brothers and sisters not far behind.  On his brothers' request, Rajaram approaches Devi for her sisters' hands in marriage to his brothers. But she curtly refuses her consent on grounds that the two are wayward drunkards. Rajaram reacts sharply to it and vows to get his brothers married to her sisters.  Since then on he is more exacting with his brothers and brings about a transformation in them. Devi agrees to their marriage.","[""Family"", ""Comedy""]","[""Chiranjeevi"", ""Soundarya"", ""Ravi Teja"", ""Venkat"", ""Chandni"", ""Sishwa"", ""Kota Srinivasa Rao"", ""Sarath Babu""]","[""Muthyala Subbaiah""]",[],2000-01-07,/nnlFk5IlqALE3zoLCRTeOVjquWo.jpg,5.8,5,3.9133,te,2026-04-02T18:18:56.469026
614930,Teenage Mutant Ninja Turtles: Mutant Mayhem,Teenage Mutant Ninja Turtles: Mutant Mayhem,"After years of being sheltered from the human world, the Turtle brothers set out to win the hearts of New Yorkers and be accepted as normal teenagers through heroic acts. Their new friend April O'Neil helps them take on a mysterious crime syndicate, but they soon get in over their heads when an army of mutants is unleashed upon them.","[""Animation"", ""Comedy"", ""Action"", ""Science Fiction""]","[""Micah Abbey"", ""Shamon Brown Jr."", ""Nicolas Cantu"", ""Brady Noon"", ""Ayo Edebiri"", ""Maya Rudolph"", ""John Cena"", ""Seth Rogen""]","[""Jeff Rowe""]","[""new york city"", ""sibling relationship"", ""skateboarding"", ""crime fighter"", ""superhero"", ""turtle"", ""based on comic"", ""ninja"", ""duringcreditsstinger"", ""playful"", ""aspiring journalist"", ""anthropomorphic animal"", ""lighthearted"", ""sentimental"", ""whimsical"", ""enthusiastic"", ""vibrant""]",2023-07-31,/gyh0eECE2IqrW8GWl3KoHBfc45j.jpg,7.21,1557,6.0427,en,2026-04-02T18:18:56.972265
862739,The Virgin of the Quarry Lake,La virgen de la tosquera,"One hot summer at the beginning of the new millennium and on the eve of the great economic crisis of the year 2001, a group of adolescent girls falls madly in love with a boy called Diego. The romance is interrupted when Diego starts hanging out with Silvia, a 30-year-old woman he met in a chat room. Then Natalia, one of the teenagers, decides to turn to the knowledge of her grandmother Rita, and thus ward off the disappointment by using an ancient dark power.","[""Horror"", ""Drama"", ""Thriller""]","[""Dolores Oliverio"", ""Fernanda Echevarr\u00eda del Rivero"", ""Agust\u00edn Sosa"", ""Luisa Merelas"", ""Isabel Bracamonte"", ""Candela Flores"", ""Dady Brieva"", ""V\u00edctor L\u00f3pez""]","[""Laura Casab\u00e9""]","[""coming of age"", ""summer"", ""woman director"", ""supernatural horror""]",2025-04-08,/jQD7ICNcjKdTDxORF1pOxyV4x5h.jpg,6.147,17,66.0569,es,2026-04-02T18:18:57.286194
84504,Chirutha,చిరుత,"A young man with a tragic past meets the daughter of a rich man and falls in love, while trying to avenge the death of his father.","[""Action"", ""Romance"", ""Drama""]","[""Ram Charan"", ""Neha Sharma"", ""Brahmanandam"", ""Prakash Raj"", ""Ali Basha"", ""M. S. Narayana"", ""Ashish Vidhyarthi"", ""Sayaji Shinde""]","[""Puri Jagannadh""]",[],2007-09-28,/mYvcYwkpZR5HBoNuLIgj6GCNXzV.jpg,4.7,20,0.9176,te,2026-04-02T18:18:57.585093
508442,Soul,Soul,"Joe Gardner is a middle school teacher with a love for jazz music. After a successful audition at the Half Note Club, he suddenly gets into an accident that separates his soul from his body and is transported to the You Seminar, a center in which souls develop and gain passions before being transported to a newborn child. Joe must enlist help from the other souls-in-training, like 22, a soul who has spent eons in the You Seminar, in order to get back to Earth.","[""Animation"", ""Family"", ""Comedy"", ""Fantasy"", ""Drama"", ""Music""]","[""Jamie Foxx"", ""Tina Fey"", ""Graham Norton"", ""Rachel House"", ""Alice Braga"", ""Richard Ayoade"", ""Phylicia Rash\u0101d"", ""Donnell Rawlings""]","[""Pete Docter""]","[""new york city"", ""jazz"", ""musician"", ""cat"", ""self-discovery"", ""jazz singer or musician"", ""teacher"", ""aftercreditsstinger"", ""duringcreditsstinger"", ""life after death"", ""cheerful""]",2020-12-25,/6jmppcaubzLF8wkXM36ganVISCo.jpg,8.092,11294,12.3703,en,2026-04-02T18:18:58.004390
539,Psycho,Psycho,"When larcenous real estate clerk Marion Crane goes on the lam with a wad of cash and hopes of starting a new life, she ends up at the notorious Bates Motel, where manager Norman Bates cares for his housebound mother.","[""Horror"", ""Thriller"", ""Mystery""]","[""Anthony Perkins"", ""Janet Leigh"", ""Vera Miles"", ""John Gavin"", ""Martin Balsam"", ""John McIntire"", ""Simon Oakland"", ""Frank Albertson""]","[""Alfred Hitchcock""]","[""hotel"", ""clerk"", ""detective"", ""shower"", ""arizona"", ""motel"", ""halloween"", ""stolen money"", ""alter ego"", ""taxidermy"", ""money"", ""murder"", ""secretary"", ""serial killer"", ""slasher"", ""psychological thriller"", ""black and white"", ""corpse"", ""murderer"", ""theft""]",1960-06-22,/yz4QVqPx3h1hD1DfqqQkCq3rmxW.jpg,8.416,10890,13.5722,en,2026-04-02T18:18:58.440753
1450527,Forbidden Fruits,Forbidden Fruits,"Free Eden employee Apple secretly runs a witchy femme cult in the basement of the mall store after hours – with fellow fruits Cherry and Fig. But, when new hire Pumpkin challenges their performative sisterhood, the women are forced to face their own poisons or succumb to a bloody fate.","[""Horror"", ""Comedy""]","[""Lili Reinhart"", ""Lola Tung"", ""Victoria Pedretti"", ""Alexandra Shipp"", ""Emma Chamberlain"", ""Gabrielle Union"", ""Hailey Summer"", ""Jordan Duarte""]","[""Meredith Alloway""]","[""dark comedy"", ""cult"", ""shopping mall"", ""based on play or musical"", ""sisterhood"", ""malicious"", ""performative"", ""induction ceremony"", ""absurd"", ""admiring"", ""exuberant"", ""femme"", ""witchy""]",2026-03-26,/t3hvrrrqvRoURz4y1A1aCys6WD9.jpg,6.7,9,19.0822,en,2026-04-02T18:18:58.842978
37408,Vicki,Vicki,A supermodel gets murdered. While investigating the case the story of a waitress turned glamor girl is revealed.,"[""Crime"", ""Drama"", ""Mystery"", ""Romance"", ""Thriller""]","[""Jeanne Crain"", ""Jean Peters"", ""Elliott Reid"", ""Richard Boone"", ""Max Showalter"", ""Alexander D'Arcy"", ""Carl Betz"", ""Aaron Spelling""]","[""Harry Horner""]","[""waitress"", ""investigation"", ""flashback"", ""film noir""]",1953-10-05,/bwd5pWQhWtqgPkrllE0nsWsFEeG.jpg,5.4,22,29.1444,en,2026-04-02T18:18:59.399186
550,Fight Club,Fight Club,"A ticking-time-bomb insomniac and a slippery soap salesman channel primal male aggression into a shocking new form of therapy. Their concept catches on, with underground ""fight clubs"" forming in every town, until an eccentric gets in the way and ignites an out-of-control spiral toward oblivion.","[""Drama"", ""Thriller""]","[""Edward Norton"", ""Brad Pitt"", ""Helena Bonham Carter"", ""Meat Loaf"", ""Jared Leto"", ""Zach Grenier"", ""Holt McCallany"", ""Eion Bailey""]","[""David Fincher""]","[""dual identity"", ""rage and hate"", ""based on novel or book"", ""nihilism"", ""fight"", ""support group"", ""dystopia"", ""insomnia"", ""alter ego"", ""breaking the fourth wall"", ""split personality"", ""quitting a job"", ""dissociative identity disorder"", ""self destructiveness""]",1999-10-15,/pB8BM7pdSp6B6Ih7QZ4DrQ3PmJK.jpg,8.438,31697,22.131,en,2026-04-02T18:18:59.744473
680493,Return to Silent Hill,Return to Silent Hill,"When James receives a mysterious letter from his lost love Mary, he is drawn to Silent Hill—a once-familiar town now consumed by darkness. As he searches for her, James faces monstrous creatures and unravels a terrifying truth that will push him to the edge of his sanity.","[""Mystery"", ""Drama"", ""Horror""]","[""Jeremy Irvine"", ""Hannah Emily Anderson"", ""Evie Templeton"", ""Pearse Egan"", ""Nicola Alexis"", ""Robert Strange"", ""Emily Carding"", ""Eve Macklin""]","[""Christophe Gans""]","[""monster"", ""wife"", ""supernatural"", ""letter"", ""painter"", ""sequel"", ""punishment"", ""love"", ""survival"", ""murder"", ""creature"", ""based on video game"", ""ghost town"", ""psychological"", ""plot twist"", ""psychological horror"", ""violence"", ""bewildered""]",2026-01-21,/fqAGFN2K2kDL0EHxvJaXzaMUkkt.jpg,5.0,306,83.3557,en,2026-04-02T18:19:00.043519
557,Spider-Man,Spider-Man,"After being bitten by a genetically altered spider at Oscorp, nerdy but endearing high school student Peter Parker is endowed with amazing powers to become the superhero known as Spider-Man.","[""Action"", ""Science Fiction""]","[""Tobey Maguire"", ""Willem Dafoe"", ""Kirsten Dunst"", ""James Franco"", ""Cliff Robertson"", ""Rosemary Harris"", ""J.K. Simmons"", ""Joe Manganiello""]","[""Sam Raimi""]","[""new york city"", ""adolescence"", ""photographer"", ""loss of loved one"", ""photography"", ""secret identity"", ""hostility"", ""superhero"", ""spider"", ""bad boss"", ""villain"", ""based on comic"", ""teenage boy"", ""teenage love"", ""evil"", ""super villain"", ""taking responsibility""]",2002-05-01,/kjdJntyBeEvqm9w97QGBdxPptzj.jpg,7.323,20462,21.2467,en,2026-04-02T18:19:00.468423
1464883,The President's Cake,The President's Cake,"While people across 1990s Iraq struggle to survive the war and food shortages, Saddam Hussein requires each school in the country to prepare a cake to celebrate his birthday. Despite her efforts to avoid getting picked, 9-year-old Lamia is chosen among her classmates. The young girl must now use her wits and imagination to gather ingredients for the mandatory cake or face the consequences.","[""Drama""]","[""Banin Ahmad Nayef"", ""Sajad Mohamad Qasem"", ""Waheed Thabet Khreibat"", ""Rahim AlHaj"", ""Muthanna Malaghi"", ""Ahmad Qasem Saywan"", ""Thaer Salem"", ""Fatima Abouharoon""]","[""Hasan Hadi""]","[""dictatorship"", ""birthday cake"", ""police arrest"", ""counterfeit money"", ""thoughtful"", ""1990s"", ""loss of family"", ""depressing"", ""tragic"", ""saddam hussein""]",2025-12-26,/abdw51gf1oy3UWllAwqGl6WdkiS.jpg,7.6,48,5.3125,en,2026-04-02T18:19:00.965998
961077,The Little Sister,La Petite Dernière,"Fatima, 17, the youngest daughter of a French-Algerian family in a Paris suburb, leaves school for a prestigious prep class. She plays football, has a secret boyfriend, but hides that she loves women. In Paris, new freedoms clash with family tradition and faith, forcing her to find her own path.","[""Drama"", ""Romance""]","[""Nadia Melliti"", ""Park Ji-min"", ""Amina Ben Mohamed"", ""Rita Benmannana"", ""Melissa Guers"", ""Razzak Ridha"", ""Louis Memmi"", ""Anouar Kardellas""]","[""Hafsia Herzi""]","[""coming of age"", ""lgbt""]",2025-10-22,/lI3wYg9pcGmrX1IPjcz4PO9TI09.jpg,6.8,84,1.8132,fr,2026-04-02T18:19:01.385671
1636918,The Plastic Detox,The Plastic Detox,This eye-opening documentary follows six couples with unexplained infertility as they lower their exposure to plastics in hopes it helps them conceive.,"[""Documentary""]",[],"[""Louie Psihoyos"", ""Josh Murphy""]","[""food poisoning"", ""fertility test"", ""healthy food"", ""fertility"", ""health documentary"", ""plastic contamination"", ""plastic pollution"", ""food safety"", ""food documentary""]",2026-03-16,/1FuExEaXy9ejGGm6VHCdirvk6zg.jpg,7.75,8,3.6017,en,2026-04-02T18:19:01.808640
567,Rear Window,Rear Window,A wheelchair-bound photographer spies on his neighbors from his apartment window and becomes convinced one of them has committed murder.,"[""Thriller"", ""Mystery""]","[""James Stewart"", ""Grace Kelly"", ""Wendell Corey"", ""Thelma Ritter"", ""Raymond Burr"", ""Judith Evelyn"", ""Ross Bagdasarian"", ""Georgine Darcy""]","[""Alfred Hitchcock""]","[""nurse"", ""isolation"", ""photographer"", ""suspicion of murder"", ""wheelchair"", ""girlfriend"", ""salesman"", ""neighbor"", ""whodunit"", ""biting"", ""convalescence"", ""voyeurism"", ""voyeur"", ""missing wife"", ""homebound"", ""psychotic obsessions"", ""suspicious behavior"", ""huis clos"", ""fot\u00f3grafo"", ""suspenseful""]",1954-08-01,/ILVF0eJxHMddjxeQhswFtpMtqx.jpg,8.341,7079,7.8491,en,2026-04-02T18:19:02.280715
934456,Americana,Americana,"When a rare Lakota Ghost Shirt falls into the black market in a small town in South Dakota, the lives of local outsiders and outcasts violently intertwine.","[""Crime"", ""Thriller"", ""Western"", ""Action""]","[""Sydney Sweeney"", ""Paul Walter Hauser"", ""Halsey"", ""Simon Rex"", ""Eric Dane"", ""Zahn McClarnon"", ""Derek Hinkey"", ""Toby Huss""]","[""Tony Tost""]","[""dark comedy"", ""artifact"", ""biting"", ""south dakota"", ""indigenous community"", ""ambivalent"", ""amused"", ""celebratory""]",2025-08-15,/83Gis9pOKCvAdaKXCNChey4IZyL.jpg,6.25,122,30.709,en,2026-04-02T18:19:02.747668
1380920,Sankranthiki Vasthunam,సంక్రాంతికి వస్తున్నాం,"When a renowned tech entrepreneur is kidnapped upon returning to India, a police officer recruits her ex-boyfriend, a former cop now living a quiet family life, to assist in the rescue mission.","[""Action"", ""Comedy""]","[""Venkatesh"", ""Aishwarya Rajesh"", ""Meenakshi Chaudhary"", ""Upendra Limaye"", ""Sai Kumar"", ""Srinivasa Reddy"", ""Naresh"", ""VTV Ganesh""]","[""Anil Ravipudi""]",[],2025-01-14,/gFa07KuR3tWFI6YFTeGz930zeMo.jpg,5.5,12,0.9007,te,2026-04-02T18:19:03.098361
66107,Don,డాన్,"Surya lives a middle-classed lifestyle along with his honest father who is a Police Inspector. When his father arrests a gangster, he is killed, leaving Surya alone to fend for himself. He overcomes many problems, comes to the rescue of a young boy, Jadhav, and together they assist other oppressed youth, who subsequently make Surya their leader. Years later Surya is a much respected and equally feared Don, and lives a wealthy lifestyle along with Jadhav, Bannerjee, and Mathur as his trusted assistants. He dispenses justice quickly and comes to the assistance of the poor and needy. He meets with Mathur's daughter, Priya, and both fall in love with each other. Jadhav, meets with Nandini, and wants to get married to her. Then complications shatter their lives when Pakistani gangster, Feroz, starts taking an interest in India and wants Surya to join forces with him. When Surya refuses, Feroz lets lose a reign of terror that will devastate and change Surya's life forever.","[""Drama"", ""Action"", ""Comedy""]","[""Nagarjuna Akkineni"", ""Anushka Shetty"", ""Raghava Lawrence"", ""Nikita Thukral"", ""Kota Srinivasa Rao"", ""Jeeva"", ""Nassar"", ""Chalapathi Rao""]","[""Raghava Lawrence""]",[],2007-12-20,/muDvHnqcS0R6gxWnw8IqfKMlmPG.jpg,5.895,19,1.3346,te,2026-04-02T18:19:03.423805
1430077,Hokum,Hokum,"When novelist Ohm Bauman retreats to a remote inn to scatter his parents' ashes, he is consumed by tales of a witch haunting the honeymoon suite. Disturbing visions and a shocking disappearance forces him to confront dark corners of his past.","[""Horror"", ""Mystery""]","[""Adam Scott"", ""Peter Coonan"", ""David Wilmot"", ""Florence Ordesh"", ""Will O'Connell"", ""Michael Patric"", ""Siox C"", ""Brendan Conroy""]","[""Damian McCarthy""]","[""supernatural"", ""novelist"", ""inn"", ""haunted""]",2026-04-29,/gC4FtEthYvx6XV2JHCQibf4P3FT.jpg,0.0,0,3.1414,en,2026-04-02T18:19:04.019732
1290821,Shelter,Shelter,"A man living in self-imposed exile on a remote island rescues a young girl from a violent storm, setting off a chain of events that forces him out of seclusion to protect her from enemies tied to his past.","[""Action"", ""Crime"", ""Thriller""]","[""Jason Statham"", ""Bodhi Rae Breathnach"", ""Michael Shaeffer"", ""Anna Crilly"", ""Bill Nighy"", ""Harriet Walter"", ""Eugenia Caruso"", ""Celine Buckens""]","[""Ric Roman Waugh""]","[""ghosts of the past"", ""child protection"", ""apologetic"", ""solitary life""]",2026-01-28,/buPFnHZ3xQy6vZEHxbHgL1Pc6CR.jpg,6.753,450,299.9839,en,2026-04-02T18:19:04.530907
27205,Inception,Inception,"Cobb, a skilled thief who commits corporate espionage by infiltrating the subconscious of his targets is offered a chance to regain his old life as payment for a task considered to be impossible: ""inception"", the implantation of another person's idea into a target's subconscious.","[""Action"", ""Science Fiction"", ""Adventure""]","[""Leonardo DiCaprio"", ""Joseph Gordon-Levitt"", ""Ken Watanabe"", ""Tom Hardy"", ""Elliot Page"", ""Dileep Rao"", ""Cillian Murphy"", ""Tom Berenger""]","[""Christopher Nolan""]","[""mission"", ""dreams"", ""kidnapping"", ""spy"", ""allegory"", ""intellectual"", ""manipulation"", ""heist"", ""memory"", ""dream world"", ""subconscious"", ""complex"", ""dramatic"", ""complicated"", ""excited"", ""high concept"", ""dream""]",2010-07-15,/xlaY2zyzMfkhk0HSC5VUwzoZPU1.jpg,8.371,38923,28.7944,en,2026-04-02T18:19:04.957688
1327688,One Mile: Chapter One,One Mile: Chapter One,"After being released from prison, a father tries to reconnect with his daughter by taking her on a tour of college, but they soon find themselves fighting for more than their lost relationship when a murderous cult pursues them.","[""Action"", ""Crime""]","[""Ryan Phillippe"", ""Am\u00e9lie Hoeferle"", ""Sara Canning"", ""Sage Linder"", ""Beverley Elliott"", ""Phil Burke"", ""Gabrielle Jacinto"", ""C. Thomas Howell""]","[""Adam Davidson""]","[""cult"", ""road trip"", ""father daughter relationship"", ""independent film"", ""college tour""]",2026-02-20,/1GZaoYe0mQy211DgDSAxAXr30ul.jpg,7.21,69,10.046,en,2026-04-02T18:19:05.436527
1141320,The Family Star,ద ఫ్యామిలీ స్తార్,"Govardhan, a devoted architect from Hyderabad, juggles supporting his extended family while seeking a partner who understands his commitments. When he discovers Indu thesis on his family, he challenges her, leading to unexpected twists as they navigate misunderstandings and eventually find love amidst sacrifice and understanding","[""Family"", ""Romance"", ""Comedy"", ""Drama"", ""Action""]","[""Vijay Deverakonda"", ""Mrunal Thakur"", ""Rohini Hattangadi"", ""Vasuki Anand"", ""Abhinaya"", ""Ravi Prakash"", ""Raja Chembolu"", ""Jagapati Babu""]","[""Parasuram Petla""]",[],2024-04-04,/2mLyHeWwU0Ocv9Jvk72IDqZqT7G.jpg,4.7,16,1.8549,te,2026-04-02T18:19:06.274371
1327690,One Mile: Chapter Two,One Mile: Chapter Two,"Former special forces operative Danny is forced back onto a remote island when a violent, secretive community takes revenge by abducting his daughter Alex, launching a relentless hunt against enemies prepared for his every move.","[""Action"", ""Crime""]","[""Ryan Phillippe"", ""Am\u00e9lie Hoeferle"", ""Sara Canning"", ""Sage Linder"", ""Beverley Elliott"", ""Phil Burke"", ""Gabrielle Jacinto"", ""C. Thomas Howell""]","[""Adam Davidson""]","[""cult"", ""sequel""]",2026-02-27,/3sjc9qXXmQoUWKQ3qIjS1nZaUJy.jpg,6.804,56,6.2842,en,2026-04-02T18:19:07.253805
29259,Le Trou,Le Trou,"Four prison inmates have been hatching a plan to literally dig out of jail when another prisoner, Claude Gaspard, is moved into their cell. They take a risk and share their plan with the newcomer. Over the course of three days, the prisoners and friends break through the concrete floor using a bed post and begin to make their way through the sewer system – yet their escape is anything but assured.","[""Drama"", ""Thriller"", ""Crime""]","[""Michel Constantin"", ""Jean Keraudy"", ""Philippe Leroy"", ""Raymond Meunier"", ""Marc Michel"", ""Jean-Paul Coquelin"", ""Andr\u00e9 Bervil"", ""Eddy Rasimi""]","[""Jacques Becker""]","[""prison"", ""escape"", ""black and white"", ""urination"", ""warden"", ""manhole"", ""toothbrush"", ""tunnel"", ""hourglass"", ""neo-noir"", ""pris\u00e3o""]",1960-03-18,/xyZhiOz5NHVBUKlpioxjwajy7pm.jpg,8.253,560,4.1407,fr,2026-04-02T18:19:07.883035
346698,Barbie,Barbie,"Barbie and Ken are having the time of their lives in the colorful and seemingly perfect world of Barbie Land. However, when they get a chance to go to the real world, they soon discover the joys and perils of living among humans.","[""Comedy"", ""Adventure""]","[""Margot Robbie"", ""Ryan Gosling"", ""America Ferrera"", ""Ariana Greenblatt"", ""Issa Rae"", ""Kate McKinnon"", ""Alexandra Shipp"", ""Emma Mackey""]","[""Greta Gerwig""]","[""feminism"", ""satire"", ""patriarchy"", ""social satire"", ""based on toy"", ""female protagonist"", ""fish out of water"", ""womanhood"", ""doll"", ""reality vs fantasy"", ""fantasy world"", ""motherhood"", ""existentialism"", ""woman director"", ""misandry"", ""mother daughter relationship"", ""adventure comedy"", ""inspirational"", ""gender discrimination"", ""critical""]",2023-07-19,/iuFNMS8U5cb6xfzi51Dbkovj7vM.jpg,6.9,10918,19.2794,en,2026-04-02T18:19:08.374961
62029,Bingo Bongo,Bingo Bongo,"The ape-man, found somewhere in the jungles of Congo, transferred to Milan and named Bingo Bongo. The only one who believes in the human qualities of him is Laura, a woman anthropologist , so their affection for each other even grows to love.","[""Comedy""]","[""Adriano Celentano"", ""Carole Bouquet"", ""Felice Andreasi"", ""Enzo Robutti"", ""Walter D'Amore"", ""Roberto Marelli"", ""Guido Spadea"", ""Alfio Patan\u00e9""]","[""Pasquale Festa Campanile""]",[],1982-12-23,/5ve4VuCwi7Xas5s50ynEB7uFjM2.jpg,5.7,172,52.9094,it,2026-04-02T18:19:08.669908
10835,The Killer,喋血雙雄,"Mob assassin Jeffrey is no ordinary hired gun; the best in his business, he views his chosen profession as a calling rather than simply a job. So, when beautiful nightclub chanteuse Jennie is blinded in the crossfire of his most recent hit, Jeffrey chooses to retire after one last job to pay for his unintended victim's sight-restoring operation. But when Jeffrey is double-crossed, he reluctantly joins forces with a rogue policeman to make things right.","[""Action"", ""Crime"", ""Drama"", ""Thriller""]","[""Chow Yun-Fat"", ""Danny Lee Sau-Yin"", ""Sally Yeh"", ""Paul Chu Kong"", ""Kenneth Tsang"", ""Shing Fui-On"", ""Tommy Wong"", ""James Ha Chim-Si""]","[""John Woo""]","[""blindness and impaired vision"", ""police"", ""hitman"", ""hong kong"", ""dramatic""]",1989-03-24,/8hTxlSqMAHBXAh1eB69ir0BXhzE.jpg,7.58,883,5.2749,cn,2026-04-02T18:19:09.151149
502356,The Super Mario Bros. Movie,The Super Mario Bros. Movie,"While working underground to fix a water main, Brooklyn plumbers—and brothers—Mario and Luigi are transported down a mysterious pipe and wander into a magical new world. But when the brothers are separated, Mario embarks on an epic quest to find Luigi.","[""Family"", ""Comedy"", ""Adventure"", ""Animation"", ""Fantasy""]","[""Chris Pratt"", ""Anya Taylor-Joy"", ""Charlie Day"", ""Jack Black"", ""Keegan-Michael Key"", ""Seth Rogen"", ""Fred Armisen"", ""Sebastian Maniscalco""]","[""Aaron Horvath"", ""Michael Jelenic""]","[""gorilla"", ""plumber"", ""villain"", ""anthropomorphism"", ""magic mushroom"", ""based on video game"", ""nostalgic"", ""toad"", ""aftercreditsstinger"", ""duringcreditsstinger"", ""damsel in distress"", ""piano"", ""brother brother relationship"", ""3d animation"", ""evil king""]",2023-04-05,/qNBAXBIQlnOThrVvA6mA2B5ggV6.jpg,7.6,10396,92.4971,en,2026-04-02T18:19:09.579764
597,Titanic,Titanic,"101-year-old Rose DeWitt Bukater tells the story of her life aboard the Titanic, 84 years later. A young Rose boards the ship with her mother and fiancé. Meanwhile, Jack Dawson and Fabrizio De Rossi win third-class tickets aboard the ship. Rose tells the whole story from Titanic's departure through to its death—on its first and last voyage—on April 15, 1912.","[""Drama"", ""Romance""]","[""Leonardo DiCaprio"", ""Kate Winslet"", ""Billy Zane"", ""Kathy Bates"", ""Frances Fisher"", ""Gloria Stuart"", ""Bill Paxton"", ""Bernard Hill""]","[""James Cameron""]","[""ship"", ""soulmates"", ""shipwreck"", ""atlantic ocean"", ""evacuation"", ""iceberg"", ""titanic"", ""forbidden love"", ""ocean liner"", ""based on true story"", ""rich woman poor man"", ""tragedy"", ""tragic love"", ""historical fiction"", ""class differences"", ""love affair"", ""historical event"", ""sinking ship"", ""rich snob"", ""tragic romance""]",1997-12-18,/9xjZS2rlVxm8SFx8kPC3aIGCOYQ.jpg,7.903,26946,30.7722,en,2026-04-02T18:19:10.103049
598,City of God,Cidade de Deus,"In the poverty-stricken favelas of Rio de Janeiro in the 1970s, two young men choose different paths. Rocket is a budding photographer who documents the increasing drug-related violence of his neighborhood, while José “Zé” Pequeno is an ambitious drug dealer diving into a dangerous life of crime.","[""Drama"", ""Crime""]","[""Alexandre Rodrigues"", ""Leandro Firmino"", ""Phellipe Haagensen"", ""Douglas Silva"", ""Jonathan Haagensen"", ""Matheus Nachtergaele"", ""Seu Jorge"", ""Jefechander Suplino""]","[""Fernando Meirelles""]","[""street gang"", ""photographer"", ""gangster"", ""rio de janeiro"", ""gang war"", ""ghetto"", ""based on true story"", ""coming of age"", ""introspective"", ""conceited""]",2002-08-30,/k7eYdWvhYQyRQoU2TB2A2Xu2TfD.jpg,8.429,8080,12.9994,pt,2026-04-02T18:19:10.415118
599,Sunset Boulevard,Sunset Boulevard,A hack screenwriter writes a screenplay for a former silent film star who has faded into Hollywood obscurity.,"[""Drama""]","[""William Holden"", ""Gloria Swanson"", ""Erich von Stroheim"", ""Nancy Olson"", ""Fred Clark"", ""Lloyd Gough"", ""Jack Webb"", ""Franklyn Farnum""]","[""Billy Wilder""]","[""new year's eve"", ""jealousy"", ""loss of sense of reality"", ""screenwriter"", ""butler"", ""delusion"", ""diva"", ""film noir"", ""hollywood"", ""los angeles, california"", ""black and white"", ""madness"", ""aging actor"", ""has been"", ""silent film star"", ""hostile"", ""ironic"", ""grandiose  behavior"", ""kept man"", ""movie studio""]",1950-08-10,/zt8aQ6ksqK6p1AopC5zVTDS9pKT.jpg,8.3,2888,5.566,en,2026-04-02T18:19:10.842570
600,Full Metal Jacket,Full Metal Jacket,A pragmatic U.S. Marine observes the dehumanizing effects the U.S.-Vietnam War has on his fellow recruits from their brutal boot camp training to the bloody street fighting in Hue.,"[""Drama"", ""War""]","[""Matthew Modine"", ""Adam Baldwin"", ""Vincent D'Onofrio"", ""R. Lee Ermey"", ""Dorian Harewood"", ""Kevyn Major Howard"", ""Arliss Howard"", ""Ed O'Ross""]","[""Stanley Kubrick""]","[""rescue"", ""sniper"", ""vietnam war"", ""suicide"", ""vietnam"", ""helicopter"", ""army"", ""prostitute"", ""based on novel or book"", ""propaganda"", ""war correspondent"", ""journalism"", ""recruit"", ""infantry"", ""war photographer"", ""boot camp"", ""jungle"", ""sergeant"", ""racism"", ""genocide""]",1987-06-26,/kMKyx1k8hWWscYFnPbnxxN4Eqo4.jpg,8.119,11318,7.2978,en,2026-04-02T18:19:11.302995
603,The Matrix,The Matrix,"Set in the 22nd century, The Matrix tells the story of a computer hacker who joins a group of underground insurgents fighting the vast and powerful computers who now rule the earth.","[""Action"", ""Science Fiction""]","[""Keanu Reeves"", ""Laurence Fishburne"", ""Carrie-Anne Moss"", ""Hugo Weaving"", ""Gloria Foster"", ""Joe Pantoliano"", ""Marcus Chong"", ""Julian Arahanga""]","[""Lana Wachowski"", ""Lilly Wachowski""]","[""man vs machine"", ""martial arts"", ""kung fu"", ""dreams"", ""fortune teller"", ""artificial intelligence (a.i.)"", ""saving the world"", ""hacker"", ""self sacrifice"", ""virtual reality"", ""fight"", ""prophecy"", ""truth"", ""philosophy"", ""dystopia"", ""insurgence"", ""chosen one"", ""pill"", ""simulated reality "", ""cyberpunk""]",1999-03-31,/aOIuZAjPaRIE6CMzbazvcHuHXDc.jpg,8.241,27586,24.4704,en,2026-04-02T18:19:11.750551
1243741,Ballistic,Ballistic,A mother who works for an ammunition manufacturing company is devastated when her son is killed in Afghanistan. Despair gives way to rage and a desire for revenge when she discovers it was a bullet from her factory that was responsible for her son’s death.,"[""Action"", ""Thriller""]","[""Lena Headey"", ""Amybeth McNulty"", ""Michael Lipka"", ""Jordan Kronis"", ""Hamza Haq"", ""Amanda Brugel"", ""Paolo Mancini"", ""Kendall Christie""]","[""Chad Faust""]","[""afghanistan war (2001-2021)"", ""ammunition"", ""revenge thriller"", ""grieving mother""]",2026-04-17,/wfXSwkKXVY90epyeIB55OAD1jdP.jpg,0.0,0,2.8766,en,2026-04-02T18:19:12.165295
1389149,Accused,अक्यूज़्ड,"When a celebrated queer doctor in London is accused of sexual misconduct, her life unravels. Now under a storm of suspicion and scrutiny, her marriage fractures and the truth blurs. Her wife must decide whether to walk away, or fight for the woman the world is turning against.","[""Thriller"", ""Mystery"", ""Drama""]","[""Konkona Sen Sharma"", ""Pratibha Ranta"", ""Aditya Nanda"", ""Mashhoor Amrohi"", ""Monica Mahendru"", ""Sukant Goel"", ""Kallirroi Tziafeta"", ""Keshav Bhardwaj""]","[""Anubhuti Kashyap""]",[],2026-02-27,/e0YNWPVJBs9wUkcB6a1kCMF4LO7.jpg,5.113,62,9.8494,hi,2026-04-02T18:19:12.591075
354912,Coco,Coco,"Despite his family’s baffling generations-old ban on music, Miguel dreams of becoming an accomplished musician like his idol, Ernesto de la Cruz. Desperate to prove his talent, Miguel finds himself in the stunning and colorful Land of the Dead following a mysterious chain of events. Along the way, he meets charming trickster Hector, and together, they set off on an extraordinary journey to unlock the real story behind Miguel's family history.","[""Family"", ""Animation"", ""Music"", ""Adventure""]","[""Anthony Gonzalez"", ""Gael Garc\u00eda Bernal"", ""Benjamin Bratt"", ""Alanna Ubach"", ""Ren\u00e9e Victor"", ""Jaime Camil"", ""Alfonso Arau"", ""Herbert Siguenza""]","[""Lee Unkrich""]","[""skeleton"", ""mexico"", ""guitar"", ""afterlife"", ""musician"", ""holiday"", ""villain"", ""singer"", ""murderer"", ""life after death"", ""kids"", ""day of the dead"", ""music"", ""boy"", ""hilarious"", ""hopeful""]",2017-10-27,/6Ryitt95xrO8KXuqRGm1fUuNwqF.jpg,8.197,20786,15.626,en,2026-04-02T18:19:13.142915
1319520,Human Resource,พนักงานใหม่ (โปรดรับไว้พิจารณา),"Working in HR at a challenging company, Fren interviews young new hires and is secretly one month pregnant, grappling with the decision to have a child in difficult circumstances.","[""Drama""]","[""Prapamonton Eiamchan"", ""Paopetch Charoensook"", ""Chanakan Rattanaudom"", ""Pimmada Chaisaksoen"", ""Darina Boonchu"", ""Bloom Varin"", ""Chaiyasith Junjuerdee"", ""Ornanong Thaisriwong""]","[""Nawapol Thamrongrattanarit""]",[],2026-01-29,/gB8aGoVwPFH99orjybV1i0P5e7a.jpg,6.2,4,2.1056,th,2026-04-02T18:19:13.534552
1061474,Superman,Superman,"Superman, a journalist in Metropolis, embarks on a journey to reconcile his Kryptonian heritage with his human upbringing as Clark Kent.","[""Science Fiction"", ""Adventure"", ""Action""]","[""David Corenswet"", ""Rachel Brosnahan"", ""Nicholas Hoult"", ""Edi Gathegi"", ""Nathan Fillion"", ""Isabela Merced"", ""Mar\u00eda Gabriela de Far\u00eda"", ""Skyler Gisondo""]","[""James Gunn""]","[""superhero"", ""based on comic"", ""super power"", ""aftercreditsstinger"", ""duringcreditsstinger"", ""supervillain"", ""dc universe (dcu)"", ""anti-imperialism"", ""excited""]",2025-07-09,/ldyfo0BKmz5rWtJJKCvwaNS4cJT.jpg,7.347,4547,30.4865,en,2026-04-02T18:19:14.133377
1299046,Diamonds,Diamanti,"In 1970s Rome, a filmmaker gathers actresses for a new project, which triggers memories of his past working in a Roman costume shop, run by Alberta and Gabriella, navigating personal and professional challenges while creating costumes for a major film.","[""Comedy"", ""Drama""]","[""Luisa Ranieri"", ""Jasmine Trinca"", ""Elena Sofia Ricci"", ""Lunetta Savino"", ""Vanessa Scalera"", ""Kasia Smutniak"", ""Milena Vukoti\u0107"", ""Anna Ferzetti""]","[""Ferzan \u00d6zpetek""]","[""1970s"", ""period drama"", ""filmmaking"", ""tailor"", ""1950s"", ""drama comedy"", ""workplace drama""]",2024-12-19,/rvtFJBLnDalT61QtguRGOrii0hM.jpg,7.2,291,1.825,it,2026-04-02T18:19:14.633077
615,The Passion of the Christ,The Passion of the Christ,A graphic portrayal of the last twelve hours of Jesus of Nazareth's life.,"[""Drama""]","[""Jim Caviezel"", ""Maia Morgenstern"", ""Christo Jivkov"", ""Francesco De Vito"", ""Monica Bellucci"", ""Mattia Sbragia"", ""Toni Bertorelli"", ""Luca Lionello""]","[""Mel Gibson""]","[""mission"", ""suffering"", ""roman empire"", ""christianity"", ""jewry"", ""roman"", ""crucifixion"", ""apostle"", ""last supper"", ""bible"", ""satan"", ""easter"", ""torture"", ""brutality"", ""shocking"", ""jesus christ"", ""complex"", ""christian film"", ""aramaic"", ""rosario""]",2004-02-25,/v9f9MMrq2nGQrN7cHnQRmEq9lSE.jpg,7.525,5077,27.305,en,2026-04-02T18:19:15.168156
1323625,Night Patrol,Night Patrol,An L.A. cop discovers a local task force is hiding a secret that puts the residents of his childhood neighborhood in danger.,"[""Horror"", ""Mystery"", ""Action""]","[""Jermaine Fowler"", ""Justin Long"", ""Phil Brooks"", ""Dermot Mulroney"", ""Freddie Gibbs"", ""RJ Cyler"", ""YG"", ""Nicki Micheaux""]","[""Ryan Prows""]","[""police"", ""vampire"", ""gang"", ""los angeles, california"", ""satirical"", ""supernatural horror"", ""secret"", ""negative"", ""callous""]",2026-01-16,/rNqLzACU9ez2ehDalTFDPjZiC4G.jpg,5.221,43,7.6682,en,2026-04-02T18:19:15.606988
1448560,Wildcat,Wildcat,An ex-black ops team reunite to pull off a desperate heist in order to save the life of their leader’s eight-year-old daughter.,"[""Action"", ""Thriller""]","[""Kate Beckinsale"", ""Lewis Tan"", ""Alice Krige"", ""Charles Dance"", ""Rasmus Hardiker"", ""Mathilde Warnier"", ""Bailey Patrick"", ""Tom Bennett""]","[""James Nunn""]","[""playful"", ""embarrassed""]",2025-11-19,/h893ImjM6Fsv5DFhKJdlZFZIJno.jpg,6.2,145,32.7276,en,2026-04-02T18:19:16.106162
82545,Texasville,Texasville,"Summer, 1984: 30 years after Duane captained the high school football team and Jacy was homecoming queen, this Texas town near Wichita Falls prepares for its centennial. Oil prices are down, banks are failing, and Duane's $12 million in debt. His wife Karla drinks too much, his children are always in trouble, and he tom-cats around with the wives of friends. Jacy's back in town, after a mildly successful acting career, life in Italy, and the death of her son. Folks assume Duane and Jacy will resume their high school romance. And Sonny is ""tired in his mind,"" causing worries for his safety. Can these friends find equilibrium in middle age?","[""Drama"", ""Romance""]","[""Jeff Bridges"", ""Cybill Shepherd"", ""Annie Potts"", ""Randy Quaid"", ""Cloris Leachman"", ""Timothy Bottoms"", ""William McNamara"", ""Eileen Brennan""]","[""Peter Bogdanovich""]","[""small town"", ""based on novel or book"", ""texas"", ""sequel"", ""high school sweetheart"", ""1980s""]",1990-09-28,/7Tj55FkIsZWQbGxIkMuLFsMH7fj.jpg,6.0,56,17.1221,en,2026-04-02T18:19:16.497011
496243,Parasite,기생충,"All unemployed, Ki-taek's family takes peculiar interest in the wealthy and glamorous Parks for their livelihood until they get entangled in an unexpected incident.","[""Comedy"", ""Thriller"", ""Drama""]","[""Song Kang-ho"", ""Lee Sun-kyun"", ""Cho Yeo-jeong"", ""Choi Woo-shik"", ""Park So-dam"", ""Lee Jung-eun"", ""Jang Hye-jin"", ""Park Myung-hoon""]","[""Bong Joon Ho""]","[""dark comedy"", ""con artist"", ""social commentary"", ""working class"", ""infiltration"", ""psychological thriller"", ""class differences"", ""family"", ""mysterious"", ""unemployed"", ""shocking"", ""thoughtful"", ""domestic worker"", ""wealthy family"", ""complex"", ""south korea"", ""cautionary"", ""caste violence"", ""seoul, south korea"", ""suspenseful""]",2019-05-30,/7IiTTgloJzvGI1TAYymCfbfl3vT.jpg,8.493,20348,32.4475,ko,2026-04-02T18:19:16.820482
629,The Usual Suspects,The Usual Suspects,"Held in an L.A. interrogation room, Verbal Kint attempts to convince the feds that a mythic crime lord, Keyser Soze, not only exists, but was also responsible for drawing him and his four partners into a multi-million dollar heist that ended with an explosion in San Pedro harbor – leaving few survivors. Verbal lures his interrogators with an incredible story of the crime lord's almost supernatural prowess.","[""Drama"", ""Crime"", ""Thriller""]","[""Stephen Baldwin"", ""Gabriel Byrne"", ""Benicio del Toro"", ""Kevin Pollak"", ""Kevin Spacey"", ""Chazz Palminteri"", ""Pete Postlethwaite"", ""Suzy Amis""]","[""Bryan Singer""]","[""new york city"", ""robbery"", ""relatives"", ""heist"", ""flashback"", ""police corruption"", ""whodunit"", ""los angeles, california"", ""theft"", ""criminal"", ""criminal mastermind"", ""cargo ship"", ""mind game"", ""neo-noir"", ""mystery villain"", ""suspenseful"", ""intense"", ""excited"", ""rashomon effect""]",1995-07-19,/99X2SgyFunJFXGAYnDv3sb9pnUD.jpg,8.169,11261,9.5676,en,2026-04-02T18:19:17.238813
1417849,Naari Naari Naduma Murari,నారీ నారీ నడుమ మురారి,"A young man's life turns upside down when he finds himself caught between two women, leading to an unexpected love triangle filled with emotions, misunderstandings, and tough decisions. As relationships intertwine, he must confront his feelings, face reality, and choose what truly matters, blending romance with heartfelt family drama.","[""Romance"", ""Drama"", ""Comedy""]","[""Sharwanand"", ""Sakshi Vaidya"", ""Samyuktha"", ""Sree Vishnu"", ""Vennela Kishore"", ""Naresh"", ""Satya"", ""Sampath Raj""]","[""Ram Abbaraju""]",[],2026-01-14,/jFBu7tS0mlEZwYTkjJcKH48bV4m.jpg,6.1,8,0.9476,te,2026-04-02T18:19:17.740051
637,Life Is Beautiful,La vita è bella,A touching story of an Italian book seller of Jewish ancestry who lives in his own little fairy tale. His creative and happy life would come to an abrupt halt when his entire family is deported to a concentration camp during World War II. While locked up he tries to convince his son that the whole thing is just a game.,"[""Comedy"", ""Drama""]","[""Roberto Benigni"", ""Nicoletta Braschi"", ""Giorgio Cantarini"", ""Giustino Durano"", ""Sergio Bini Bustric"", ""Marisa Paredes"", ""Horst Buchholz"", ""Lidia Alfonsi""]","[""Roberto Benigni""]","[""dying and death"", ""bookshop"", ""love of one's life"", ""nazi"", ""self sacrifice"", ""loss of loved one"", ""italy"", ""riddle"", ""mass murder"", ""concentration camp"", ""fascism"", ""holocaust (shoah)"", ""world war ii"", ""deportation"", ""jew persecution"", ""story teller"", ""riding a bicycle"", ""national socialism"", ""dark comedy"", ""charade""]",1997-12-20,/mfnkSeeVOBVheuyn2lo4tfmOPQb.jpg,8.439,13879,11.3294,it,2026-04-02T18:19:18.152050
1397373,Cena di classe,Cena di classe,"A group of former high school classmates reunite after seventeen years for the funeral of an old friend. Aided by alcohol and a forgotten video, they sneak into their old school one night to relive the magic of that time. But a simple reunion quickly turns into a criminal adventure.","[""Comedy"", ""Drama""]","[""Francesco Mandelli"", ""Andrea Pisani"", ""Roberto Lipari"", ""Nicola Nocella"", ""Beatrice Arnera"", ""Herbert Ballerina"", ""Giulia Vecchio"", ""Francesco Russo""]","[""Francesco Mandelli""]",[],2026-03-26,/tq62SABP6986u7fYJ39vnexjgFU.jpg,6.818,11,2.3661,it,2026-04-02T18:19:18.566247
1241725,Jack,జాక్,"Jack, an aspiring but overeager intelligence agent, goes against protocol and the real spies, to foil a potential attack on home turf.","[""Comedy"", ""Crime"", ""Romance""]","[""Siddhu Jonnalagadda"", ""Vaishnavi Chaitanya"", ""Prakash Raj"", ""Naresh"", ""Brahmaji"", ""Subbaraju"", ""Ravi Prakash"", ""Shabeer Kallarakkal""]","[""Bhaskar""]",[],2025-04-10,/xkat9sykUnlwoeRW59X5mdVKfAi.jpg,6.0,9,1.5139,te,2026-04-02T18:19:19.071904
1364608,Anemone,Anemone,"Middle-aged Jem sets out from his suburban home on a journey into the woods, where he reconnects with his estranged hermit brother Ray. Bonded by a mysterious, complicated past, the men share a fraught, if occasionally tender relationship—one that was forever altered by shattering events decades earlier.","[""Drama""]","[""Daniel Day-Lewis"", ""Sean Bean"", ""Samantha Morton"", ""Samuel Bottomley"", ""Safia Oakley-Green"", ""Lewis Ian Bray"", ""Paul Butterworth"", ""Karl Cam""]","[""Ronan Day-Lewis""]","[""family relationships"", ""family dynamics"", ""father son relationship"", ""brother brother relationship""]",2025-10-02,/dubKbJTRTJmji0VUEo5pVoZ92ra.jpg,6.1,111,8.5615,en,2026-04-02T18:19:19.485312
1337985,A Pale View of Hills,遠い山なみの光,"Dual timelines explore a Japanese widow's memories spanning post-war Nagasaki in 1950s and England during 1980s Cold War era, unraveling secrets that intertwine her past and present experiences across borders.","[""Drama"", ""History""]","[""Suzu Hirose"", ""Fumi Nikaido"", ""Yoh Yoshida"", ""Camilla Aiko"", ""Kouhei Matsushita"", ""Tomokazu Miura"", ""Lynette Edwards"", ""Rie Shibata""]","[""Kei Ishikawa""]","[""based on novel or book"", ""widow"", ""1950s"", ""1960s"", ""nagasaki, japan"", ""human mystery""]",2025-09-05,/9A9FOqFH4UX9EGPxg9SFxO9gnag.jpg,7.7,12,2.3209,ja,2026-04-02T18:19:19.932420
606856,Togo,Togo,"The untold true story set in the winter of 1925 that takes you across the treacherous terrain of the Alaskan tundra for an exhilarating and uplifting adventure that will test the strength, courage and determination of one man, Leonhard Seppala, and his lead sled dog, Togo.","[""Adventure"", ""Family""]","[""Willem Dafoe"", ""Julianne Nicholson"", ""Christopher Heyerdahl"", ""Richard Dormer"", ""Adrien Dorval"", ""Madeline Wickins"", ""Michael Greyeyes"", ""Nive Nielsen""]","[""Ericson Core""]","[""snowstorm"", ""husky"", ""based on true story"", ""puppy"", ""alaska"", ""snow"", ""historical"", ""dog"", ""sled dogs"", ""1920s"", ""pets""]",2019-12-20,/921q4gPNN4J6UxvKaw6SCNBe3F8.jpg,8.127,2229,4.4427,en,2026-04-02T18:19:20.412977
649,Belle de Jour,Belle de jour,"Beautiful young housewife Séverine Serizy cannot reconcile her masochistic fantasies with her everyday life alongside dutiful husband Pierre. When her lovestruck friend Henri mentions a secretive high-class brothel run by Madame Anais, Séverine begins to work there during the day under the name Belle de Jour. But when one of her clients grows possessive, she must try to go back to her normal life.","[""Drama"", ""Romance""]","[""Catherine Deneuve"", ""Jean Sorel"", ""Michel Piccoli"", ""Genevi\u00e8ve Page"", ""Pierre Cl\u00e9menti"", ""Fran\u00e7oise Fabian"", ""Macha M\u00e9ril"", ""Muni""]","[""Luis Bu\u00f1uel""]","[""adultery"", ""prostitute"", ""jealousy"", ""dreams"", ""husband wife relationship"", ""dual identity"", ""double life"", ""sexual frustration"", ""brothel"", ""women's sexual identity"", ""masochism"", ""sexual exploration""]",1967-05-24,/iUAFECovwPA0cVV9bo4uNGLJSGL.jpg,7.308,1008,3.0073,fr,2026-04-02T18:19:20.807349
82572,Student No. 1,స్టూడెంట్ నెం.1,"At his father's request, Aditya attends a law college in the coastal metropolis of Visakhapatnam, although he actually wanted to become an engineer. On the first day he meets the beautiful Anjali. Over time, the female student slowly begins to become interested in the strange newcomer, who acts nice and friendly but doesn't seem to be interested in anything else. The college is notorious for its disobediently and disorderly students. It's not the professors who are in charge on campus, but rather the student leader Satya. He is also in love with Anjali and sees Aditya as a competitor who needs to be put in his place. So Aditya faces multiple problems as he tries to reform the unruly students while dealing with his terrible past that everyone doesn't know about.","[""Action"", ""Drama"", ""Crime"", ""Romance"", ""Mystery"", ""Comedy""]","[""N.T. Rama Rao Jr."", ""Gajala"", ""Rajiv Kanakala"", ""Brahmanandam"", ""Ali Basha"", ""Kota Srinivasa Rao"", ""Malladi Raghava"", ""Sudha""]","[""S. S. Rajamouli""]","[""college"", ""coming of age"", ""college love"", ""college friends"", ""college life"", ""students""]",2001-09-27,/5R3plOFdnoZyIVcXRKUcsHhI9RW.jpg,5.2,12,1.166,te,2026-04-02T18:19:21.222100
655,"Paris, Texas","Paris, Texas","A man wanders out of the desert not knowing who he is. His brother finds him, and helps to pull his memory back of the life he led before he walked out on his family and disappeared four years earlier.","[""Drama""]","[""Harry Dean Stanton"", ""Nastassja Kinski"", ""Dean Stockwell"", ""Hunter Carson"", ""Aurore Cl\u00e9ment"", ""Bernhard Wicki"", ""Sam Berry"", ""Claresie Mobley""]","[""Wim Wenders""]","[""van"", ""regret"", ""amnesia"", ""sibling relationship"", ""texas"", ""peep show"", ""redemption"", ""road trip"", ""mute"", ""los angeles, california"", ""on the road"", ""desert"", ""family"", ""modern-day western"", ""neo-western"", ""new german cinema"", ""fugue state"", ""psychological drama""]",1984-07-16,/sP27Qm4THyRZyHjHYMfIDtJP6YE.jpg,8.096,2178,5.4801,en,2026-04-02T18:19:21.616102
490132,Green Book,Green Book,"Tony Lip, a bouncer in 1962, is hired to drive pianist Don Shirley on a tour through the Deep South in the days when African Americans, forced to find alternate accommodations and services due to segregation laws below the Mason-Dixon Line, relied on a guide called The Negro Motorist Green Book.","[""Drama"", ""Comedy"", ""History""]","[""Viggo Mortensen"", ""Mahershala Ali"", ""Linda Cardellini"", ""Sebastian Maniscalco"", ""Dimiter D. Marinov"", ""Mike Hatton"", ""P.J. Byrne"", ""Joe Cortese""]","[""Peter Farrelly""]","[""friendship"", ""southern usa"", ""based on true story"", ""road trip"", ""racism"", ""pianist"", ""driver"", ""lgbt"", ""road movie"", ""music tour"", ""1960s"", ""roadtrip"", ""gay theme"", ""feel good"", ""empathetic"", ""hopeful""]",2018-11-16,/7BsvSuDQuoqhWmU2fL7W2GOcZHU.jpg,8.223,12709,10.4311,en,2026-04-02T18:19:22.038591
25237,Come and See,Иди и смотри,"The invasion of a village in Belarus by German forces sends young Florya into the forest to join the weary Resistance fighters, against his family's wishes. There he meets a girl, Glasha, who accompanies him back to his village. On returning home, Florya finds his family and fellow peasants massacred. His continued survival amidst the brutal debris of war becomes increasingly nightmarish, a battle between despair and hope.","[""Drama"", ""War""]","[""Aleksei Kravchenko"", ""Olga Mironova"", ""Liubomiras Laucevi\u010dius"", ""Vladas Bagdonas"", ""J\u00fcri Lumiste"", ""Viktors Lorencs"", ""Kazimir Rabetsky"", ""Yevgeni Tilicheyev""]","[""Elem Klimov""]","[""nazi"", ""war crimes"", ""insanity"", ""world war ii"", ""surrealism"", ""wehrmacht"", ""teenage girl"", ""atrocity"", ""genocide"", ""russian army"", ""mine field"", ""horrors of war"", ""premature aging"", ""byelorussia"", ""disturbed"", ""children in wartime"", ""horrified""]",1985-10-17,/qNbMsKVzigERgJUbwf8pKyZogpb.jpg,8.214,1789,10.0455,ru,2026-04-02T18:19:22.466033
1559189,BURN,炎上,"When runaway teen Ju-Ju is embraced by a tribe of misfit youths in Kabukicho, she finds belonging for the first time — until betrayal and despair twist her haven into a prison, and she's left with one way to take back control.","[""Drama""]","[""Nana Mori"", ""Aoi Yamada"", ""Ryosuke Sota"", ""Wataru Ichinose"", ""Kanata Mori"", ""Mei Takahashi"", ""L\u00e9ona Hirota"", ""Tuki Takamura""]","[""Makoto Nagahisa""]",[],2026-04-10,/rvuyrsPsMEKiwmQsVB5XFM0ZkK7.jpg,0.0,0,1.398,ja,2026-04-02T18:19:22.852703
565911,Attila,Attila,"First staged at the Teatro La Fenice in 1846, Verdi’s ninth opera, Attila, returns to the stage of La Scala on December 7th. Following the inauguration of the 2015-2016 Season with Giovanna d’Arco and in anticipation of Macbeth, with Attila Musical Director Riccardo Chailly continues his study of Verdi’s early works, renewing a successful collaboration with creative director Davide Livermore that began with his acclaimed production of Donizetti’s Don Pasquale for La Scala. In this complex opera Verdi experiments with fresh perspectives, featuring spectacular historical settings, introspective angles and moral uncertainties. Attila demands of its performers not only passion and confidence, but also the ability to find subtle accents and psychological nuances.","[""Music""]","[""Ildar Abdrazakov"", ""Saioa Hern\u00e1ndez"", ""Fabio Sartori"", ""George Petean"", ""Francesco Pittari"", ""Gianluca Burato""]","[""Patrizia Carmine""]","[""opera"", ""opera live performance""]",2018-12-07,/oRoULQnyJldHFdM8aoVhC2AAec7.jpg,0.0,0,11.2784,it,2026-04-02T18:19:23.278102
58008,Night Nurse,L'infermiera di notte,"A dentist invites a elderly patient to stay at his home to recover, unaware that he is a jewel thief. He plans to steal a valuable diamond but then runs into a beautiful nurse who, aside from constantly stripping nude, has plans of her own.","[""Comedy""]","[""Gloria Guida"", ""Lino Banfi"", ""Alvaro Vitali"", ""Leo Colonna"", ""Mario Carotenuto"", ""Annamaria Clementi"", ""Lucio Montanaro"", ""Francesca Romana Coluzzi""]","[""Mariano Laurenti""]","[""nurse"", ""sex comedy""]",1979-02-07,/tzhBAhN35YjobVG3Ubm3ERnzhBL.jpg,5.1,51,36.6907,it,2026-04-02T18:19:23.701739
1159831,The Bride!,The Bride!,A lonely Frankenstein travels to 1930s Chicago to ask groundbreaking scientist Dr. Euphronious to create a companion for him. The two revive a murdered young woman and The Bride is born. But what ensues is beyond what either of them imagined.,"[""Science Fiction"", ""Horror"", ""Fantasy""]","[""Jessie Buckley"", ""Christian Bale"", ""Peter Sarsgaard"", ""Annette Bening"", ""Jake Gyllenhaal"", ""Pen\u00e9lope Cruz"", ""John Magaro"", ""Matthew Maher""]","[""Maggie Gyllenhaal""]","[""chicago, illinois"", ""new york city"", ""prostitute"", ""based on novel or book"", ""musical"", ""mad scientist"", ""niagara falls"", ""murder"", ""loneliness"", ""police corruption"", ""back from the dead"", ""attempted rape"", ""undercover operation"", ""companion"", ""woman director"", ""sexual assault"", ""femicide"", ""1930s"", ""gothic romance"", ""female scientist""]",2026-03-04,/lV8YHwGkYZsm6EfIqnhaSz2avKt.jpg,6.266,201,15.8365,en,2026-04-02T18:19:24.088388
666,Central Station,Central do Brasil,"An emotional journey of a former school teacher, who writes letters for illiterate people, and a young boy, whose mother has just died, as they search for the father he never knew.","[""Drama""]","[""Fernanda Montenegro"", ""Vin\u00edcius de Oliveira"", ""Mar\u00edlia P\u00eara"", ""Othon Bastos"", ""Ot\u00e1vio Augusto"", ""Matheus Nachtergaele"", ""Caio Junqueira"", ""Stela Freitas""]","[""Walter Salles""]","[""rio de janeiro"", ""letter"", ""wilderness"", ""teacher"", ""orphan"", ""railroad"", ""alcoholic"", ""missing parent"", ""long lost relative"", ""realism"", ""child trafficking"", ""death of parent"", ""road movie"", ""bus station"", ""lost child"", ""unwanted child"", ""truck stop"", ""woman and child"", ""lonely woman"", ""train station""]",1998-04-03,/zJvp7XjQ2LhPbDVYhFXyucs40vR.jpg,8.132,1038,2.6855,pt,2026-04-02T18:19:24.498982
665,Ben-Hur,Ben-Hur,"In ancient Judea, a Jewish aristocrat opposing Roman occupation of his homeland reunites with his childhood friend, now a Roman commander — setting in motion a saga of betrayal, adventure, tragedy, revenge, and faith.","[""History"", ""Drama"", ""Adventure""]","[""Charlton Heston"", ""Stephen Boyd"", ""Hugh Griffith"", ""Jack Hawkins"", ""Haya Harareet"", ""Martha Scott"", ""Cathy O'Donnell"", ""Sam Jaffe""]","[""William Wyler""]","[""governor"", ""middle east"", ""based on novel or book"", ""roman empire"", ""politics"", ""christianity"", ""jew persecution"", ""jewish life"", ""roman"", ""miracle"", ""jerusalem"", ""prince"", ""chariot race"", ""leprosy"", ""redemption"", ""religious conversion"", ""ancient rome"", ""love"", ""friends"", ""remake""]",1959-11-18,/m4WQ1dBIrEIHZNCoAjdpxwSKWyH.jpg,7.878,3086,13.5621,en,2026-04-02T18:19:24.918564
811677,重案·无罪,Zhong An Wu Zui,"This film tells the story of Zhang Chenfeng, the head of the Major Crimes Unit, who is framed as a murderer by Yu Jianming. After Zhang Chenfeng is arrested, with the help of criminal investigation expert Zhou Yang and other members of the Major Crimes Unit, the real serial killer is successfully brought to justice.","[""Action"", ""Mystery""]","[""Yu Rongguang"", ""Samuel Leung Cheuk-Moon"", ""Du Yuming"", ""Jackson Liu""]","[""Zhang Jiafei""]",[],2026-03-29,/lCf53achEv6J2HR2TYgsTjt1Ykk.jpg,0.0,0,20.3041,zh,2026-04-02T18:19:25.333828
670,Oldboy,올드보이,"With no clue how he came to be imprisoned, drugged and tortured for 15 years, a desperate man seeks revenge on his captors.","[""Drama"", ""Thriller"", ""Mystery"", ""Action""]","[""Choi Min-sik"", ""Yoo Ji-tae"", ""Kang Hye-jung"", ""Kim Byeong-ok"", ""Ji Dae-han"", ""Oh Dal-su"", ""Lee Seung-shin"", ""Yoon Jin-seo""]","[""Park Chan-wook""]","[""daughter"", ""rage and hate"", ""hostility"", ""transformation"", ""imprisonment"", ""dark comedy"", ""hypnosis"", ""sushi restaurant"", ""notebook"", ""time"", ""sin"", ""alcoholism"", ""flashback"", ""revenge"", ""loneliness"", ""torture"", ""based on manga"", ""urination"", ""rage"", ""anger""]",2003-11-21,/pWDtjs568ZfOTMbURQBYuT4Qxka.jpg,8.239,9690,15.3386,ko,2026-04-02T18:19:25.642916
672,Harry Potter and the Chamber of Secrets,Harry Potter and the Chamber of Secrets,"Cars fly, trees fight back, and a mysterious house-elf comes to warn Harry Potter at the start of his second year at Hogwarts. Adventure and danger await when bloody writing on a wall announces: The Chamber Of Secrets Has Been Opened. To save Hogwarts will require all of Harry, Ron and Hermione's magical abilities and courage.","[""Adventure"", ""Fantasy""]","[""Daniel Radcliffe"", ""Rupert Grint"", ""Emma Watson"", ""Kenneth Branagh"", ""Toby Jones"", ""Robbie Coltrane"", ""Richard Harris"", ""Alan Rickman""]","[""Chris Columbus""]","[""witch"", ""flying car"", ""elves"", ""magic"", ""sword"", ""diary"", ""child hero"", ""school of witchcraft"", ""giant spider"", ""black magic"", ""giant snake"", ""ghost"", ""child driving car"", ""wizard"", ""aftercreditsstinger"", ""christmas"", ""based on young adult novel"", ""excited"", ""hopeful"", ""teen fantasy""]",2002-11-13,/sdEOH0992YZ0QSxgXNIGLq1ToUi.jpg,7.703,23399,29.3976,en,2026-04-02T18:19:26.065448
1381027,Good Boy,Good Boy,"Tommy, a volatile 19-year-old, revels in drugs, parties and violence. After getting separated from his friends on a drunken bender, he is abducted by a shadowy figure. He wakes to find himself imprisoned in the basement of a remote Yorkshire house, inhabited by a very strange family. But what unfolds is not what he could possibly expect.","[""Thriller"", ""Drama"", ""Mystery""]","[""Stephen Graham"", ""Andrea Riseborough"", ""Anson Boon"", ""Kit Rakusen"", ""Monika Frajczyk"", ""Savannah Steyn"", ""Mila Jankowska"", ""Callum Booth-Ford""]","[""Jan Komasa""]","[""kidnapping"", ""paranoid"", ""family life"", ""toxic relationship"", ""toxic family"", ""dramatic"", ""complicated"", ""harsh"", ""sympathetic""]",2026-03-06,/x0wD4Qxe0wulV0bxarsQ05PqDNF.jpg,7.409,55,15.8601,en,2026-04-02T18:19:26.389618
371363,Brahmotsavam,బ్రహ్మోత్సవం,"When a charming NRI girl falls in love with a wealthy businessman, she unwittingly sparks conflict within his large joint family. How will her lover find a way to marry her, while still ensuring that his large family remains happy and harmonious?","[""Family"", ""Drama""]","[""Mahesh Babu"", ""Kajal Aggarwal"", ""Samantha Ruth Prabhu"", ""Revathi"", ""Pranitha Subhash"", ""Sathyaraj"", ""Rao Ramesh"", ""Jayasudha""]","[""Srikanth Addala""]","[""family relationships"", ""nri"", ""family values"", ""father son relationship"", ""traditional values"", ""melodrama"", ""family rivalry"", ""family melodrama"", ""emotional turmoil"", ""cultural heritage"", ""family struggles""]",2016-05-20,/kqfDxSE0shQyN9PYsSAlTiGnUVt.jpg,4.4,15,1.345,te,2026-04-02T18:19:26.662170
295587,Loukyam,లౌక్యం,"Venky, a man who values his friends, goes against a local crime lord, Babji, when he helps his best friend elope with the gangster's daughter. Consequently, Babji orders a manhunt for Venky.","[""Action"", ""Comedy"", ""Romance""]","[""Gopichand"", ""Rakul Preet Singh"", ""Sampath Raj"", ""Brahmanandam"", ""Prudhviraj"", ""Hamsa Nandini"", ""Chandramohan"", ""Pragathi Mahavadi""]","[""Sriwass""]",[],2014-09-26,/twyNCGQ85ey1pGQQhnrogBYj7yf.jpg,5.7,11,1.2927,te,2026-04-02T18:19:26.928925
1325734,The Drama,The Drama,A happily engaged couple is put to the test when an unexpected turn sends their wedding week off the rails.,"[""Romance"", ""Comedy""]","[""Zendaya"", ""Robert Pattinson"", ""Alana Haim"", ""Mamoudou Athie"", ""Zo\u00eb Winters"", ""Hailey Benton Gates"", ""Jordyn Curet"", ""Michael Abbott Jr.""]","[""Kristoffer Borgli""]","[""dark comedy"", ""engaged couple"", ""trust issues""]",2026-03-26,/ikcNOWB6Qo1ER1H1BJL6Vf0W22s.jpg,6.4,28,33.8797,en,2026-04-02T18:19:27.205515
617126,The Fantastic 4: First Steps,The Fantastic 4: First Steps,"Against the vibrant backdrop of a 1960s-inspired, retro-futuristic world, Marvel's First Family is forced to balance their roles as heroes with the strength of their family bond, while defending Earth from a ravenous space god called Galactus and his enigmatic Herald, Silver Surfer.","[""Science Fiction"", ""Adventure"", ""Action""]","[""Pedro Pascal"", ""Vanessa Kirby"", ""Ebon Moss-Bachrach"", ""Joseph Quinn"", ""Ralph Ineson"", ""Julia Garner"", ""Paul Walter Hauser"", ""Natasha Lyonne""]","[""Matt Shakman""]","[""strong woman"", ""saving the world"", ""superhero"", ""based on comic"", ""end of the world"", ""family"", ""super power"", ""superhero team"", ""alternative reality"", ""aftercreditsstinger"", ""duringcreditsstinger"", ""marvel cinematic universe (mcu)"", ""1960s"", ""retrofuturism"", ""awestruck"", ""commanding""]",2025-07-23,/nf5qaSEvyYSNeFH0YhSs5EsBLX9.jpg,6.962,3147,26.6338,en,2026-04-02T18:19:27.909273
680,Pulp Fiction,Pulp Fiction,"A burger-loving hit man, his philosophical partner, a drug-addled gangster's moll and a washed-up boxer converge in this sprawling, comedic crime caper. Their adventures unfurl in three stories that ingeniously trip back and forth in time.","[""Thriller"", ""Crime"", ""Comedy""]","[""John Travolta"", ""Samuel L. Jackson"", ""Uma Thurman"", ""Bruce Willis"", ""Ving Rhames"", ""Harvey Keitel"", ""Eric Stoltz"", ""Tim Roth""]","[""Quentin Tarantino""]","[""drug dealer"", ""drug crime"", ""stolen money"", ""crime boss"", ""redemption"", ""los angeles, california"", ""theft"", ""nonlinear timeline"", ""multiple storylines"", ""neo-noir"", ""dramatic"", ""amused""]",1994-09-10,/vQWk5YBFWF4bZaofAbv0tShwBvQ.jpg,8.486,29911,23.9967,en,2026-04-02T18:19:28.319737
1399462,Calle Malaga,Calle Málaga,"Maria Angeles, a 79-year-old Spanish woman, lives alone in Tangier, Morocco, and enjoys her daily routine. However, her life is turned upside down when her daughter arrives from Madrid to sell the apartment in which she has always lived. Determined to stay, she does everything she can to get her home and her belongings back and, unexpectedly, rediscovers love and sensuality.","[""Drama""]","[""Carmen Maura"", ""Marta Etura"", ""Ahmed Boulane"", ""Miguel Garc\u00e9s"", ""Mar\u00eda Alfonsa Rosso"", ""La Im\u00e8n"", ""Tarik Rmili"", ""Mohamed Naimane""]","[""Maryam Touzani""]","[""sexual desire"", ""mother daughter relationship"", ""loss of home"", ""old people"", ""parents home""]",2025-10-31,/fWagBXNDk44UaupYtwQOAvDwGiT.jpg,7.179,28,3.1167,es,2026-04-02T18:19:28.715561
182954,Naayak,నాయక్,A young man and his lookalike team up to fight injustice and settle their personal scores with the evildoers.,"[""Action"", ""Drama""]","[""Ram Charan"", ""Kajal Aggarwal"", ""Amala Paul"", ""Pradeep Ram Singh Rawat"", ""Brahmanandam"", ""Rahul Dev"", ""Jayaprakash Reddy"", ""Ashish Vidhyarthi""]","[""V. V. Vinayak""]","[""cult leader""]",2013-01-09,/cgOPjRUvCQmhtNQntgy11odEqrt.jpg,4.896,24,1.0614,te,2026-04-02T18:19:29.119154
522924,The Art of Racing in the Rain,The Art of Racing in the Rain,"A family dog – with a near-human soul and a philosopher's mind – evaluates his life through the lessons learned by his human owner, a race-car driver.","[""Drama"", ""Romance""]","[""Kevin Costner"", ""Milo Ventimiglia"", ""Amanda Seyfried"", ""Ryan Kiera Armstrong"", ""Lily Dodsworth-Evans"", ""Ian Lake"", ""Martin Donovan"", ""Kathy Baker""]","[""Simon Curtis""]","[""friendship"", ""washington dc, usa"", ""based on novel or book"", ""car race"", ""sports"", ""reincarnation"", ""race car driver"", ""dog"", ""animals"", ""pets"", ""father daughter relationship"", ""animal narrator""]",2019-08-08,/mi5VN4ww0JZgRFJIaPxxTGKjUg7.jpg,8.17,1658,4.0279,en,2026-04-02T18:19:29.564015
1174188,It’s Okay!,괜찮아 괜찮아 괜찮아!,"In-young, a high school student who is alone due to her parents' sudden death, is forced out because of her overdue rent and stays hidden in the Korean Dance Art Troupe where she belongs. In-young, who is still living bravely and brightly despite the sad situation, is caught by the director of the art troupe who is known for being rough, and the director who could not put In-young in the art troupe eventually begins to live with her.","[""Drama"", ""Comedy""]","[""Lee Re"", ""Jin Seo-yeon"", ""Chung Su-bin"", ""Lee Jung-ha"", ""Son Suk-ku"", ""Kim Hae-sook"", ""Shim Yi Young"", ""Jang Yi-jung""]","[""Kim Hye-young""]","[""dance performance"", ""self-discovery"", ""healing process"", ""dance company""]",2025-02-26,/dmgJPkwSQOzNWVaM2grAqQvP1AY.jpg,7.2,12,1.4721,ko,2026-04-02T18:19:30.032017
193197,Seethamma Vakitlo Sirimalle Chettu,సీతమ్మ వాకిట్లో సిరిమల్లె చెట్టు,"An exuberant and evocative family drama, that primarily revolves around the close bond between two brothers with radically different personalities, highlighting the complex process of choosing an ideal life partner for each of them.","[""Family"", ""Drama""]","[""Venkatesh"", ""Mahesh Babu"", ""Prakash Raj"", ""Jayasudha"", ""Anjali"", ""Samantha Ruth Prabhu"", ""Abhinaya"", ""Rao Ramesh""]","[""Srikanth Addala""]","[""sibling relationship"", ""brotherhood"", ""family relationships"", ""slice of life"", ""family drama"", ""class differences"", ""family values"", ""brother brother relationship"", ""melodrama"", ""feel good"", ""romantic"", ""family melodrama"", ""comforting"", ""emotional turmoil"", ""feel-good"", ""family struggles"", ""moments of life""]",2013-01-11,/sP0U5uHuLdc0m8pDqHhofyCqvL4.jpg,6.9,38,1.9216,te,2026-04-02T18:19:30.403067
694,The Shining,The Shining,"Jack Torrance accepts a caretaker job at the Overlook Hotel, where he, along with his wife Wendy and their son Danny, must live isolated from the rest of the world for the winter. But they aren't prepared for the madness that lurks within.","[""Horror"", ""Thriller""]","[""Jack Nicholson"", ""Shelley Duvall"", ""Danny Lloyd"", ""Scatman Crothers"", ""Barry Nelson"", ""Philip Stone"", ""Joe Turkel"", ""Anne Jackson""]","[""Stanley Kubrick""]","[""hotel"", ""new year's eve"", ""child abuse"", ""based on novel or book"", ""isolation"", ""telepathy"", ""delusion"", ""halloween"", ""snowstorm"", ""colorado"", ""seclusion"", ""surrealism"", ""writer's block"", ""alcoholism"", ""premonition"", ""psychic power"", ""caretaker"", ""loneliness"", ""vision"", ""domestic violence""]",1980-05-23,/uAR0AWqhQL1hQa69UDEbb2rE5Wx.jpg,8.2,18737,11.4632,en,2026-04-02T18:19:30.870731
1032892,In the Blink of an Eye,In the Blink of an Eye,"Three storylines, spanning thousands of years, intersect and reflect on hope, connection, and the circle of life.","[""Science Fiction"", ""Drama""]","[""Kate McKinnon"", ""Rashida Jones"", ""Daveed Diggs"", ""Jorge Vargas"", ""Tanaya Beatty"", ""Skywalker Hughes"", ""Rhona Rees"", ""Tatyana Rose Baptiste""]","[""Andrew Stanton""]","[""hope"", ""love"", ""multiple storylines"", ""connection"", ""history of mankind"", ""baffled""]",2026-01-26,/4vWqIdoBavo1htxmxlScDniOS9C.jpg,5.213,89,13.266,en,2026-04-02T18:19:31.388483
891584,The History of Sound,The History of Sound,"In 1917, two young music students attending the Boston Conservatory bond over a mutual love of folk music. They reconnect a few years later, embarking on a song-collecting trip in the backwaters of Maine.","[""Drama"", ""Romance"", ""Music""]","[""Paul Mescal"", ""Josh O'Connor"", ""Molly Price"", ""Alison Bartlett"", ""Michael Schantz"", ""Chris Cooper"", ""Raphael Sbarge"", ""Hadley Robinson""]","[""Oliver Hermanus""]","[""world war i"", ""boston, massachusetts"", ""conservatory"", ""folk music"", ""road trip"", ""maine"", ""male homosexuality"", ""period drama"", ""new england"", ""based on short story"", ""oxford, england"", ""lgbt"", ""1920s"", ""1980s"", ""1910s"", ""gay romance"", ""countryman"", ""gay theme"", ""festival ch\u00e9ries ch\u00e9ris""]",2025-09-12,/55of0Vy7m32hSRZKsCyyDjZn4AC.jpg,6.325,63,6.9631,en,2026-04-02T18:19:31.814385
1303236,GATAO: Like Father Like Son,角頭－大橋頭,"Michael and his right-hand man Scorpion, who find themselves embroiled in their father Ko's turf war against rival gangs in Taipei, setting off a conflict between old and new generations of gangsters. The film is the latest installment in the Gatao franchise, following the narrative of a young successor trying to expand his power while navigating the volatile underworld.","[""Crime"", ""Action""]","[""Sunny Wang"", ""Harry Chang"", ""Lung Tien-hsiang"", ""Rexen Cheng"", ""Tsai Chen-nan"", ""King Jieh-wen"", ""Jack Kao"", ""Tai Bo""]","[""Chiang Jui-chih"", ""Yao Hung-i""]",[],2024-08-16,/gaNsN1ojr3mhFBUexBpA4gJ7ejs.jpg,7.2,14,3.2194,zh,2026-04-02T18:19:32.275088
1049286,Twiggy,Twiggy,"Twiggy takes a comprehensive look at the life story of UK model and cultural icon Twiggy, real name Lesley Lawson, whose career kickstarted in the 1960s. It features interviews with Twiggy and her husband Leigh Lawson, as well as commentary from Erin O’Connor, Paul McCartney, Lulu, Poppy Delavigne, Brooke Shields, Pattie Boyd and Zandra Rhodes.","[""Documentary""]","[""Twiggy"", ""Leigh Lawson"", ""Carly Wiggins"", ""Michael Witney"", ""Justin de Villeneuve"", ""Joanna Lumley"", ""Tommy Tune"", ""Brooke Shields""]","[""Sadie Frost""]","[""london, england"", ""country music"", ""musician"", ""movie business"", ""1970s"", ""hollywood"", ""model"", ""fashion"", ""filmmaking"", ""acting"", ""1960s"", ""memoir"", ""it girl"", ""celebrity interview"", ""music industry"", ""documentary"", ""vintage fashion""]",2025-03-07,/7Wl4mtdA4BBxCaXfDHXkPHGvYWa.jpg,7.7,5,1.8975,en,2026-04-02T18:19:32.742227
1401542,Project Y,프로젝트 Y,"Mi-sun and Do-kyung might be used to struggling in the most dangerous part of Seoul's Gangnam district, but that doesn't mean they've settled into it. With no one but each other to rely on, the two friends grind away to save the money needed to leave their dangerous lifestyles behind. But just as ""retirement"" comes within reach, the world betrays them, shattering their hopes. On the edge of a dead end, they discover a hidden fortune of dirty cash and gold in Gangnam – and place all their bets on one final high-stakes gamble of a lifetime.","[""Crime"", ""Drama""]","[""Han So-hee"", ""Jeon Jong-seo"", ""Kim Shin-rock"", ""Jeong Young-ju"", ""Lee Jae-kyoon"", ""YooA"", ""Kim Sung-cheol"", ""Park Bo-in""]","[""Lee Hwan""]",[],2026-01-21,/1KMG1inDAnKaGZ1W8Ac3wn6bdXu.jpg,5.917,12,4.1724,ko,2026-04-02T18:19:33.311159
1327819,Hoppers,Hoppers,"Scientists have discovered how to 'hop' human consciousness into lifelike robotic animals, allowing people to communicate with animals as animals. Animal lover Mabel seizes an opportunity to use the technology, uncovering mysteries within the animal world beyond anything she could have imagined.","[""Animation"", ""Family"", ""Science Fiction"", ""Comedy"", ""Adventure""]","[""Piper Curda"", ""Bobby Moynihan"", ""Jon Hamm"", ""Kathy Najimy"", ""Dave Franco"", ""Eduardo Franco"", ""Aparna Nancherla"", ""Tom Law""]","[""Daniel Chong""]","[""human vs nature"", ""beaver"", ""transhumanism"", ""consciousness"", ""aftercreditsstinger"", ""duringcreditsstinger"", ""human becoming an animal"", ""robotic animal"", ""3d animation"", ""lighthearted"", ""whimsical"", ""oregon""]",2026-03-04,/xjtWQ2CL1mpmMNwuU5HeS4Iuwuu.jpg,7.575,361,205.113,en,2026-04-02T18:19:33.718037
1465038,The Last GunFight,The Last GunFight,"​In a ruthless underground tournament, the world's top assassins fight to the death. But hidden among them is a rogue crew with its own deadly agenda: infiltrate the competition, survive the bloodbath, and take down the mastermind pulling the strings.","[""Action""]","[""Jon Voight"", ""Adam Woodward"", ""Charlotte Vega"", ""Eloise Lovell Anderson"", ""Daniel Bernhardt"", ""Brock Pierce"", ""Shaina West"", ""Alix Villaret""]","[""James Bamford""]",[],2025-05-27,/7ElOux95K8mfK1kuxK6K4A8MulM.jpg,6.4,21,2.6706,en,2026-04-02T18:19:34.226192
414419,Kill Bill: The Whole Bloody Affair,Kill Bill: The Whole Bloody Affair,"Quentin Tarantino's complete cut combining Kill Bill: Vol. 1 and Vol. 2 follows The Bride, a former assassin who awakens from a four-year coma after being shot by her mentor and lover, Bill. She embarks on a vengeful quest to eliminate Bill and the Deadly Viper Assassination Squad who betrayed her.","[""Action"", ""Crime""]","[""Uma Thurman"", ""Lucy Liu"", ""Vivica A. Fox"", ""Michael Madsen"", ""Daryl Hannah"", ""David Carradine"", ""Sonny Chiba"", ""Julie Dreyfus""]","[""Quentin Tarantino""]","[""martial arts"", ""kung fu"", ""revenge"", ""aggressive"", ""absurd"", ""audacious""]",2011-03-27,/nSOJfWJCdVFZQwXQA7RXn7FIIiY.jpg,8.0,1189,8.9262,en,2026-04-02T18:19:34.585740
893653,Tiger Nageswara Rao,టైగర్ నాగేశ్వరరావు,"Based on the life of the notorious thief Nageswara Rao, who was the most wanted thief of south India& managed to evade the authorities on several occasions in the 1970s, earning him the moniker of 'Tiger.'","[""History"", ""Action""]","[""Ravi Teja"", ""Anupam Kher"", ""Gayatri Bhardwaj"", ""Nupur Sanon"", ""Renu Desai"", ""Hareesh Peradi"", ""Jisshu Sengupta"", ""Nassar""]","[""Vamsee Krishna""]","[""period film"", ""based on real person""]",2023-10-20,/3tiYpneYIvXfbaCE0brOoBjXP7v.jpg,5.6,15,1.1808,te,2026-04-02T18:19:34.997424
787163,Liger,లైగర్,"The journey of Liger, from Karimnagar to Mumbai, from a nobody to a competitor, in his search for recognition while navigating his weaknesses, relationships, and love life.","[""Action"", ""Romance""]","[""Vijay Deverakonda"", ""Ananya Panday"", ""Ramya Krishnan"", ""Ronit Roy"", ""Makrand Deshpande"", ""Ali Basha"", ""Getup Srinu"", ""Chunky Panday""]","[""Puri Jagannadh""]",[],2022-08-25,/bBZJAdfmcwhyvkwK1XajnHECdoY.jpg,4.2,36,2.2367,te,2026-04-02T18:19:35.305285
1264349,Bushido,碁盤斬り,"Kakunoshin, renowned for his skills with a sword and in the game of go, embodies the samurai code. Falsely accused of a theft, he is forced to become a lowly ronin. Years later, when a case of missing gold pulls him into a new web of intrigue, Kakunoshin uncovers the truth behind his downfall. With the real culprit exposed, the go board flips, and a hellstorm of righteous vengeance follows.","[""Drama"", ""History""]","[""Tsuyoshi Kusanagi"", ""Kaya Kiyohara"", ""Jun Kunimura"", ""Taishi Nakagawa"", ""Eita Okuno"", ""Takuma Otoo"", ""Masachika Ichimura"", ""Takumi Saitoh""]","[""Kazuya Shiraishi""]","[""japan"", ""go"", ""jidaigeki"", ""edo period""]",2024-05-17,/6RabgolHlvyUTQH5nuUBGJR0Yk.jpg,7.4,48,2.1644,ja,2026-04-02T18:19:35.709240
1542877,Assassination Classroom the Movie: Everyone's Time,劇場版「暗殺教室」みんなの時間,"United by a common mission to eliminate their teacher, Koro-sensei, an alien creature with phenomenal strength, join Nagisa and his Class 3-E classmates in brand-new adventures.","[""Animation"", ""Comedy"", ""Action"", ""Science Fiction""]","[""Jun Fukuyama"", ""Tomokazu Sugita"", ""Shizuka Itoh"", ""Mai Fuchigami"", ""Nobuhiko Okamoto"", ""Aya Suzaki"", ""Ayaka Suwa"", ""Chie Matsuura""]","[""Masaki Kitamura""]","[""high school"", ""assassination"", ""education"", ""based on manga"", ""shounen"", ""anime""]",2026-03-20,/lrkRHu4MYQ6BlCJe6iTcZGoLqP.jpg,6.667,3,1.7037,ja,2026-04-02T18:19:36.114835
1280738,The Furious,The Furious,"After the daughter of Wang Wei is kidnapped by a criminal network and he receives no help from the corrupt police, Wei sets out on a rampage to find her himself. His only ally is Navin – a relentless journalist whose wife has mysteriously disappeared. Fueled by a furious vengeance, the unlikely duo ruthlessly fights against the kidnappers in this explosive martial arts showdown.","[""Action"", ""Crime"", ""Thriller""]","[""Xie Miao"", ""Joe Taslim"", ""Yang Enyou"", ""Yayan Ruhian"", ""JeeJa Yanin"", ""Brian Le"", ""Joey Iwanaga"", ""Sahajak Boonthanakit""]","[""Kenji Tanigaki""]","[""martial arts"", ""kung fu"", ""child kidnapping"", ""tradesman""]",2026-05-29,/zP19YO60jwEsfKd5Qf1UvA5uJu8.jpg,0.0,0,12.4702,en,2026-04-02T18:19:36.521829
1186532,The Forge,The Forge,"19 year old Isaiah Wright lives for basketball and video games. A year out of high school, he has no job, no plans, and no idea how to be a man. At odds with his single mother Cynthia, Isaiah is given an ultimatum – to step up or move out. Feeling the pull from his friends and the push from his mom, Isaiah is hired by Moore Fitness, unaware of how the owner will personally impact his life. With the prayers of his mother and unexpected guidance from his new mentor, Isaiah is forced to deal with his past, sacrifice his selfishness and discover how God might have a greater purpose for his life.","[""Drama"", ""Family""]","[""Aspen Kennedy Wilson"", ""Priscilla C. Shirer"", ""Cameron Arnett"", ""Karen Abercrombie"", ""T.C. Stallings"", ""B.J. Arnett"", ""Ken Bevel"", ""Benjamin Charles Watson""]","[""Alex Kendrick""]","[""faith"", ""self-discovery"", ""single mother"", ""spin off"", ""belief in god"", ""troubled past"", ""christian film"", ""christian faith"", ""independent film"", ""biblical"", ""biblical scholar""]",2024-08-22,/oranxontIQRmhuyQlkoAwxpeBYz.jpg,8.232,325,3.5428,en,2026-04-02T18:19:36.999972
1465063,Forgotten Island,Forgotten Island,Jo and Raissa find themselves stranded on the fantastic world of the forgotten island of Nakali. They find that their only way home might come at the expense of a lifetime of memories and emotions.,"[""Comedy"", ""Adventure"", ""Animation"", ""Fantasy"", ""Family""]","[""H.E.R."", ""Liza Soberano"", ""Dave Franco"", ""Jenny Slate"", ""Manny Jacinto"", ""Dolly de Leon"", ""Jo Koy"", ""Ronny Chieng""]","[""Januel Mercado"", ""Joel Crawford""]","[""island"", ""filipino"", ""filipino mythology"", ""filipino culture"", ""the philippines""]",2026-09-23,/44RMjgvpZmHU3aGmX3IQAaHtEw9.jpg,0.0,0,8.5878,en,2026-04-02T18:19:37.607265
1307373,Wasteman,Wasteman,"Taylor's hopes for a fresh start post-parole are jeopardised by cellmate Dee's arrival. As Dee takes Taylor under his wing, a vicious attack tests their bond, forcing Taylor to choose between protecting Dee and his own chances at freedom.","[""Thriller"", ""Crime"", ""Drama""]","[""David Jonsson"", ""Tom Blyth"", ""Alex Hassell"", ""Neil Linpow"", ""Paul Hilton"", ""Corin Silva"", ""Layton Blake"", ""Jack Barker""]","[""Cal McMau""]","[""prison"", ""male friendship"", ""parole"", ""parolee"", ""prison drama""]",2026-02-20,/zWnh25eaz68JEfHim07dmgb2IJL.jpg,7.8,4,2.2019,en,2026-04-02T18:19:37.995033
94965,Okkadu,ఒక్కడు,"Ajay, a fiery Kabaddi player from Hyderabad, visits Kurnool for a tournament and rescues Swapna from a faction leader Obul Reddy, who wants to force her into marriage. He secretly hides her in his home and assists her in planning her escape abroad for her higher studies. But, fate has other plans.","[""Action"", ""Drama"", ""Romance""]","[""Mahesh Babu"", ""Bhumika Chawla"", ""Prakash Raj"", ""Mukesh Rishi"", ""Geetha"", ""Chandramohan"", ""Ajay"", ""Dharmavarupu Subramanyam""]","[""Gunasekhar""]","[""rescue"", ""police"", ""sports"", ""kidnapping"", ""rivalry"", ""tension"", ""tournament"", ""falling in love"", ""tough guy"", ""faction"", ""escape plan"", ""manhunt"", ""kabaddi"", ""father son relationship"", ""brother sister relationship"", ""factionism"", ""sport"", ""action drama""]",2003-01-15,/anRD9xypdejFlbp0f3eQrSDUtbi.jpg,7.643,42,4.3622,te,2026-04-02T18:19:38.262968
1526519,Reversion,Reversion,"Mario sees his brother David's kidnapping. When David returns 19 days later with no memory, Mario suspects the returnee isn't really his brother. His investigation challenges his grip on reality.","[""Mystery"", ""Thriller""]","[""Jaime Lorente"", ""Manuel Vega"", ""Bel\u00e9n Rueda"", ""Fernando Cayo"", ""Manny Perez"", ""Roger Wasserman"", ""V\u00edc G\u00f3mez"", ""Gerardo Mercedes""]","[""Jacob Santana""]","[""memory loss"", ""mysterious"", ""dissociative identity disorder"", ""confused identities"", ""amused""]",2025-11-07,/ebjesXVbxvqWzYw9PqOXsTsgNfx.jpg,6.1,12,2.2241,es,2026-04-02T18:19:38.835455
1471224,Murder in the Building,Le Crime du 3e étage,"Misanthropic novelist François writes gripping crime stories – “Agatha Christie meets The Scarlet Pimpernel” – but outside of the swashbuckling imaginary world of his Marquis la Rose-novels, life is far from thrilling. His partner Colette, a professor at the Sorbonne and world-renowned expert on Alfred Hitchcock, is tired of watching François sit around their apartment in his pyjamas and yearns for the excitement of the classic films she watches with her students. When Colette begins to suspect their flamboyant actor neighbour of murdering his wife, the couple’s mundane lives are turned upside down – and their stale relationship is jolted back to life.","[""Comedy"", ""Drama"", ""Crime""]","[""Gilles Lellouche"", ""Laetitia Casta"", ""Guillaume Gallienne"", ""Isabel Aim\u00e9 Gonz\u00e1lez Sola"", ""Jenna Knafo"", ""Katayoon Latif"", ""Matthias Jacquin"", ""B\u00e9n\u00e9dicte Choisnet""]","[""R\u00e9mi Bezan\u00e7on""]",[],2026-03-11,/5FHAlQPHFyJEIN1UOxsADog1KUy.jpg,6.435,23,2.383,fr,2026-04-02T18:19:39.346021
62201,Shahenshah,शहँशाह,"Inspector Srivastav is framed by a wily and cunning gangster, J.K., and unable to prove his innocence, hangs himself, leaving behind his wife, and son, Vijay. Years later, Vijay has grown up and has joined the police force as an Inspector. Unlike his dad, he is corrupt and does accept bribes to turn a nelson's eye to crime. The City Police are assigned the task of apprehending a customed man called ""Shahenshah"", who operates at night and targets, tries and kills gangsters in a ""Judge and Executioner ""style. No one knows the real identity of Shahenshah, as he is feared by the police department, and respected by the poor and middle-class.","[""Action""]","[""Amitabh Bachchan"", ""Meenakshi Sheshadri"", ""Aruna Irani"", ""Rohini Hattangadi"", ""Supriya Pathak"", ""Jagdeep"", ""Vijayendra Ghatge"", ""Avtar Gill""]","[""Tinnu Anand""]",[],1988-01-29,/2ZUpj73MzEh2YwVzJNVUqBSu2LZ.jpg,6.288,26,21.6755,hi,2026-04-02T18:19:39.736280
572154,Rascal Does Not Dream of a Dreaming Girl,青春ブタ野郎はゆめみる少女の夢を見ない,"In Fujisawa, Sakuta Azusagawa is in his second year of high school. Blissful days with his girlfriend and upperclassman, Mai Sakurajima, are interrupted by the appearance of his first crush, Shoko Makinohara.","[""Animation"", ""Romance"", ""Drama"", ""Fantasy""]","[""Kaito Ishikawa"", ""Asami Seto"", ""Inori Minase"", ""Nao Toyama"", ""Atsumi Tanezaki"", ""Maaya Uchida"", ""Yurika Kubo"", ""Yuma Uchida""]","[""Soichi Masui""]","[""afterlife"", ""supernatural"", ""sequel"", ""tragedy"", ""school"", ""school life"", ""seinen"", ""anime"", ""time-manipulation"", ""japanese high school"", ""based on light novel""]",2019-06-15,/AtFnN4OztDJy8IFwYd5JfU0jlEM.jpg,8.256,582,5.2438,ja,2026-04-02T18:19:40.376331
1254135,"13 Days, 13 Nights","13 jours, 13 nuits","Kabul, August 15, 2021. US troops are preparing to withdraw from Afghanistan, while the Taliban are marching on the capital to seize power. Amid the chaos, Commander Mohamed Bida and his men are in charge of security at the French embassy, the last Western mission to remain open. Trapped along with 500 people, left to their own devices, the team must reach the airport at all costs. A perilous mission with no guarantee of success to flee the hell of Kabul and rescue what remains of humanity.","[""War"", ""Action"", ""Thriller""]","[""Roschdy Zem"", ""Lyna Khoudri"", ""Sidse Babett Knudsen"", ""Christophe Montenez"", ""Sina Parvaneh"", ""Yan Tual"", ""Fatima Adoum"", ""Shoaib Sa\u00efd""]","[""Martin Bourboulon""]","[""evacuation"", ""embassy"", ""us army"", ""based on true story"", ""afghanistan war (2001-2021)"", ""kabul"", ""french embassy""]",2025-06-27,/orcdyqJZhbr731iN7yq7TK5zluc.jpg,6.643,199,4.6309,fr,2026-04-02T18:19:41.058073
228092,Yogi,యోగి,"Eeshwar Chandra Prasad (Prabhas) is the son of Ram Murthy (Chalapathi Rao) and Shantamma (Sharada Urvashi). Ram Murthy wants his son to do some job. However, Shantamma pampers Eeshwar very much and hence he doesn't want to leave the village. Ram Murthy dies and in order to fulfil his last wish, Eeshwar goes to the city to earn money on the advice of his friend Basha (Ali), who was a pickpocket. Eeshwar could not meet Basha. On the other hand Kotaiah (Kota Srinivasa Rao) runs big land mafia in Hyderabad city and a bitter rival of Narsing Pahilwan (Pradeep Rawat). Saidulu (Subbaraju) is Narsing's brother. Once Saidulu hacks Kotaiah and his assistant, when Eeshwar accidentally saves him. Eeshwar gets a job in a tea stall run by Chandranna (Chandra Mohan). He earns good money and purchases two gold bangles for his mother and plans to leave the city.",[],"[""Prabhas"", ""Nayanthara"", ""Kota Srinivasa Rao"", ""Ali Basha"", ""Pradeep Ram Singh Rawat"", ""Chalapathi Rao"", ""Venu Madhav"", ""Subbaraju""]","[""V. V. Vinayak""]",[],2007-01-14,/dWtPLjOST3hkG8rJKBrTETlkl0v.jpg,3.8,14,1.0973,te,2026-04-02T18:19:42.196736
1043197,Dust Bunny,Dust Bunny,"Ten-year-old Aurora asks her hitman neighbor to kill the monster under her bed that she claims ate her family. To protect her, he must battle an onslaught of assassins while accepting that some monsters are real.","[""Fantasy"", ""Action"", ""Thriller""]","[""Mads Mikkelsen"", ""Sophie Sloan"", ""Sigourney Weaver"", ""David Dastmalchian"", ""Sheila Atim"", ""Caspar Phillipson"", ""Line Kruse"", ""Rebecca Henderson""]","[""Bryan Fuller""]","[""murder mystery"", ""monster under the bed""]",2025-12-11,/qa5aZpO8tQqhlDaE0flalS1TuIS.jpg,6.59,213,11.6897,en,2026-04-02T18:19:42.520911
1368830,Chers parents,Chers parents,"A trio of siblings faces turmoil when their parents reveal they've won the lottery but refuse to share a cent, unraveling buried secrets, unspoken tensions, and deep-seated jealousy that shake the family to its core.","[""Comedy""]","[""Andr\u00e9 Dussollier"", ""Miou-Miou"", ""Arnaud Ducret"", ""Thomas Soliv\u00e9r\u00e8s"", ""Pauline Cl\u00e9ment"", ""Fr\u00e9d\u00e9rique Tirmont"", ""Bernard Alane""]","[""Emmanuel Patron""]",[],2026-02-25,/dOTZP3gnMjJHva914Xrzljhyl7c.jpg,6.635,26,2.0129,fr,2026-04-02T18:19:42.924855
279295,Chantabbai,చంటబ్బాయి,"Panduranga Rao is a detective, who is popularly known as James Pond. His life takes an interesting turn when he is tasked to find a lady's long-lost brother.","[""Comedy"", ""Mystery""]","[""Chiranjeevi"", ""Suhasini Maniratnam"", ""Chandramohan"", ""Kongara Jaggayya"", ""Aruna Mucherla"", ""Allu Aravind"", ""Allu Ramalingaiah"", ""Sudhakar""]","[""Jandhyala Subramanya Sastry""]",[],1986-08-22,/cPubeqyUADRiSun2Or7jRzGt8e5.jpg,7.5,6,1.1849,te,2026-04-02T18:19:43.420947
769,GoodFellas,GoodFellas,"The true story of Henry Hill, a half-Irish, half-Sicilian Brooklyn kid who is adopted by neighbourhood gangsters at an early age and climbs the ranks of a Mafia family under the guidance of Jimmy Conway.","[""Drama"", ""Crime""]","[""Robert De Niro"", ""Ray Liotta"", ""Joe Pesci"", ""Lorraine Bracco"", ""Paul Sorvino"", ""Frank Sivero"", ""Tony Darrow"", ""Mike Starr""]","[""Martin Scorsese""]","[""prison"", ""florida"", ""new york city"", ""based on novel or book"", ""gangster"", ""mass murder"", ""drug trafficking"", ""1970s"", ""irish-american"", ""gore"", ""biography"", ""based on true story"", ""murder"", ""organized crime"", ""mafia"", ""brooklyn, new york city"", ""crime epic"", ""tampa, florida""]",1990-09-12,/9OkCLM73MIU2CrKZbqiT8Ln1wY2.jpg,8.452,14162,24.7958,en,2026-04-02T18:19:43.839353
8966,Twilight,Twilight,"When Bella Swan moves to a small town in the Pacific Northwest, she falls in love with Edward Cullen, a mysterious classmate who reveals himself to be a 108-year-old vampire. Despite Edward's repeated cautions, Bella can't stay away from him, a fatal move that endangers her own life.","[""Fantasy"", ""Drama"", ""Romance""]","[""Kristen Stewart"", ""Robert Pattinson"", ""Billy Burke"", ""Peter Facinelli"", ""Ashley Greene"", ""Jackson Rathbone"", ""Nikki Reed"", ""Kellan Lutz""]","[""Catherine Hardwicke""]","[""high school"", ""soulmates"", ""based on novel or book"", ""immortality"", ""vampire"", ""forbidden love"", ""teen movie"", ""trust"", ""desire"", ""washington state"", ""duringcreditsstinger"", ""woman director"", ""interspecies romance"", ""based on young adult novel"", ""supernatural power"", ""good versus evil"", ""high school romance"", ""vampire human love"", ""enthusiastic"", ""teen fantasy""]",2008-11-20,/3Gkb6jm6962ADUPaCBqzz9CTbn9.jpg,6.28,14297,14.2983,en,2026-04-02T18:19:44.357389
690957,Pushpa: The Rise,పుష్పా - The Rise,"As Pushpa, a labourer, rises in the world of red sandalwood smuggling, he ends up making many enemies. However, violence ensues when the police try to topple his illegal business.","[""Action"", ""Drama"", ""Thriller""]","[""Allu Arjun"", ""Rashmika Mandanna"", ""Jagadeesh Bandari"", ""Sunil Varma"", ""Anasuya Bharadwaj"", ""Dhananjay"", ""Ajay Ghosh"", ""Fahadh Faasil""]","[""Sukumar""]","[""rags to riches"", ""smugglers"", ""sandalwood"", ""egotistical"", ""authoritarian""]",2021-12-16,/80anhviEFSyLLY71JNttKkGxkpz.jpg,6.781,178,2.7157,te,2026-04-02T18:19:44.867090
500494,Naa Peru Surya - Naa Illu India,నా పేరు సూర్య,"Despite having serious anger management issues, Surya, an Indian Army officer is a brilliant officer but when anger takes control of him he is impossible to subdue. In spite of this issue, he achieves his goal of serving the country by overcoming the hurdles.","[""Action"", ""Drama""]","[""Allu Arjun"", ""Arjun Sarja"", ""Anu Emmanuel"", ""Nadhiya"", ""R. Sarathkumar"", ""Thakur Anoop Singh"", ""Boman Irani"", ""Rao Ramesh""]","[""Vakkantham Vamsi""]","[""anger management"", ""army officer""]",2018-04-27,/7S79xsotQ13GhETeaP6WH8tTgRI.jpg,5.829,41,1.0448,te,2026-04-02T18:19:45.272859
840464,Greenland 2: Migration,Greenland 2: Migration,"Having found the safety of the Greenland bunker after the comet Clarke decimated the Earth, the Garrity family must now risk everything to embark on a perilous journey across the wasteland of Europe to find a new home.","[""Adventure"", ""Thriller"", ""Science Fiction""]","[""Gerard Butler"", ""Morena Baccarin"", ""Roman Griffin Davis"", ""Tommie Earl Jenkins"", ""Trond Fausa Aurv\u00e5g"", ""Amber Rose Revah"", ""Gina Gangar"", ""Antonio De Lima""]","[""Ric Roman Waugh""]","[""natural disaster"", ""shelter"", ""survival"", ""disaster"", ""audacious""]",2026-01-07,/z2tqCJLsw6uEJ8nJV8BsQXGa3dr.jpg,6.499,781,156.8776,en,2026-04-02T18:19:45.597337
1422096,Good Boy,Good Boy,"A loyal dog moves to a rural family home with his owner Todd, only to discover supernatural forces lurking in the shadows. As dark entities threaten his human companion, the brave pup must fight to protect the one he loves most.","[""Horror""]","[""Indy"", ""Shane Jensen"", ""Arielle Friedman"", ""Larry Fessenden"", ""Stuart Rudin"", ""Anya Krawcheck"", ""Hunter Goetz"", ""Bandit""]","[""Ben Leonberg""]","[""supernatural"", ""human animal relationship"", ""haunted house"", ""terminal illness"", ""woods"", ""evil spirit"", ""curse"", ""dog"", ""death"", ""ghost"", ""family curse"", ""pov (point of view)"", ""supernatural horror"", ""independent film""]",2025-10-01,/daInKxjoRNLFWIus64fHAy91V0k.jpg,6.7,567,10.8419,en,2026-04-02T18:19:46.105928
439057,Nenu Local,నేను లోకల్,"This story is about a happy-go-lucky young man, Babu, who falls in love with a girl. However, he runs into a problem while convincing her father to permit them to be together.","[""Action"", ""Comedy""]","[""Nani"", ""Keerthy Suresh"", ""Naveen Chandra"", ""Sachin Khedekar"", ""Tulasi"", ""Rudranil Ghosh"", ""Rao Ramesh"", ""Posani Krishna Murali""]","[""Trinadha Rao Nakkina""]","[""teenage love"", ""wooing""]",2017-02-03,/2CjWcUIvoYFvvlm8773CYSnEYvA.jpg,5.8,23,1.2293,te,2026-04-02T18:19:46.428876
500500,Inttelligent,ఇంటిలిజెంట్,"The film chronicles the life of Teja, a software engineer, who makes it his life's mission to make those around him happy until an incident changes his life forever. Suddenly, he transforms from a happy-go-lucky engineer to a revenge-seeking. lethal man.","[""Action"", ""Comedy"", ""Drama""]","[""Sai Durgha Tej"", ""Lavanya Tripathi"", ""Nassar"", ""Brahmanandam"", ""Posani Krishna Murali"", ""Saptagiri"", ""Ashish Vidhyarthi"", ""Sayaji Shinde""]","[""V. V. Vinayak""]",[],2018-02-09,/w4G17nip6seopEThWQUhg64WYHI.jpg,6.6,5,1.087,te,2026-04-02T18:19:47.046762
1084187,Pretty Lethal,Pretty Lethal,A troupe of ballerinas find themselves fighting for survival as they attempt to escape from a remote inn after their bus breaks down on the way to a dance competition.,"[""Action"", ""Thriller"", ""Music""]","[""Maddie Ziegler"", ""Lana Condor"", ""Iris Apatow"", ""Millicent Simmonds"", ""Avantika"", ""Michael Culkin"", ""Lydia Leonard"", ""Uma Thurman""]","[""Vicky Jewson""]","[""hungary"", ""dance competition"", ""ballerina"", ""prima ballerina"", ""remote inn"", ""admiring"", ""fight for survival"", ""dance troupe""]",2026-03-13,/znTPnXCK3lEQJgqXCvP7e5FUz6f.jpg,6.788,165,250.3557,en,2026-04-02T18:19:47.544965
797,Persona,Persona,"A young nurse, Alma, is put in charge of Elisabeth Vogler: an actress who is seemingly healthy in all respects, but will not talk. As they spend time together, Alma speaks to Elisabeth constantly, never receiving any answer.","[""Drama""]","[""Bibi Andersson"", ""Liv Ullmann"", ""Margaretha Krook"", ""Gunnar Bj\u00f6rnstrand"", ""J\u00f6rgen Lindstr\u00f6m""]","[""Ingmar Bergman""]","[""dreams"", ""nurse"", ""confession"", ""identity crisis"", ""mental breakdown"", ""betrayal"", ""mute"", ""black and white"", ""patient"", ""psychiatry"", ""submerged"", ""mysterious"", ""institution"", ""dual personality"", ""stage actress"", ""duality"", ""dissociative identities"", ""empathetic""]",1966-10-18,/yPTntWP9Wvew8vHN0jB7Z1EvEUN.jpg,8.138,2381,3.3158,sv,2026-04-02T18:19:48.046524
1643294,Refuge,Refuge,"Four estranged friends reunite on a fishing trip, but a missing child and a desperate father's accusation turn reunion into a deadly reckoning","[""Thriller""]","[""Christopher Dietrick"", ""Adam Dorsey"", ""Donald Paul"", ""Adam Sinclair""]","[""Anton Sigur\u00f0sson""]",[],2026-03-27,/kCZa7fDEqvWbaCzji0PcoD52JdU.jpg,0.0,0,4.4055,en,2026-04-02T18:19:48.664514
1276704,53 Sundays,53 domingos,"When three siblings agree to meet and discuss their aging father's future, their reunion spirals into bickering, bantering and reliving old grudges.","[""Comedy"", ""Drama""]","[""Javier C\u00e1mara"", ""Carmen Machi"", ""Javier Guti\u00e9rrez"", ""Alexandra Jim\u00e9nez"", ""Ricardo Lac\u00e1mara"", ""Rosa Vivas"", ""Carla Soto"", ""Leyre Soto""]","[""Cesc Gay""]","[""based on play or musical""]",2026-03-26,/olk6MkfHFWEpWmhQn6Mb4jNqspm.jpg,6.04,24,46.0237,es,2026-04-02T18:19:48.990047
1235746,Dead of Winter,Dead of Winter,"A widowed fisherwoman, travelling alone through snowbound northern Minnesota, interrupts the kidnapping of a teenage girl. Hours from the nearest town and with no phone service, she realizes that she is the young girl's only hope.","[""Thriller"", ""Action""]","[""Emma Thompson"", ""Judy Greer"", ""Marc Menchaca"", ""Laurel Marsden"", ""Gaia Wise"", ""C\u00fa\u00e1n Hosty-Blaney"", ""Dalton Leeb"", ""Lloyd Hutchinson""]","[""Brian Kirk""]","[""kidnapping"", ""minnesota"", ""fisherman"", ""snow"", ""cabin"", ""kurdistan"", ""hard"", ""frozen lake"", ""fisherwoman"", ""bitter"", ""admiring"", ""antagonistic"", ""snow storm""]",2025-09-23,/5DcrN62sGAiRJxt8rXSRlSRLwIE.jpg,6.383,264,10.0646,en,2026-04-02T18:19:49.298280
807,Se7en,Se7en,"Two homicide detectives are on a desperate hunt for a serial killer whose crimes are based on the ""seven deadly sins"" in this dark and haunting film that takes viewers from the tortured remains of one victim to the next. The seasoned Det. Somerset researches each sin in an effort to get inside the killer's mind, while his novice partner, Mills, scoffs at his efforts to unravel the case.","[""Crime"", ""Mystery"", ""Thriller""]","[""Morgan Freeman"", ""Brad Pitt"", ""Gwyneth Paltrow"", ""John Cassini"", ""Peter Crombie"", ""Reg E. Cathey"", ""R. Lee Ermey"", ""Daniel Zacapa""]","[""David Fincher""]","[""rage and hate"", ""police"", ""s.w.a.t."", ""sadism"", ""self-fulfilling prophecy"", ""psychopath"", ""detective"", ""investigation"", ""insomnia"", ""murder"", ""serial killer"", ""religion"", ""shootout"", ""corpse"", ""seven deadly sins"", ""depravity"", ""neo-noir"", ""grim"", ""urban gothic"", ""anxious""]",1995-09-22,/191nKfP0ehp3uIvWqgPbFmI4lv9.jpg,8.38,22829,19.195,en,2026-04-02T18:19:49.602749
808,Shrek,Shrek,"It ain't easy bein' green -- especially if you're a likable (albeit smelly) ogre named Shrek. On a mission to retrieve a gorgeous princess from the clutches of a fire-breathing dragon, Shrek teams up with an unlikely compatriot -- a wisecracking donkey.","[""Animation"", ""Comedy"", ""Fantasy"", ""Adventure"", ""Family""]","[""Mike Myers"", ""Eddie Murphy"", ""Cameron Diaz"", ""John Lithgow"", ""Vincent Cassel"", ""Peter Dennis"", ""Clive Pearse"", ""Jim Cummings""]","[""Andrew Adamson"", ""Vicky Jenson""]","[""princess"", ""based on novel or book"", ""magic"", ""fairy tale"", ""donkey"", ""liberation"", ""lordship"", ""prince"", ""castle"", ""villain"", ""robin hood"", ""enchantment"", ""swamp"", ""parody"", ""anthropomorphism"", ""dragon"", ""woman director"", ""ogre"", ""cartoon donkey""]",2001-05-18,/iB64vpL3dIObOtMZgX3RqdVdQDc.jpg,7.758,18543,20.7372,en,2026-04-02T18:19:50.102540
1317672,Love Me Love Me,Love Me Love Me,"After her brother's death, June moves to Milan for a fresh start, finding comfort in Will, the perfect honor student at her new international school. But when his troubled best friend James—hiding a dangerous life in clandestine MMA fights—sparks a rivalry that quickly turns into irresistible attraction, June must choose between safety and a love that upends everything she thought she wanted.","[""Romance"", ""Drama""]","[""Pepe Barroso"", ""Mia Jenkins"", ""Luca Melucci"", ""Andrea Guo"", ""Michelangelo Vizzini"", ""Madior Fall"", ""Vanessa Donghi"", ""Elizabeth Kinnear""]","[""Roger Kumble""]","[""based on novel or book"", ""desperate"", ""embarrassed""]",2026-02-12,/jfwHKRHRE2X4NTexdzblaioHH51.jpg,5.631,198,23.3659,en,2026-04-02T18:19:50.486833
441130,Wolfwalkers,Wolfwalkers,"In a time of superstition and magic, when wolves are seen as demonic and nature an evil to be tamed, a young apprentice hunter comes to Ireland with her father to wipe out the last pack. But when she saves a wild native girl, their friendship leads her to discover the world of the Wolfwalkers and transform her into the very thing her father is tasked to destroy.","[""Animation"", ""Family"", ""Adventure"", ""Fantasy""]","[""Honor Kneafsey"", ""Eva Whittaker"", ""Sean Bean"", ""Simon McBurney"", ""Tommy Tiernan"", ""Maria Doyle Kennedy"", ""Jon Kenny"", ""John Morton""]","[""Tomm Moore"", ""Ross Stewart""]","[""friendship"", ""wolf"", ""magic"", ""fairy tale"", ""shapeshifting"", ""wolf's lair"", ""feral child"", ""forest"", ""woods"", ""female protagonist"", ""ireland"", ""family"", ""folklore"", ""werewolf child"", ""curious"", ""calm"", ""healer"", ""reflective"", ""wolves"", ""irish folklore""]",2020-10-26,/vqGiNbdc2sDwsnivMMYzwAoSSu6.jpg,8.2,1354,3.3047,en,2026-04-02T18:19:50.944930
1172265,The Blue Trail,O Último Azul,"In the name of economic recovery, the Brazilian Government created a perennial system of compulsory vertical isolation for seniors over 80 to be confined in a colony. Teca is 77 and lives in the village of Muriti, in the Amazon, when she is surprised by the announcement of the age reduction, including her age group. Cornered, Teca makes an intriguing journey hidden from the officers amidst rivers, boats and the underworld to clandestinely try to fulfill her last dream, to take a plane ride.","[""Drama"", ""Adventure"", ""Science Fiction""]","[""Denise Weinberg"", ""Rodrigo Santoro"", ""Miriam Socarr\u00e1s"", ""Adanilo"", ""Rosa Malagueta"", ""Clarissa Pinheiro"", ""Dimas Mendon\u00e7a"", ""Daniel Ferrat""]","[""Gabriel Mascaro""]","[""dystopia"", ""journey"", ""curious"", ""amazon river"", ""elderly woman"", ""odyssey"", ""transformative journey"", ""relentless pursuit of one's dreams"", ""vibrant"", ""female journey"", ""elder rights"", ""boat travel"", ""journey of life"", ""journey and escape"", ""dystopian sci-fi"", ""festival ch\u00e9ries ch\u00e9ris"", ""dreamlike journey""]",2025-08-28,/ua8XnJ450rhBTxkY2wpD2ITw7BJ.jpg,7.0,86,1.7386,pt,2026-04-02T18:19:51.334507
148265,Eega,ఈగ,"Nani is a flower decorator, madly in love with his neighbor Bindhu. He gets killed by the baddie, Sudeep, a powerful businessman. Nani comes back as a housefly to get his revenge.","[""Fantasy"", ""Action""]","[""Sudeepa"", ""Samantha Ruth Prabhu"", ""Nani"", ""Adithya Menon"", ""Thagubothu Ramesh"", ""Devadarshini"", ""Chatrapathi Sekhar"", ""Srinivasa Reddy""]","[""S. S. Rajamouli""]","[""afterlife"", ""reincarnation"", ""revenge"", ""murder"", ""torture"", ""bilingual""]",2012-07-05,/pX7fn4EZrg2YFlV4GNMIfHDOQZ6.jpg,7.083,242,2.1326,te,2026-04-02T18:19:51.604239
541487,Maharshi,మహర్షి,"Rishi Kumar is a billionaire and the CEO of Origins, someone who has always strived for the success he now owns. His friend Ravi needs help, how will he come through?","[""Drama"", ""Action""]","[""Mahesh Babu"", ""Pooja Hegde"", ""Allari Naresh"", ""Jagapati Babu"", ""Prakash Raj"", ""Jayasudha"", ""Meenakshi Dixit"", ""Ananya""]","[""Vamshi Paidipally""]","[""businessman"", ""protest"", ""agriculture"", ""millionaire"", ""social justice"", ""social issues"", ""environmental issues"", ""downtrodden farmers"", ""social responsibility"", ""loss of father""]",2019-05-09,/pV6xLQh54ga8oaQqJtUqLp12LwQ.jpg,7.0,33,1.829,te,2026-04-02T18:19:51.975240
86837,Amour,Amour,"Georges and Anne are in their eighties. They are cultivated, retired music teachers. Their daughter, who is also a musician, lives abroad with her family. One day, Anne has a stroke, and the couple's bond of love is severely tested.","[""Drama"", ""Romance""]","[""Jean-Louis Trintignant"", ""Emmanuelle Riva"", ""Isabelle Huppert"", ""Alexandre Tharaud"", ""William Shimell"", ""Ramon Agirre"", ""Rita Blanco"", ""Carole Franck""]","[""Michael Haneke""]","[""daughter"", ""nurse"", ""music teacher"", ""married couple"", ""piano lessons"", ""aging"", ""love"", ""retired"", ""illness"", ""pigeon"", ""stroke"", ""octogenarian"", ""hopeful""]",2012-09-20,/19hyCudualHxCD0GrEngqsi0wBF.jpg,7.761,1762,3.8189,fr,2026-04-02T18:19:52.454915
76600,Avatar: The Way of Water,Avatar: The Way of Water,"Set more than a decade after the events of the first film, learn the story of the Sully family (Jake, Neytiri, and their kids), the trouble that follows them, the lengths they go to keep each other safe, the battles they fight to stay alive, and the tragedies they endure.","[""Action"", ""Adventure"", ""Science Fiction""]","[""Sam Worthington"", ""Zoe Salda\u00f1a"", ""Sigourney Weaver"", ""Stephen Lang"", ""Kate Winslet"", ""Cliff Curtis"", ""Joel David Moore"", ""CCH Pounder""]","[""James Cameron""]","[""dying and death"", ""loss of loved one"", ""alien life-form"", ""resurrection"", ""dysfunctional family"", ""sequel"", ""alien planet"", ""distant future"", ""transhumanism"", ""adopted child"", ""rebirth"", ""family dynamics"", ""adopted son"", ""stronger villain"", ""wonder"", ""war"", ""intense"", ""amused"", ""bold"", ""exhilarated""]",2022-12-14,/t6HIqrRAclMCA60NsSmeqe9RmNV.jpg,7.594,13891,35.0743,en,2026-04-02T18:19:52.977223
146233,Prisoners,Prisoners,"Keller Dover is facing every parent’s worst nightmare. His six-year-old daughter, Anna, is missing, together with her young friend, Joy, and as minutes turn to hours, panic sets in. The only lead is a dilapidated RV that had earlier been parked on their street.","[""Drama"", ""Thriller"", ""Crime""]","[""Hugh Jackman"", ""Jake Gyllenhaal"", ""Viola Davis"", ""Maria Bello"", ""Terrence Howard"", ""Melissa Leo"", ""Paul Dano"", ""Dylan Minnette""]","[""Denis Villeneuve""]","[""pennsylvania, usa"", ""kidnapping"", ""hostage"", ""detective"", ""maze"", ""symbolism"", ""investigation"", ""georgia"", ""beating"", ""god"", ""revenge"", ""vigilante"", ""rural area"", ""crime scene"", ""brutality"", ""candlelight vigil"", ""angry"", ""animal cruelty"", ""neo-noir"", ""sex offender""]",2013-09-19,/jsS3a3ep2KyBVmmiwaz3LvK49b1.jpg,8.104,12889,11.6226,en,2026-04-02T18:19:53.458723
224061,Atharintiki Daaredi,అత్తారింటికి దారేది,"Goutham promises his grandfather that he will reunite him with his estranged daughter, Sunanda. Posing as a driver, Goutham enters Sunanda's house but trouble soon follows.","[""Action"", ""Comedy"", ""Drama""]","[""Pawan Kalyan"", ""Samantha Ruth Prabhu"", ""Pranitha Subhash"", ""Boman Irani"", ""Nadhiya"", ""Kota Srinivasa Rao"", ""Ali Basha"", ""M. S. Narayana""]","[""Trivikram Srinivas""]","[""family relationships"", ""broken family"", ""pawan kalyan""]",2013-09-27,/htv7AcIhJc94dPmbkhVdZ5tFET7.jpg,6.6,35,1.6244,te,2026-04-02T18:19:54.000576
1168190,The Wrecking Crew,The Wrecking Crew,"Estranged half-brothers Jonny and James reunite after their father's mysterious death. As they search for the truth, buried secrets reveal a conspiracy threatening to tear their family apart.","[""Action"", ""Comedy"", ""Crime"", ""Mystery""]","[""Dave Bautista"", ""Jason Momoa"", ""Temuera Morrison"", ""Morena Baccarin"", ""Roimata Fox"", ""Frankie Adams"", ""Claes Bang"", ""Jacob Batalon""]","[""\u00c1ngel Manuel Soto""]","[""reunion"", ""helicopter chase"", ""brother brother relationship"", ""lighthearted"", ""ambivalent"", ""defiant"", ""loss of father""]",2026-01-28,/gbVwHl4YPSq6BcC92TQpe7qUTh6.jpg,6.903,850,72.189,en,2026-04-02T18:19:54.404325
1174334,A Foggy Tale,大濛,"Yue's brother was executed by the government. Determined to bring his body back home, Yue goes to Taipei alone and is nearly sold by human traffickers. Luckily, she is saved by Chao Kung-tao, a discharged soldier. Seeing no prospects in his own life, he decides to help Yue. Two people with no relations become friends in need, embarking on a journey that could cost them their lives.","[""Adventure"", ""Drama""]","[""Caitlin Fang"", ""Will Or Wai-Lam"", ""9m88"", ""Tseng Jing-hua"", ""Pan Li-li"", ""Vivian Sung"", ""Chen Yi-wen"", ""Emerson Tsai""]","[""Chen Yu-hsun""]",[],2025-11-27,/nj1QyqHN48Wn66U9JYXIywNX8Nj.jpg,7.4,11,2.4911,zh,2026-04-02T18:19:54.810759
1022789,Inside Out 2,Inside Out 2,"Teenager Riley's mind headquarters is undergoing a sudden demolition to make room for something entirely unexpected: new Emotions! Joy, Sadness, Anger, Fear and Disgust, who’ve long been running a successful operation by all accounts, aren’t sure how to feel when Anxiety shows up. And it looks like she’s not alone.","[""Animation"", ""Adventure"", ""Comedy"", ""Family""]","[""Amy Poehler"", ""Maya Hawke"", ""Kensington Tallman"", ""Liza Lapira"", ""Tony Hale"", ""Lewis Black"", ""Phyllis Smith"", ""Ayo Edebiri""]","[""Kelsey Mann""]","[""sadness"", ""disgust"", ""sequel"", ""computer animation"", ""teenage girl"", ""fear"", ""anger"", ""envy"", ""aftercreditsstinger"", ""duringcreditsstinger"", ""emotions"", ""embarrasment"", ""joy"", ""anxiety"", ""witty"", ""assertive"", ""cheerful""]",2024-06-11,/vpnVM9B6NMmQpWeZvzLvDESb2QY.jpg,7.544,6556,23.1634,en,2026-04-02T18:19:55.214118
4935,Howl's Moving Castle,ハウルの動く城,"Sophie, a young milliner, is turned into an elderly woman by a witch who enters her shop and curses her. She encounters a wizard named Howl and gets caught up in his resistance to fighting for the king.","[""Fantasy"", ""Animation"", ""Adventure""]","[""Chieko Baisho"", ""Takuya Kimura"", ""Akihiro Miwa"", ""Tatsuya Gash\u00fbin"", ""Ryunosuke Kamiki"", ""Mitsunori Isaki"", ""Yo Oizumi"", ""Akio Otsuka""]","[""Hayao Miyazaki""]","[""witch"", ""flying"", ""rain"", ""castle"", ""scarecrow"", ""body exchange"", ""melancholy"", ""hatter"", ""bakery"", ""curse"", ""steampunk"", ""demon"", ""anime"", ""thoughtful"", ""reflective"", ""based on young adult novel"", ""playful"", ""fantasy"", ""magical"", ""adventure""]",2004-09-09,/13kOl2v0nD2OLbVSHnHk8GUFEhO.jpg,8.388,10928,20.6307,ja,2026-04-02T18:19:55.607182
1405769,I Can Only Imagine 2,I Can Only Imagine 2,"After the breakout success of the song 'I Can Only Imagine', MercyMe's Bart Millard is living the dream—sold-out arenas, a devoted fanbase, and a thriving career. But behind the spotlight, Bart's past threatens the family he's built, especially the fragile bond with his son Sam. When hopeful newcomer Tim Timmons joins the band for their biggest tour yet, he unknowingly brings a renewed gratitude to Bart's life through their unlikely friendship. Bart soon discovers that Tim carries hardships—and secrets—of his own, forcing him to face his past and repair his relationships with Sam and his wife Shannon before fame costs him what matters most.","[""Drama"", ""Music""]","[""J. Michael Finley"", ""Milo Ventimiglia"", ""Sophie Skelton"", ""Arielle Kebbel"", ""Sammy Dell"", ""Mark Furze"", ""Ezra Proch"", ""Jason Burkey""]","[""Brent McCorkle"", ""Andrew Erwin""]","[""musician"", ""abusive father"", ""redemption"", ""based on true story"", ""sequel"", ""singer-songwriter"", ""father son relationship"", ""christian film"", ""christian faith"", ""independent film"", ""contemporary christian music"", ""biographical drama""]",2026-02-19,/A4A8YgAzBwDnlXDzuxoc5ZLchO7.jpg,6.938,8,6.2932,en,2026-04-02T18:19:56.039431
1315657,Yellow Letters,Gelbe Briefe,The marriage of Derya and Aziz is under pressure after losing their jobs because of state arbitrariness and moving to Istanbul to live with Aziz's parents. They and their 13-year-old daughter Ezgi have to redefine their way of life.,"[""Drama""]","[""\u00d6zg\u00fc Namal"", ""Tansu Bi\u00e7er"", ""Leyla Smyrna Cabas"", ""\u0130pek Bilgin"", ""\u015eiir Elo\u011flu"", ""Eray Egilmez"", ""Yusuf Akg\u00fcn"", ""Kerem Can""]","[""\u0130lker \u00c7atak""]",[],2026-03-05,/8Sxp3QIdamyoAfgLsUaGCQ1Z1ID.jpg,8.5,6,2.2483,tr,2026-04-02T18:19:56.445073
843,In the Mood for Love,花樣年華,"Two neighbors form a strong bond after both suspect extramarital activities of their spouses. However, they agree to keep their bond platonic so as not to commit similar wrongs.","[""Drama"", ""Romance""]","[""Maggie Cheung"", ""Tony Leung Chiu-wai"", ""Siu Ping-Lam"", ""Rebecca Pan"", ""Kelly Lai Chen"", ""Joe Cheung Tung-Cho"", ""Chan Man-Lei"", ""Koo Kam-Wah""]","[""Wong Kar-Wai""]","[""adultery"", ""newspaper"", ""secret love"", ""martial arts"", ""lovesickness"", ""husband wife relationship"", ""shanghai, china"", ""marriage crisis"", ""married couple"", ""singapore"", ""deceived husband"", ""forbidden love"", ""melancholy"", ""neighbor"", ""author"", ""hong kong"", ""extramarital affair"", ""1960s"", ""asian culture"", ""intense""]",2000-09-29,/iYypPT4bhqXfq1b6EnmxvRt6b2Y.jpg,8.089,3196,8.4193,cn,2026-04-02T18:19:57.115265
791373,Zack Snyder's Justice League,Zack Snyder's Justice League,"Determined to ensure Superman's ultimate sacrifice was not in vain, Bruce Wayne aligns forces with Diana Prince with plans to recruit a team of metahumans to protect the world from an approaching threat of catastrophic proportions.","[""Action"", ""Adventure"", ""Fantasy""]","[""Ben Affleck"", ""Henry Cavill"", ""Gal Gadot"", ""Ray Fisher"", ""Jason Momoa"", ""Ezra Miller"", ""Ciar\u00e1n Hinds"", ""Amy Adams""]","[""Zack Snyder""]","[""saving the world"", ""superhero"", ""resurrection"", ""based on comic"", ""superhero team"", ""planet invasion"", ""action hero"", ""dc extended universe (dceu)"", ""superhero teamup""]",2021-03-18,/tnAuB8q5vv7Ax9UAEje5Xi4BXik.jpg,8.092,10711,13.3266,en,2026-04-02T18:19:59.119955
1428301,#Single,సింగిల్,"Vijay, a bank employee, falls in love with Purva at first sight and attempts to get closer to her in hopes of winning her affection. Meanwhile, Harini who secretly harbours feelings for Vijay, begins to follow him—turning his love life into a comedic triangle.","[""Comedy"", ""Romance""]","[""Sree Vishnu"", ""Ketika Sharma"", ""Ivana"", ""Vennela Kishore"", ""VTV Ganesh"", ""Kalpalatha"", ""Reba Monica John"", ""Narne Nithin""]","[""Caarthick Raju""]",[],2025-05-09,/3cX5JISvLrOrwfb0gCOV7Mz7if0.jpg,5.2,12,1.864,te,2026-04-02T18:19:59.524977
1084242,Zootopia 2,Zootopia 2,"After cracking the biggest case in Zootopia's history, rookie cops Judy Hopps and Nick Wilde find themselves on the twisting trail of a great mystery when Gary De'Snake arrives and turns the animal metropolis upside down. To crack the case, Judy and Nick must go undercover to unexpected new parts of town, where their growing partnership is tested like never before.","[""Animation"", ""Comedy"", ""Adventure"", ""Family"", ""Mystery""]","[""Ginnifer Goodwin"", ""Jason Bateman"", ""Ke Huy Quan"", ""Fortune Feimster"", ""Andy Samberg"", ""David Strathairn"", ""Idris Elba"", ""Shakira""]","[""Jared Bush"", ""Byron Howard""]","[""snake"", ""bunny"", ""fox"", ""cop"", ""sequel"", ""anthropomorphism"", ""animals"", ""displacement"", ""buddy cop"", ""buddy comedy"", ""complex"", ""playful"", ""talking animal"", ""3d animation"", ""embarrassed"", ""excited""]",2025-11-26,/oJ7g2CifqpStmoYQyaLQgEU32qO.jpg,7.596,2421,106.0726,en,2026-04-02T18:19:59.856514
744275,After We Fell,After We Fell,"Just as Tessa's life begins to become unglued, nothing is what she thought it would be. Not her friends nor her family. The only person that she should be able to rely on is Hardin, who is furious when he discovers the massive secret that she's been keeping. Before Tessa makes the biggest decision of her life, everything changes because of revelations about her family.","[""Romance"", ""Drama""]","[""Josephine Langford"", ""Hero Fiennes Tiffin"", ""Carter Jenkins"", ""Louise Lombard"", ""Chance Perdomo"", ""Rob Estes"", ""Arielle Kebbel"", ""Stephen Moyer""]","[""Castille Landon""]","[""based on novel or book"", ""family history"", ""love"", ""teenage crush"", ""woman director"", ""family tension"", ""zealous"", ""mischievous"", ""enraged""]",2021-09-01,/dU4HfnTEJDf9KvxGS9hgO7BVeju.jpg,7.015,2708,20.8198,en,2026-04-02T18:20:00.250950
1084244,Toy Story 5,Toy Story 5,"When Bonnie receives a Lilypad tablet as a gift and becomes obsessed, Buzz, Woody, Jessie and the rest of the gang's jobs become exponentially harder when they have to go head to head with the all-new threat to playtime.","[""Animation"", ""Family"", ""Comedy"", ""Adventure""]","[""Tom Hanks"", ""Tim Allen"", ""Joan Cusack"", ""Greta Lee"", ""Conan O'Brien"", ""Craig Robinson"", ""Shelby Rabara"", ""Tony Hale""]","[""Andrew Stanton""]","[""rivalry"", ""sequel"", ""buddy comedy"", ""toy comes to life"", ""replacement"", ""toy"", ""3d animation"", ""tablet"", ""ipad""]",2026-06-17,/dWIAOC9EKFehGs3CYvDQih3hxaG.jpg,0.0,0,10.4848,en,2026-04-02T18:20:00.638604
1542995,Bonolota Express,বনলতা এক্সপ্রেস,"On a foggy winter journey, the Bonolota Express carries strangers burdened by secrets whose lives begin to collide within the train’s confined corridors. As the night unfolds, personal and political crises erupt, exposing hidden grief, moral decay, and moments of unexpected compassion amid chaos and revolt. By dawn, the train moves on, leaving its passengers irrevocably changed by a single journey where illusions collapse and human truths emerge.","[""Drama"", ""Comedy""]","[""Mosharraf Karim"", ""Chanchal Chowdhury"", ""Sabila Nur"", ""Sariful Razz"", ""Zakia Bari Mamo"", ""Shamol Mawla"", ""Azmeri Haque Badhon"", ""Intekhab Dinar""]","[""Tanim Noor""]",[],2026-03-21,/wved9mxrbbae8eW0X5ydBfOWsba.jpg,0.0,0,6.0994,bn,2026-04-02T18:20:01.027232
23381,Pokiri,పోకిరి,"Pandu is a contract killer and will accept any contract provided the amount is right. The police want him for questioning, while the underworld needs him to silence their opponents. No one really knows this assassin's background. It is only Pandu who knows his real identity, and he has no intention of sharing it with anyone.","[""Action"", ""Thriller"", ""Crime""]","[""Mahesh Babu"", ""Ileana D'Cruz"", ""Prakash Raj"", ""Nassar"", ""Brahmanandam"", ""Ashish Vidhyarthi"", ""Sayaji Shinde"", ""Subbaraju""]","[""Puri Jagannadh""]","[""corruption"", ""undercover"", ""gangster"", ""anti hero"", ""gang war"", ""crime boss"", ""mafia boss"", ""rivalry"", ""love-hate relationship"", ""organized crime"", ""tinnitus"", ""mafia"", ""shootout"", ""infiltration"", ""falling in love"", ""one man army"", ""criminal underworld"", ""crime syndicate"", ""neo-noir"", ""action hero""]",2006-04-27,/rQ8NH5f3CxRrmqZWMZNYPwLmjDS.jpg,7.507,69,2.0879,te,2026-04-02T18:20:01.293837
855,Black Hawk Down,Black Hawk Down,"When U.S. Rangers and an elite Delta Force team attempt to kidnap two underlings of a Somali warlord, their Black Hawk helicopters are shot down, and the Americans suffer heavy casualties, facing intense fighting from the militia on the ground.","[""Action"", ""War"", ""History""]","[""Josh Hartnett"", ""Eric Bana"", ""Ewan McGregor"", ""Tom Sizemore"", ""William Fichtner"", ""Sam Shepard"", ""Jason Isaacs"", ""Ewen Bremner""]","[""Ridley Scott""]","[""based on novel or book"", ""ambush"", ""chaos"", ""militia"", ""prisoner of war"", ""wound"", ""somalia"", ""warlord"", ""famine"", ""arms dealer"", ""based on true story"", ""delta force"", ""gunfight"", ""combat"", ""us military"", ""1990s"", ""helicopter crash"", ""mogadishu"", ""rescue operation"", ""peacekeeper""]",2001-12-28,/7fU5dSqKRL4XHeEUz62rCKBfYok.jpg,7.392,6270,7.4055,en,2026-04-02T18:20:01.714157
1403735,Laila,లైలా,"Sonu Model, a renowned beautician from the old city, is forced to disguise himself as Laila, leading to a series of comedic, romantic, and action-packed events. Chaos ensues in this hilarious laugh riot","[""Comedy"", ""Romance""]","[""Vishwak Sen"", ""Akanksha Sharma"", ""Babloo Prithiveeraj"", ""Abhimanyu Singh"", ""Vineet Kumar"", ""Kamakshi Bhaskarla"", ""Surabhi Prabhavathi"", ""Ravi Mariya""]","[""Ram Narayan""]",[],2025-02-14,/aFogllaRGlAhk1nqvVGFpZpl4qU.jpg,4.6,7,15.7347,te,2026-04-02T18:20:02.187823
857,Saving Private Ryan,Saving Private Ryan,"As U.S. troops storm the beaches of Normandy, three brothers lie dead on the battlefield, with a fourth trapped behind enemy lines. Ranger captain John Miller and seven men are tasked with penetrating German-held territory and bringing the boy home.","[""War"", ""Drama"", ""History""]","[""Tom Hanks"", ""Tom Sizemore"", ""Edward Burns"", ""Barry Pepper"", ""Adam Goldberg"", ""Vin Diesel"", ""Giovanni Ribisi"", ""Jeremy Davies""]","[""Steven Spielberg""]","[""dying and death"", ""self sacrifice"", ""bravery"", ""world war ii"", ""duty"", ""normandy, france"", ""troops"", ""waffen ss"", ""omaha beach"", ""rescue mission"", ""cowardice"", ""us army"", ""based on true story"", ""d-day"", ""military"", ""german soldier"", ""military operation"", ""1940s"", ""bloody deaths"", ""excited""]",1998-07-24,/uqx37cS8cpHg8U35f9U5IBlrCV3.jpg,8.223,17008,12.4219,en,2026-04-02T18:20:02.622190
770906,Salaar: Part 1 - Ceasefire,సలార్: పార్ట్‌ 1 – సీజ్‌ఫైర్‌,"Set in the fictional dystopian city-state of Khansaar, the film follows the friendship between Deva, a tribesman, and Varadha, the prince of Khansaar. When a coup d'état is planned by his father's ministers and his relatives, Varadha enlists Deva's help to become Khansaar's undisputed ruler.","[""Action"", ""Crime"", ""Drama""]","[""Prabhas"", ""Prithviraj Sukumaran"", ""Shruti Haasan"", ""Easwari Rao"", ""Jagapati Babu"", ""Bobby Simha"", ""Sriya Reddy"", ""Ramachandra Raju""]","[""Prashanth Neel""]","[""drama"", ""action"", ""salaar""]",2023-12-21,/nlu9WbcetNFRGXXPWITr30ob7W6.jpg,6.684,106,4.6046,te,2026-04-02T18:20:03.003015
1424217,Court: State vs. A Nobody,కోర్ట్: State vs. A Nobody,"A determined lawyer takes on a high-stakes case to defend a 19-year-old boy, challenging a system that has already branded him guilty.","[""Drama"", ""Romance"", ""Crime""]","[""Priyadarshi Pullikonda"", ""Harsh Roshan"", ""Sridevi Apalla"", ""Sivaji Sontineni"", ""Sai Kumar"", ""Harsha Vardhan"", ""Rohini"", ""Surabhi Prabhavathi""]","[""Ram Jagadeesh""]","[""trial"", ""courtroom"", ""legal battle"", ""hopeful""]",2025-03-14,/4pEX67LJd7ZIqYWtksBtOgQEGcQ.jpg,7.56,25,1.4156,te,2026-04-02T18:20:03.368051
609108,iSmart Shankar,ఇస్మార్ట్ శంకర్‌,A contract killer goes on the run after eliminating a target and eventually finds himself linked to a slain cop whose memory is transferred to his brain.,"[""Action"", ""Science Fiction"", ""Thriller""]","[""Ram Pothineni"", ""Nidhhi Agerwal"", ""Satyadev Kancharana"", ""Nabha Natesh"", ""Sayaji Shinde"", ""Ashish Vidhyarthi"", ""Raghu Babu"", ""Deepak Shetty""]","[""Puri Jagannadh""]",[],2019-07-18,/aEpPH8oi6XpD5a1ynRiPhNOrURZ.jpg,5.1,19,1.296,te,2026-04-02T18:20:03.728334
269149,Zootopia,Zootopia,"Determined to prove herself, Officer Judy Hopps, the first bunny on Zootopia's police force, jumps at the chance to crack her first case - even if it means partnering with scam-artist fox Nick Wilde to solve the mystery.","[""Animation"", ""Adventure"", ""Family"", ""Comedy""]","[""Ginnifer Goodwin"", ""Jason Bateman"", ""Idris Elba"", ""Jenny Slate"", ""Nate Torrence"", ""Bonnie Hunt"", ""Don Lake"", ""Tommy Chong""]","[""Byron Howard"", ""Rich Moore""]","[""sheep"", ""allegory"", ""lion"", ""hippopotamus"", ""cartoon"", ""villain"", ""bullying"", ""polar bear"", ""con artist"", ""anthropomorphism"", ""revenge"", ""conspiracy"", ""urban"", ""female protagonist"", ""rookie cop"", ""missing person"", ""fable"", ""racial prejudice"", ""injustice"", ""reconciliation""]",2016-02-11,/hlK0e0wAQ3VLuJcsfIYPvb4JVud.jpg,7.759,17894,27.5424,en,2026-04-02T18:20:04.180135
50014,The Help,The Help,"Aibileen Clark is a middle-aged African-American maid who has spent her life raising white children and has recently lost her only son; Minny Jackson is an African-American maid who has often offended her employers despite her family's struggles with money and her desperate need for jobs; and Eugenia ""Skeeter"" Phelan is a young white woman who has recently moved back home after graduating college to find out her childhood maid has mysteriously disappeared. These three stories intertwine to explain how life in Jackson, Mississippi revolves around ""the help""; yet they are always kept at a certain distance because of racial lines.","[""Drama""]","[""Emma Stone"", ""Viola Davis"", ""Bryce Dallas Howard"", ""Octavia Spencer"", ""Jessica Chastain"", ""Ahna O'Reilly"", ""Allison Janney"", ""Anna Camp""]","[""Tate Taylor""]","[""based on novel or book"", ""mississippi river"", ""exploitation"", ""racial segregation"", ""racism"", ""writer"", ""maid"", ""moral courage"", ""ressentiment"", ""southern belle"", ""racial issues"", ""1960s"", ""newspaper columnist"", ""desperate"", ""cautionary"", ""dramatic""]",2011-08-09,/3kmfoWWEc9Vtyuaf9v5VipRgdjx.jpg,8.198,8929,10.3246,en,2026-04-02T18:20:04.640354
1381216,Lake Jesup: Bonecrusher's Revenge,Lake Jesup: Bonecrusher's Revenge,"In 2003, Lake Jesup became the stage for a real-life horror story, as a monstrous alligator escaped from captivity and began a reign of terror. As the body count rose, a desperate hunt ensued to stop the creature.","[""Horror"", ""Comedy"", ""Adventure""]","[""Derek Russo"", ""Jeff Benninghofen"", ""Michael Houston King"", ""Essex O'Brien"", ""Sarah Voigt"", ""Danny Nucci""]","[""Michael Houston King""]","[""alligator"", ""alligator hunter"", ""lake monster""]",2024-05-01,/1Z1TgGXS1MD4DDfIkBNloM43vvj.jpg,6.219,32,86.4897,en,2026-04-02T18:20:05.060811
1246049,Dracula,Dracula,"In late 15th-century Eastern Europe, Prince Vlad II’s bride is brutally murdered. As a result, he renounces God and damns Heaven itself. Cursed with eternal life, Vlad is reborn as Dracula, an immortal warlord who defies fate in a blood-soaked crusade to wrench his lost love back from death.","[""Horror"", ""Fantasy"", ""Romance""]","[""Caleb Landry Jones"", ""Zo\u00eb Bleu Sidel"", ""Christoph Waltz"", ""Matilda De Angelis"", ""Ewens Abid"", ""Guillaume de Tonqu\u00e9dec"", ""David Shields"", ""Bertrand-Xavier Corbi""]","[""Luc Besson""]","[""paris, france"", ""vampire"", ""beheading"", ""parfum"", ""gargoyle"", ""gothic horror"", ""music box"", ""eternal love"", ""19th century"", ""15th century"", ""loss of wife"", ""dracula""]",2025-07-30,/dYRqA50yd0nB3qBR7AtWEJJQ8q.jpg,7.129,1018,33.3176,fr,2026-04-02T18:20:05.465572
11104,Chungking Express,重慶森林,"Two melancholic Hong Kong policemen fall in love: one with a mysterious underworld figure, the other with a beautiful and ethereal server at a late-night restaurant.","[""Drama"", ""Comedy"", ""Romance""]","[""Brigitte Lin"", ""Takeshi Kaneshiro"", ""Tony Leung Chiu-wai"", ""Faye Wong"", ""Valerie Chow"", ""Piggy Chan Kam-Chuen"", ""Kwan Lee-Na"", ""Leung San""]","[""Wong Kar-Wai""]","[""drug smuggling"", ""police"", ""ex-girlfriend"", ""girlfriend"", ""snack bar"", ""romance"", ""hong kong"", ""expiration date"", ""flight attendant"", ""cleaning"", ""relaxed"", ""hilarious"", ""romantic"", ""joyful""]",1994-07-14,/43I9DcNoCzpyzK8JCkJYpHqHqGG.jpg,7.964,2144,7.4668,cn,2026-04-02T18:20:05.916898
1493859,Pizza Movie,Pizza Movie,"A shy college student and his reckless roommate set out on a simple mission to grab pizza, but after a strange dose of a mind-bending experimental drug, they're thrust into a chaotic night of absurd encounters, wild hallucinations, and unexpected revelations that could change their lives forever.","[""Comedy"", ""Adventure"", ""Science Fiction""]","[""Gaten Matarazzo"", ""Sean Giambrone"", ""Lulu Wilson"", ""Jack Martin"", ""Marcus Scribner"", ""Peyton Elizabeth Lee"", ""Caleb Hearon"", ""Daniel Radcliffe""]","[""Nick Kocher"", ""Brian McElhaney""]","[""college"", ""pizza"", ""drugs"", ""dorm""]",2026-03-13,/s3BQYWeYPxGJwGaSYftGyE1SaKV.jpg,0.0,0,2.7461,en,2026-04-02T18:20:06.376792
820067,The Quintessential Quintuplets Movie,映画 五等分の花嫁,"When five lovely young girls who hate studying hire part-time tutor Futaro, he guides not only their education but also their hearts. Time spent has brought them all closer, with feelings growing within the girls and Futaro. As they finish their third year of high school and their last school festival approaches, they set their sights on what’s next. Is there a future with one of them and Futaro?","[""Animation"", ""Comedy"", ""Romance""]","[""Yoshitsugu Matsuoka"", ""Kana Hanazawa"", ""Ayana Taketatsu"", ""Miku Ito"", ""Ayane Sakura"", ""Inori Minase"", ""Natsumi Takamori"", ""Satoshi Hino""]","[""Masato Jimbo""]","[""adolescence"", ""twin sister"", ""harem"", ""sister"", ""romance"", ""slice of life"", ""school"", ""based on manga"", ""anime"", ""japanese high school"", ""cheerful""]",2022-05-20,/sg7klpt1xwK1IJirBI9EHaqQwJ5.jpg,8.31,434,6.4873,ja,2026-04-02T18:20:06.829710
872,Singin' in the Rain,Singin' in the Rain,"In 1927 Hollywood, a silent film star falls for a chorus girl just as he and his paranoid screen partner struggle to make the difficult transition to talking pictures.","[""Comedy"", ""Romance""]","[""Gene Kelly"", ""Donald O'Connor"", ""Debbie Reynolds"", ""Jean Hagen"", ""Millard Mitchell"", ""Cyd Charisse"", ""Douglas Fowley"", ""Rita Moreno""]","[""Stanley Donen"", ""Gene Kelly""]","[""fan"", ""musical"", ""partner"", ""film in film"", ""hollywood"", ""broadway"", ""dancing in the street"", ""audience"", ""chorus girl"", ""diction coach"", ""pearl necklace"", ""flapper"", ""silent film star"", ""squeaky voice"", ""christmas"", ""1920s"", ""satirical"", ""old hollywood"", ""playful"", ""lighthearted""]",1952-04-10,/w03EiJVHP8Un77boQeE7hg9DVdU.jpg,8.134,3453,7.1361,en,2026-04-02T18:20:07.259833
45933,The Nurse on a Military Tour,La soldatessa alla visita militare,"Army Doctor Eva Marini wants to join a regiment to secure equal rights for women. So her commanding officer sends her off to a boot camp led by Renzo Montagnani, where only the most unruly soldiers end up.","[""Comedy""]","[""Edwige Fenech"", ""Renzo Montagnani"", ""Fiorenzo Fiorentini"", ""Alvaro Vitali"", ""Leo Gullotta"", ""Michele Gammino"", ""Tiberio Murgia"", ""Mario Carotenuto""]","[""Nando Cicero""]","[""army"", ""beach"", ""nurse"", ""boat"", ""head injury"", ""priest"", ""nudism"", ""doctor"", ""soldier"", ""police station"", ""policeman"", ""military"", ""blow up doll"", ""sex comedy"", ""nude beach"", ""sunbathing"", ""naturism""]",1977-09-02,/zvLqUjxh9RId7YzK8Xchu8fQaHk.jpg,4.9,40,36.8416,it,2026-04-02T18:20:07.715409
496495,Sye Raa Narasimha Reddy,సై రా నరసింహ రెడ్డి,"Gwalior Fort, during the Indian Rebellion of 1857. In a moment of despair, Lakshmibai, Rani of Jhansi, encourages her men by telling them the heroic story of Uyyalawada Narasimha Reddy, a brave Telugu chieftain who took up arms in 1846 to protest against the numerous arbitrariness and crimes perpetrated by the leaders and military forces of the East India Company.","[""Drama"", ""History"", ""War""]","[""Chiranjeevi"", ""Sudeepa"", ""Vijay Sethupathi"", ""Ravi Kishan"", ""Jagapati Babu"", ""Nayanthara"", ""Tamannaah Bhatia"", ""Henry Maynard""]","[""Surender Reddy""]","[""freedom fighter"", ""historical figure"", ""british colonialism"", ""colonial india"", ""19th century"", ""history of india"", ""indian guru"", ""indian king"", ""telugu"", ""popular uprising""]",2019-09-27,/uEheujJysophwGaqHWPu1UCPthl.jpg,6.2,37,2.1734,te,2026-04-02T18:20:08.024678
965489,Kushi,ఖుషి,"Worlds and families collide when the son of a prominent atheist falls head over heels for the daughter of his father’s nemesis, a revered Hindu leader.","[""Romance"", ""Comedy"", ""Drama""]","[""Vijay Deverakonda"", ""Samantha Ruth Prabhu"", ""Jayaram"", ""Sachin Khedekar"", ""Murali Sharma"", ""Lakshmi"", ""Rohini"", ""Ali Basha""]","[""Shiva Nirvana""]",[],2023-08-31,/tiEnkpOarH20cCSikeLiWlvY1We.jpg,5.2,23,1.1547,te,2026-04-02T18:20:08.303256
934772,Ranga Ranga Vaibhavanga,రంగ రంగ వైభవంగా,Two childhood sweethearts love to hate each other due to their egos. What happens when they reconcile but their families begin warring each other instead?,"[""Romance"", ""Comedy"", ""Drama""]","[""Panja Vaisshnav Tej"", ""Ketika Sharma"", ""Naveen Chandra"", ""Naresh"", ""Prabhu"", ""Tulasi"", ""Pragathi Mahavadi"", ""Rajkumar Kasireddy""]","[""Gireeshaaya""]",[],2022-09-02,/4FiERyPvvgla3ebsDsxsOmet7FO.jpg,4.5,18,1.0625,te,2026-04-02T18:20:08.778149
1387382,Hunting Season,Hunting Season,"When a reclusive survivalist and his daughter rescue a mysterious, wounded woman from a river, they become entangled in a deadly web of violence and revenge, forcing them to confront a brutal criminal to survive.","[""Action"", ""Drama"", ""Thriller""]","[""Mel Gibson"", ""Shelley Hennig"", ""Jordi Moll\u00e0"", ""Sofia Hublitz"", ""A.J. Buckley"", ""James DuMont"", ""Rocky Myers"", ""Oliver Trevena""]","[""Raja Collins""]",[],2025-12-05,/cbryTyaWdqrKpQCw6K7zm2jrB5v.jpg,6.985,167,51.1766,en,2026-04-02T18:20:09.144966
1426297,Play Dead,Hazte la muerta,"A woman wakes up injured in a basement surrounded by corpses. To survive, she pretends to be dead while a grotesque ritual unfolds in the house above.","[""Horror""]","[""Paula Brasca"", ""Dami\u00e1n Del Castillo"", ""Marta Quarleri"", ""Milagros Ribet"", ""Catalina Motto""]","[""Carlos Goitia""]","[""kidnapping"", ""serial killer"", ""survival horror""]",2025-03-29,/ixWeYfvXT9AbfM0QPb9kwbVLbLV.jpg,5.879,33,47.5582,es,2026-04-02T18:20:09.660623
1207162,Rise of the Conqueror,Rise of the Conqueror,"In the 14th-century, as the Silk Road crumbles and rival factions tear the land apart, fearless warrior Timur emerges from exile. Stripped of everything, he fights to unite the fractured kingdoms, using strategy and sheer will to carve an empire from chaos. Undefeated in battle and widely regarded as one of history’s greatest military leaders and tacticians, not to mention one of its most brutal, Timur would found the Timurid Empire, which ruled over modern-day Afghanistan, Iran and Central Asia.","[""History"", ""Action"", ""Adventure"", ""War""]","[""Christian Mortensen"", ""Mahesh Jadu"", ""Yulduz Rajabova"", ""Joshua Jo"", ""Sanzhar Madi"", ""Arazou Baker"", ""Paul Marlon"", ""Dulguun Odkhuu""]","[""Jacob Schwarz""]","[""historical drama"", ""warrior"", ""physical disability"", ""uzbekistan"", ""14th century"", ""historical epic"", ""central asia"", ""based on real person""]",2026-04-10,/9cRE0DsM6CNIiY9Ah3cd8oc3n1Y.jpg,0.0,0,1.6626,en,2026-04-02T18:20:10.418082
1241982,Moana 2,Moana 2,"After receiving an unexpected call from her wayfinding ancestors, Moana journeys alongside Maui and a new crew to the far seas of Oceania and into dangerous, long-lost waters for an adventure unlike anything she's ever faced.","[""Animation"", ""Adventure"", ""Family"", ""Comedy"", ""Fantasy""]","[""Auli\u02bbi Cravalho"", ""Dwayne Johnson"", ""Hual\u0101lai Chung"", ""Rose Matafeo"", ""David Fane"", ""Awhimai Fraser"", ""Khaleesi Lambert-Tsuda"", ""Temuera Morrison""]","[""David G. Derrick Jr."", ""Jason Hand"", ""Dana Ledoux Miller""]","[""sea"", ""ocean"", ""villain"", ""musical"", ""sequel"", ""coming of age"", ""explorer"", ""duringcreditsstinger"", ""polynesia"", ""seafarer"", ""hopeful"", ""female explorer""]",2024-11-21,/aLVkiINlIeCkcZIzb7XHzPYgO6L.jpg,6.993,3001,24.5235,en,2026-04-02T18:20:10.812031
1241983,Train Dreams,Train Dreams,A logger leads a life of quiet grace as he experiences love and loss during an era of monumental change in early 20th-century America.,"[""Drama""]","[""Joel Edgerton"", ""Felicity Jones"", ""Nathaniel Arcand"", ""Clifton Collins Jr."", ""John Diehl"", ""Paul Schneider"", ""Kerry Condon"", ""William H. Macy""]","[""Clint Bentley""]","[""husband wife relationship"", ""based on novel or book"", ""slice of life"", ""lumberjack"", ""logger"", ""meditative"", ""railroad worker"", ""introspective"", ""pacific northwest"", ""poetic""]",2025-11-05,/wfzYOVdafdbD1d3SxNqiBtV2Yhx.jpg,7.312,893,8.2652,en,2026-04-02T18:20:11.223186
1049471,Outcome,Outcome,"Reef Hawk, Hollywood's poster child since age six, is not okay. When he learns about an extortion plot tied to a mysterious video, Reef preemptively sets out on a redemption tour to make amends, confront his demons, and avoid getting canceled.","[""Comedy"", ""Drama""]","[""Keanu Reeves"", ""Jonah Hill"", ""Cameron Diaz"", ""Matt Bomer"", ""Susan Lucci"", ""Laverne Cox"", ""David Spade"", ""Martin Scorsese""]","[""Jonah Hill""]","[""dark comedy"", ""extortion"", ""hollywood star"", ""inner demons""]",2026-04-09,/kSzcpfbTy2pXHGvrVU2WhQTo6oU.jpg,0.0,0,3.6026,en,2026-04-02T18:20:11.857720
1440641,The Jolly Monkey,The Jolly Monkey,"40 years ago, families disappeared near the isolated Jolly Monkey motel. Today, the family of the owners return to discuss what to do with the place. One by one they are killed by a someone dressed as the motel's mascot and need to escape.","[""Horror"", ""Thriller"", ""Mystery""]","[""Dominic Keating"", ""Jane Hajduk"", ""Courtney Fulk"", ""Neirin Winter"", ""Lisa Cole"", ""Anthony Jensen"", ""Landon Jacob Lee"", ""Aria Surrec""]","[""Ryan Ebert""]","[""motel"", ""slasher""]",2026-03-05,/1QVc7y4t9h8aHX51Hu2xb2XdjHu.jpg,6.5,2,3.125,en,2026-04-02T18:20:13.054460
447362,Life in a Year,Life in a Year,"A 17 year old finds out that his girlfriend is dying, so he sets out to give her an entire life, in the last year she has left.","[""Drama"", ""Romance""]","[""Jaden Smith"", ""Cara Delevingne"", ""Cuba Gooding Jr."", ""Chris D'Elia"", ""JT Neal"", ""Stony Blyden"", ""Peter MacNeill"", ""RZA""]","[""Mitja Okorn""]",[],2020-11-27,/bP7u19opmHXYeTCUwGjlLldmUMc.jpg,8.233,1954,5.8619,en,2026-04-02T18:20:13.885757
566143,Mr. Majnu,Mr. Majnu,A playboy finds himself in a spot of bother when he falls in love with the right girl.,"[""Drama"", ""Romance""]","[""Akhil Akkineni"", ""Nidhhi Agerwal"", ""Subbaraju"", ""Rao Ramesh"", ""Vidyullekha Raman"", ""Jayaprakash"", ""Priyadarshi Pullikonda"", ""Anisha Mandhara""]","[""Venky Atluri""]",[],2019-01-25,/rY6fScdYUBgGDcMcZsIDPgX0Hvj.jpg,5.1,17,1.5172,te,2026-04-02T18:20:14.646807
901,City Lights,City Lights,A tramp falls in love with a beautiful blind flower girl. His on-and-off friendship with a wealthy man allows him to be the girl's benefactor and suitor.,"[""Comedy"", ""Drama"", ""Romance""]","[""Charlie Chaplin"", ""Virginia Cherrill"", ""Florence Lee"", ""Harry Myers"", ""Al Ernest Garcia"", ""Hank Mann"", ""Albert Austin"", ""Eddie Baker""]","[""Charlie Chaplin""]","[""blindness and impaired vision"", ""eye operation"", ""operation"", ""love of one's life"", ""suicide attempt"", ""flower shop"", ""flower girl"", ""tramp"", ""love"", ""black and white"", ""millionaire"", ""silent film"", ""blind girl"", ""boxing"", ""feel good"", ""hilarious"", ""romantic"", ""comforting""]",1931-02-06,/bXNvzjULc9jrOVhGfjcc64uKZmZ.jpg,8.253,2423,3.9771,en,2026-04-02T18:20:15.191577
447365,Guardians of the Galaxy Vol. 3,Guardians of the Galaxy Vol. 3,"Peter Quill, still reeling from the loss of Gamora, must rally his team around him to defend the universe along with protecting one of their own. A mission that, if not completed successfully, could quite possibly lead to the end of the Guardians as we know them.","[""Science Fiction"", ""Adventure"", ""Action""]","[""Chris Pratt"", ""Zoe Salda\u00f1a"", ""Dave Bautista"", ""Karen Gillan"", ""Pom Klementieff"", ""Vin Diesel"", ""Bradley Cooper"", ""Sean Gunn""]","[""James Gunn""]","[""hero"", ""superhero"", ""mad scientist"", ""based on comic"", ""sequel"", ""superhero team"", ""space opera"", ""raccoon"", ""aftercreditsstinger"", ""duringcreditsstinger"", ""marvel cinematic universe (mcu)"", ""cosmic"", ""outer space"", ""chosen family"", ""sentimental"", ""amused"", ""empathetic"", ""enthusiastic"", ""excited""]",2023-05-03,/r2J02Z2OpNTctfOSN1Ydgii51I3.jpg,7.923,8137,22.8277,en,2026-04-02T18:20:16.799146
1198984,We Bury the Dead,We Bury the Dead,"After a catastrophic military disaster, the dead don't just rise - they hunt. Ava searches for her missing husband, but what she finds is far more terrifying.","[""Horror"", ""Thriller""]","[""Daisy Ridley"", ""Brenton Thwaites"", ""Mark Coles Smith"", ""Matt Whelan"", ""Chloe Hurst"", ""Kym Jackson"", ""Holly Hargreaves"", ""Deanna Cooney""]","[""Zak Hilditch""]","[""australia"", ""undead"", ""zombie"", ""missing person"", ""military"", ""tasmania"", ""aggressive"", ""somber"", ""experiment gone awry"", ""apocalyptic"", ""quarantine zone""]",2026-01-01,/xZqo0yPARmyF8TACVNyaOACkYWG.jpg,6.063,144,11.5772,en,2026-04-02T18:20:17.299380
410508,Manamantha,మనమంతా,"Sairam, an assistant manager in a supermarket treads on an unethical path for a promotion, leading to dire consequences. Gayatri a thrifty housewife manages her middle class household. Mahitha's friend, a street child goes missing and she goes out of her way to find him. Abhiram, the bright student falls in love with Aira and pursues her. Four stories seemingly unrelated are all bound by one string called family.","[""Drama"", ""Family"", ""Thriller""]","[""Mohanlal"", ""Gautami Tadimalla"", ""Viswant Duddumpudi"", ""Raina Rao"", ""Anisha Ambrose"", ""Gollapudi Maruti Rao"", ""Joy Mathew"", ""Venkateswara Rao Paruchuri""]","[""Chandra Sekhar Yeleti""]",[],2016-08-05,/mRYPSu2qc7nw3unnpzCJjrPR5nI.jpg,6.9,12,1.0312,te,2026-04-02T18:20:18.708819
1407885,Pelangi di Mars,Pelangi di Mars,"Pelangi is an Indonesian child born on Mars. Together with her robot friends, she embarks on a great journey that will determine the future of Earth. Can they overcome it?","[""Adventure"", ""Drama"", ""Family"", ""Science Fiction""]","[""Keinaya Messi Gusti"", ""Lutesha"", ""Rio Dewanto"", ""Livy Renata"", ""Myesha Lin"", ""Kristo Immanuel"", ""Gilang Dirga"", ""Bimo Kusumo""]","[""Upie Guava""]","[""galaxy"", ""future"", ""daughter"", ""mother"", ""planet mars"", ""technology"", ""earth"", ""father"", ""space"", ""planet"", ""robot"", ""astronaut"", ""stone"", ""mineral"", ""water"", ""child""]",2026-03-18,/1ATBn02gkCFxxWfFHZPj53Cp25m.jpg,5.667,3,1.582,id,2026-04-02T18:20:19.229493
693134,Dune: Part Two,Dune: Part Two,"Follow the mythic journey of Paul Atreides as he unites with Chani and the Fremen while on a path of revenge against the conspirators who destroyed his family. Facing a choice between the love of his life and the fate of the known universe, Paul endeavors to prevent a terrible future only he can foresee.","[""Science Fiction"", ""Adventure""]","[""Timoth\u00e9e Chalamet"", ""Zendaya"", ""Rebecca Ferguson"", ""Javier Bardem"", ""Josh Brolin"", ""Austin Butler"", ""Florence Pugh"", ""Dave Bautista""]","[""Denis Villeneuve""]","[""based on novel or book"", ""sandstorm"", ""chosen one"", ""distant future"", ""creature"", ""planet"", ""desert"", ""destiny"", ""giant worm"", ""space opera"", ""sand dune"", ""allegorical"", ""messiah"", ""fall from grace"", ""vengeance"", ""religious allegory"", ""giant creature"", ""power"", ""ambiguous"", ""antagonistic""]",2024-02-27,/6izwz7rsy95ARzTR3poZ8H6c5pp.jpg,8.13,7726,41.2784,en,2026-04-02T18:20:19.957500
31629,Arundhati,అరుంధతి,Arundhati  belongs to Gadwal samsthanam in 1920’s. She is known for her bravery in saving the Samstanam by killing Pasupathi an evildoer. But the spirit of Pasupathi haunts that place. Another girl is born in the same lineage after 3 generations and she is named as Arundhati. The spirit of Pasupati is after Arundhati to take the revenge.,"[""Horror"", ""Fantasy"", ""Thriller""]","[""Anushka Shetty"", ""Sonu Sood"", ""Manorama"", ""Sayaji Shinde"", ""Kaikala Satyanarayana"", ""Arjan Bajwa"", ""Subhashini"", ""Ahuti Prasad""]","[""Kodi Ramakrishna""]","[""reincarnated princess"", ""demon slayer""]",2009-01-16,/mhw0y6E4WbQ4LjlW3962vevh9BQ.jpg,6.7,31,1.2892,te,2026-04-02T18:20:21.448287
11152,The Ruins,The Ruins,"Americans Amy, Stacy, Jeff and Eric look for fun during a sunny holiday in Mexico, but they get much more than that after visiting an archaeological dig in the jungle.","[""Horror""]","[""Jonathan Tucker"", ""Jena Malone"", ""Shawn Ashmore"", ""Laura Ramsey"", ""Joe Anderson"", ""Sergio Calder\u00f3n"", ""Jesse Ramirez"", ""Balder Moreno""]","[""Carter Smith""]","[""mexico"", ""maya civilization"", ""tourist"", ""carnivorous plant"", ""canc\u00fan, mexico"", ""travel"", ""creature"", ""ruins"", ""archaeological expedition"", ""american tourist""]",2008-04-02,/6HpicbiT7xmlMjQXOSCeNoLZGpf.jpg,5.927,1417,22.6246,en,2026-04-02T18:20:21.919001
1198994,Send Help,Send Help,"Two colleagues become stranded on a deserted island, the only survivors of a plane crash. On the island, they must overcome past grievances and work together to survive, but ultimately, it's a battle of wills and wits to make it out alive.","[""Horror"", ""Thriller"", ""Comedy""]","[""Rachel McAdams"", ""Dylan O'Brien"", ""Edyll Ismail"", ""Dennis Haysbert"", ""Xavier Samuel"", ""Chris Pang"", ""Thaneth Warakulnukroh"", ""Emma Raimi""]","[""Sam Raimi""]","[""bullying"", ""role reversal"", ""survival"", ""struggle for survival"", ""survival horror"", ""deserted island"", ""power struggle"", ""colleagues"", ""bullying in the workplace"", ""plane crash"", ""gender inequality"", ""comedy thriller"", ""comedy horror""]",2026-01-22,/mjkS2iAgWj3ik1DTjvI15nHZ7yl.jpg,7.1,771,170.3145,en,2026-04-02T18:20:22.397795
914,The Great Dictator,The Great Dictator,Dictator Adenoid Hynkel tries to expand his empire while a poor Jewish barber tries to avoid persecution from Hynkel's regime.,"[""Comedy"", ""War""]","[""Charlie Chaplin"", ""Paulette Goddard"", ""Jack Oakie"", ""Reginald Gardiner"", ""Henry Daniell"", ""Billy Gilbert"", ""Grace Hayle"", ""Carter DeHaven""]","[""Charlie Chaplin""]","[""amnesia"", ""nazi"", ""hairdresser"", ""propaganda"", ""world war i"", ""dictator"", ""jewish ghetto"", ""fascism"", ""world war ii"", ""national socialism"", ""national socialist party"", ""satire"", ""speech"", ""black and white"", ""barbershop"", ""anti war"", ""fictitious country"", ""domineering"", ""inspirational"", ""dramatic""]",1940-10-15,/1QpO9wo7JWecZ4NiBuu625FiY1j.jpg,8.281,3661,5.354,en,2026-04-02T18:20:22.841580
1010581,My Fault,Culpa mía,"Noah must leave her city, boyfriend, and friends to move into William Leister's mansion, the flashy and wealthy husband of her mother Rafaela. As a proud and independent 17 year old, Noah resists living in a mansion surrounded by luxury. However, it is there where she meets Nick, her new stepbrother, and the clash of their strong personalities becomes evident from the very beginning.","[""Drama"", ""Romance"", ""Thriller""]","[""Nicole Wallace"", ""Gabriel Guevara"", ""Marta Hazas"", ""Iv\u00e1n S\u00e1nchez"", ""Eva Ruiz"", ""V\u00edctor Varona"", ""Fran Berenguer"", ""Adriana Ubani""]","[""Domingo Gonz\u00e1lez""]","[""first time"", ""forbidden love"", ""stepbrother"", ""female protagonist"", ""underage sex"", ""stepsister"", ""disturbed"", ""based on young adult novel"", ""enemies to lovers"", ""passion and romance"", ""car"", ""disapproving"", ""disgusted"", ""step-sibling romance""]",2023-06-08,/w46Vw536HwNnEzOa7J24YH9DPRS.jpg,7.751,4025,29.4132,es,2026-04-02T18:20:23.736446
801688,Kalki 2898-AD,కల్కి 2898-ఎ.డి,"In the year 2898 AD, around 6000 years after Kurukshetra war, Ashwatthama gears up for his final battle of redemption at the sign of hope in a dystopian world and Bhairava, a wisecracking and self-interested bounty hunter, tired of the perilous life becomes the hurdle in the process.","[""Drama"", ""Action"", ""Fantasy"", ""Science Fiction""]","[""Amitabh Bachchan"", ""Prabhas"", ""Deepika Padukone"", ""Kamal Haasan"", ""Saswata Chatterjee"", ""Shobana"", ""Rajendra Prasad"", ""Pasupathy""]","[""Nag Ashwin""]","[""rebellion"", ""hero"", ""temple"", ""dystopia"", ""villain"", ""desert"", ""religious statue"", ""futuristic society"", ""quest"", ""imperialism"", ""ancient temple"", ""indian folklore"", ""evil empire"", ""fantasy"", ""indian gods"", ""mahabharat""]",2024-06-26,/rstcAnBeCkxNQjNp3YXrF6IP1tW.jpg,6.429,169,4.5396,te,2026-04-02T18:20:24.023772
226200,Pournami,పౌర్ణమి,"A dancer trains for an event where she has to perform a special dance in Lord Shiva's temple. But when she suddenly disappears, her younger sister Chandrakala decides to learn the dance.","[""Drama"", ""Action"", ""Romance"", ""Music""]","[""Trisha Krishnan"", ""Prabhas"", ""Charmy Kaur"", ""Rahul Dev"", ""Ajay"", ""Sindhu Tolani"", ""Mukesh Rishi"", ""Geetha""]","[""Prabhu Deva""]","[""dance performance""]",2006-04-20,/yFmORIXTXON5jnIoAfRmfljlcAE.jpg,5.5,16,1.0714,te,2026-04-02T18:20:24.300635
279450,Drushyam,దృశ్యం,"Rambabu, a cable operator, lives with his beloved wife Jyothi and two daughters. One day, his family inadvertently gets involved in a grave crime and he must go to great lengths to protect them.","[""Crime"", ""Thriller"", ""Drama""]","[""Venkatesh"", ""Meena"", ""Nadhiya"", ""Naresh"", ""Kruthika Jayakumar"", ""Esther Anil"", ""Ravi Kale"", ""Venkateswara Rao Paruchuri""]","[""Sripriya""]","[""remake""]",2014-07-11,/ujH3QanyIVzlTVst80Upk0Tmr2c.jpg,7.9,23,0.8572,te,2026-04-02T18:20:24.712091
1194915,Saripodhaa Sanivaaram,స‌రిపోదా శ‌నివారం,"Set in Sokulapalem, bound by a promise to his mother, Surya, an LIC agent leads a normal life on six days, maintains a careful ledger of everyone made him angry,unleashing his anger only on Saturdays, solely for justifiable reasons. A tragic incident pits him on a collision course with the ruthless and borderline-manic cop Daya.","[""Action"", ""Thriller""]","[""Nani"", ""S. J. Suryah"", ""Priyanka Arul Mohan"", ""Sai Kumar"", ""Murali Sharma"", ""Aditi Balan"", ""Abhirami"", ""Anitha Chowdary""]","[""Vivek Athreya""]",[],2024-08-29,/e2yVhbMkpi4JvvdIhvRpS0Muge7.jpg,6.5,29,1.6358,te,2026-04-02T18:20:25.088737
37797,Whisper of the Heart,耳をすませば,"Shizuku lives a simple life, dominated by her love for stories and writing. One day she notices that all the library books she has have been previously checked out by the same person: ""Seiji Amasawa.""","[""Animation"", ""Drama"", ""Family""]","[""Yoko Honna"", ""Issey Takahashi"", ""Takashi Tachibana"", ""Shigeru Muroi"", ""Minami Takayama"", ""Mayumi Izuka"", ""Yorie Yamashita"", ""Keiju Kobayashi""]","[""Yoshifumi Kondo""]","[""dreams"", ""library"", ""italy"", ""violin"", ""writing"", ""education"", ""love"", ""train"", ""based on manga"", ""cartoon cat"", ""high school student"", ""nostalgic"", ""violin maker"", ""grade"", ""shoujo"", ""anime"", ""japanese junior high schooler"", ""whimsical""]",1995-07-15,/5FROLD8zpWFs9ja7aYho1uOMJHg.jpg,7.9,2245,6.4065,ja,2026-04-02T18:20:25.486471
811941,Devara: Part 1,Devara: Part 1,"Devara, a fearless man from a coastal region, embarks on a perilous journey into the treacherous world of the sea to safeguard the lives of his people. Unbeknownst to him, his brother Bhaira is plotting a conspiracy against him. As events unfold, Devara passes on his legacy to his mild-mannered and timid son, Varada.","[""Action"", ""Drama""]","[""N.T. Rama Rao Jr."", ""Saif Ali Khan"", ""Prakash Raj"", ""Srikanth"", ""Kalaiyarasan"", ""Shruti Marathe"", ""Janhvi Kapoor"", ""Shine Tom Chacko""]","[""Koratala Siva""]","[""sea"", ""ship"", ""red sea"", ""boat"", ""fear"", ""battle"", ""unassuming"", ""swords"", ""ships"", ""violence"", ""boats""]",2024-09-26,/lQfuaXjANoTsdx5iS0gCXlK9D2L.jpg,6.9,212,5.4922,te,2026-04-02T18:20:25.764675
935,Dr. Strangelove or: How I Learned to Stop Worrying and Love the Bomb,Dr. Strangelove or: How I Learned to Stop Worrying and Love the Bomb,"After the insane General Jack D. Ripper initiates a nuclear strike on the Soviet Union, a war room full of politicians, generals and a Russian diplomat all frantically try to stop it.","[""Comedy"", ""War""]","[""Peter Sellers"", ""George C. Scott"", ""Sterling Hayden"", ""Keenan Wynn"", ""Slim Pickens"", ""Peter Bull"", ""James Earl Jones"", ""Tracy Reed""]","[""Stanley Kubrick""]","[""usa president"", ""general"", ""cold war"", ""strategic air command"", ""dark comedy"", ""nuclear missile"", ""satire"", ""black and white"", ""cynical"", ""war room"", ""bomber pilot"", ""nuclear weapons"", ""ex-nazi"", ""anti war"", ""doomsday device"", ""absurdism"", ""satirical"", ""hilarious"", ""audacious"", ""farcical""]",1964-01-29,/6x7MzQ6BOMlRzam1StcmPO9v61g.jpg,8.124,6090,4.4162,en,2026-04-02T18:20:26.158427
1364904,A Useful Ghost,ผีใช้ได้ค่ะ,"Worried about her husband being allergic to dust, Nat, a recently-dead woman, returns as a ghost possessing a vacuum cleaner to clean the house and protect her family from other vengeful ghosts in the house. To become a useful ghost, she needs to get rid of the useless ones.","[""Comedy"", ""Drama"", ""Fantasy""]","[""Davika Hoorne"", ""Witsarut Himmarat"", ""Apasiri Nitibhon"", ""Wanlop Rungkumjad"", ""Wisarut Homhuan"", ""Gandhi\u200b Wasuvitchayagit"", ""Ornanong Thaisriwong"", ""Kritpahat Srimangkornkaew""]","[""Ratchapoom Boonbunchachoke""]","[""dark comedy"", ""mysterious"", ""political history"", ""ladyboy"", ""mischievous"", ""playful"", ""thailand protest"", ""hilarious"", ""inflammatory"", ""powerful"", ""thailand history"", ""black comedy""]",2025-08-27,/ysCOASLn8SaiFYWZYqNLTdO97NQ.jpg,6.3,25,4.5874,th,2026-04-02T18:20:26.567942
811944,Game Changer,గేమ్‌ ఛేంజర్‌,"Ram, a newly appointed district collector, takes charge in a city in Andhra Pradesh and immediately confronts the deeply entrenched corruption and inefficiency plaguing the government. Determined to bring reforms, he initiates sweeping changes, sparking a fierce conflict with a powerful state Minister.","[""Action"", ""Drama""]","[""Ram Charan"", ""Anjali"", ""Kiara Advani"", ""S. J. Suryah"", ""Srikanth"", ""Jayaram"", ""Samuthirakani"", ""Sunil Varma""]","[""Shankar""]","[""bureaucrat"", ""anti-corruption""]",2025-01-09,/qtOGsZoLW7QceqKmsOy5nSM6Aik.jpg,4.7,24,1.9184,te,2026-04-02T18:20:26.910667
811942,Bheemla Nayak,భీమ్లా నాయక్‌,A sub-inspector and the egoistic son of an ex-MP get in an egotistical war when the former arrests the latter for bringing in liquor from Telangana to AP.,"[""Action"", ""Drama"", ""Thriller""]","[""Pawan Kalyan"", ""Rana Daggubati"", ""Samuthirakani"", ""Murali Sharma"", ""Nithya Menen"", ""Samyuktha"", ""Rao Ramesh"", ""Shatru""]","[""Sagar Chandra""]",[],2022-02-25,/14KeWSkgzTbfJmmD4bXT9mwkaYz.jpg,5.7,19,1.6534,te,2026-04-02T18:20:27.298895
811945,HIT: The 2nd Case,హిట్: ది సెకండ్ కేస్,"Krishna Dev aka KD, a laidback cop working in Andhra Pradesh State HIT, takes on a gruesome murder case. As KD unravels the layers of the crime, the stakes rise unbelievably high and the threat comes unusually close.","[""Crime"", ""Thriller"", ""Action""]","[""Adivi Sesh"", ""Meenakshi Chaudhary"", ""Komalee Prasad"", ""Maganti Srinath"", ""Rao Ramesh"", ""Suhas"", ""Divya Narni"", ""Tanikella Bharani""]","[""Sailesh Kolanu""]",[],2022-12-01,/tidXGOilCSa5sch1KGiEXrWeYCf.jpg,6.9,42,1.3583,te,2026-04-02T18:20:27.569069
80805,Simhadri,సింహాద్రి,"Simhadri, a loyal servant in a landlord's house, leads a secret life as Singamalai, a powerful leader in the state of Kerala.","[""Action"", ""Drama""]","[""N.T. Rama Rao Jr."", ""Bhumika Chawla"", ""Ankitha"", ""Kota Srinivasa Rao"", ""Brahmanandam"", ""Nassar"", ""Sharat Saxena"", ""Mukesh Rishi""]","[""S. S. Rajamouli""]",[],2003-07-09,/pTzdNOtWSXB32OGPCI5ayE4NgiX.jpg,6.4,16,0.9523,te,2026-04-02T18:20:28.092300
283566,Evangelion: 3.0+1.0 Thrice Upon a Time,シン・エヴァンゲリオン劇場版:||,"In the aftermath of the Fourth Impact, stranded without their Evangelions, Shinji, Asuka and Rei find refuge in one of the rare pockets of humanity that still exist on the ruined planet Earth. There, each lives a life far different from their days as an Evangelion pilot. However, the danger to the world is far from over. A new impact is looming on the horizon—one that will prove to be the true end of Evangelion.","[""Animation"", ""Action"", ""Science Fiction"", ""Drama""]","[""Megumi Ogata"", ""Yuko Miyamura"", ""Maaya Sakamoto"", ""Megumi Hayashibara"", ""Kotono Mitsuishi"", ""Yuriko Yamaguchi"", ""Tomokazu Seki"", ""Tetsuya Iwanaga""]","[""Kazuya Tsurumaki"", ""Mahiro Maeda"", ""Katsuichi Nakayama"", ""Hideaki Anno""]","[""technology"", ""dystopia"", ""post-apocalyptic future"", ""mecha"", ""giant robot"", ""battle"", ""anime"", ""father son conflict"", ""based on tv series"", ""bold""]",2021-03-08,/md5wZRRj8biHrGtyitgBZo7674t.jpg,8.206,929,7.4599,ja,2026-04-02T18:20:28.501883
1596335,The AI Doc: Or How I Became an Apocaloptimist,The AI Doc: Or How I Became an Apocaloptimist,"A father-to-be tries to figure out what is happening with all this AI insanity, and explores the most powerful technology humanity has ever created... and what's at stake if we get it wrong.","[""Documentary""]","[""Daniel Roher"", ""Sam Altman"", ""Daniela Amodei"", ""Dario Amodei"", ""Emily M. Bender"", ""Yoshua Bengio"", ""Liv Boeree"", ""Ajeya Cotra""]","[""Daniel Roher"", ""Charlie Tyrell""]","[""artificial intelligence (a.i.)""]",2026-03-27,/A610QT1gWjhJ1dJrXP9qMm4JMLr.jpg,8.0,2,9.0302,en,2026-04-02T18:20:28.900308
457648,Radha,రాధ,"Radha Krishna, a young boy gets inspired to become a police officer following his belief that Lord Krishna rescued him in the avatar of a cop when he was a child, and does so. Radha Krishna is transferred to Hyderabad, where a bomb goes off at politician Sujatha's election campaign. Radha vows to take revenge, only to discover that all is not what it seems.","[""Action"", ""Comedy"", ""Romance""]","[""Sharwanand"", ""Ravi Kishan"", ""Lavanya Tripathi"", ""Aksha Pardasany"", ""Saptagiri"", ""Ashish Vidhyarthi"", ""Kota Srinivasa Rao"", ""Tanikella Bharani""]","[""Chandra Mohan Chintada""]",[],2017-05-12,/wC3PzIc8Xu2yusQBiNQsbAuJhfn.jpg,5.4,8,1.422,te,2026-04-02T18:20:29.420686
1223601,Sisu: Road to Revenge,Sisu 2,"Returning to the house where his family was brutally murdered during the war, ""the man who refuses to die"" dismantles it, loads it on a truck, and is determined to rebuild it somewhere safe in their honor. When the commander who killed his family comes back hellbent on finishing the job, a relentless, eye-popping cross-country chase ensues.","[""Action"", ""War""]","[""Jorma Tommila"", ""Stephen Lang"", ""Richard Brake"", ""Tommi Korpela"", ""Kaspar Velberg"", ""P\u00e4\u00e4ru Oja"", ""Erki Laur"", ""Maksim Demidov""]","[""Jalmari Helander""]","[""sequel"", ""karelia"", ""venganza"", ""secuela""]",2025-10-21,/jNsttCWZyPtW66MjhUozBzVsRb7.jpg,7.344,633,19.8894,fi,2026-04-02T18:20:29.832865
1401778,Turbulence,Turbulence,"Young married couple Zach and Emmy decide to take a hot air balloon trip across the Italian Dolomites to rekindle their relationship. When they and pilot Harry are joined by a third passenger, Julia, events unfold in ways they could never imagine five thousand meters in the air.","[""Thriller"", ""Action"", ""Adventure"", ""Drama"", ""Fantasy""]","[""Jeremy Irvine"", ""Olga Kurylenko"", ""Kelsey Grammer"", ""Hera Hilmar"", ""Lionel Robert Blanc"", ""Stuart Whelan"", ""Elena Bushueva"", ""Kevin Jarvis""]","[""Claudio F\u00e4h""]","[""italy"", ""married couple"", ""pilot"", ""hot air balloon"", ""couple"", ""dolomites"", ""survival thriller""]",2025-11-26,/jRuiKL4S9UpLma2ZlM47xIu2gbe.jpg,6.188,88,24.4423,en,2026-04-02T18:20:30.138736
1088434,Hellfire,Hellfire,A drifter with a mysterious past arrives in a small town and finds the residents in the grip of a ruthless crime boss and realizes he has to help them.,"[""Action"", ""Thriller""]","[""Stephen Lang"", ""Harvey Keitel"", ""Scottie Thompson"", ""Dolph Lundgren"", ""Chris Mullinax"", ""Michael Sirow"", ""Johnny Yong Bosch"", ""Maurice Compte""]","[""Isaac Florentine""]",[],2026-02-05,/tQti9QTf13MfzNpXguijgNh7ojE.jpg,6.857,64,80.1513,en,2026-04-02T18:20:30.471422
842675,The Wandering Earth II,流浪地球2,"Humans built huge engines on the surface of the earth to find a new home. But the road to the universe is perilous. In order to save earth, young people once again have to step forward to start a race against time for life and death.","[""Science Fiction"", ""Action"", ""Adventure""]","[""Wu Jing"", ""Andy Lau"", ""Li Xuejian"", ""Sha Yi"", ""Ning Li"", ""Wang Zhi"", ""Zhu Yanmanzi"", ""Andy Friend""]","[""Frant Gwo""]","[""space travel"", ""space station"", ""earth in peril"", ""global threat"", ""giant engine"", ""global government"", ""admiring""]",2023-01-22,/jAZzFYS36UFT0SKhKVmEY7qShal.jpg,7.286,702,6.2424,zh,2026-04-02T18:20:31.095035
80826,Aadavari Matalaku Ardhalu Verule,ఆడవారి మాటాలకు అర్ధాలు వేరులే,"Ganesh, an unemployed man, lands up in a company where Keerthi, the girl he loves, works but who is already engaged to someone else. Sudden incidents ruin his life and he again comes across her, but refuses to marry her.","[""Romance"", ""Family"", ""Comedy"", ""Drama""]","[""Venkatesh"", ""Trisha Krishnan"", ""Srikanth"", ""Kota Srinivasa Rao"", ""K. Viswanath"", ""Sunil Varma"", ""Swathi Reddy"", ""Vinaya Prasad""]","[""Selvaraghavan""]",[],2007-04-27,/5ODOTnYdBPucewTglpjR3AvnxzG.jpg,6.7,19,1.0367,te,2026-04-02T18:20:31.499266
1315772,Minions & Monsters,Minions & Monsters,"This is the rambunctious, ridiculous and totally true story of how the Minions conquered Hollywood, became movie stars, lost everything, unleashed monsters onto the world and then banded together to try and save the planet from the mayhem they had just created.","[""Animation"", ""Family"", ""Comedy"", ""Adventure"", ""Fantasy""]","[""Pierre Coffin"", ""Allison Janney"", ""Christoph Waltz"", ""Jeff Bridges"", ""Jesse Eisenberg"", ""Trey Parker"", ""Zoey Deutch"", ""Bobby Moynihan""]","[""Pierre Coffin""]","[""sequel"", ""hollywood"", ""filmmaking"", ""monsters""]",2026-06-24,/s2IruLQG6577vX9SBMhuoEqK4WF.jpg,0.0,0,5.119,en,2026-04-02T18:20:31.905717
1360829,VIRGIN PUNK Clockwork Girl,ヴァージン・パンク Clockwork Girl,"In an unforgiving world, Ubu Kamigori hunts criminals as a bounty hunter. But one day, waiting in her home is the man she shares a sordid history with—Mr. Elegance. And so, her destiny begins to unravel.","[""Animation"", ""Action"", ""Science Fiction""]","[""Saki Miyashita"", ""Katsuyuki Konishi"", ""Taku Yashiro"", ""Rui Tanabe"", ""Norio Wakamoto"", ""Fuka Izumi"", ""Sumire Uesaka""]","[""Yasuomi Umetsu""]","[""android"", ""bounty hunter"", ""government"", ""technology"", ""distant future"", ""female protagonist"", ""mechanical"", ""anime"", ""superhuman abilities"", ""female bounty hunter"", ""bounty"", ""suspenseful"", ""crime"", ""bold""]",2025-06-27,/2Dn39hUknCFPcgNBk1YBeGdCDGx.jpg,6.5,4,7.2686,ja,2026-04-02T18:20:32.294874
1033148,Die My Love,Die My Love,"After inheriting a remote Montana house, Jackson moves there from New York with his partner Grace, and the couple soon welcome a child. As Jackson becomes increasingly absent and rural isolation sets in, Grace struggles with loneliness, creative frustration, and unresolved emotional wounds. What begins as an attempt at renewal gradually turns into an intense psychological descent, placing strain on their relationship and exposing the fragile balance between love, identity, and motherhood.","[""Drama""]","[""Jennifer Lawrence"", ""Robert Pattinson"", ""Sissy Spacek"", ""LaKeith Stanfield"", ""Nick Nolte"", ""Gabrielle Rose"", ""Clare Coulter"", ""Sarah Lind""]","[""Lynne Ramsay""]","[""husband wife relationship"", ""based on novel or book"", ""pregnancy"", ""dark comedy"", ""surrealism"", ""rural area"", ""female protagonist"", ""car accident"", ""mental illness"", ""barking dog"", ""woman director"", ""sexless marriage"", ""domesticity"", ""psychiatric treatment"", ""mother-in-law daughter-in-law relationship"", ""condescending"", ""mean spirited""]",2025-10-06,/kajpShbFhOdpl6yCrLezMrr9tB4.jpg,6.131,455,8.7309,en,2026-04-02T18:20:32.595958
1440700,Little Hearts,లిటిల్ హార్ట్స్,"Akhil, when failed in EAMCET exam, is forced into long-term coaching after heartbreak teaches him the difference between true and shallow love. At the center, he meets Katyayani and falls for her, only to be rejected for a strange reason. Determined not to lose her, his humorous and transformative journey to win her heart becomes the soul of the story.","[""Comedy"", ""Romance"", ""Drama""]","[""Mouli"", ""Shivani Nagaram"", ""Rajiv Kanakala"", ""S. S. Kanchi"", ""Anitha Chowdary"", ""Satya Krishnan"", ""Jai Krishna"", ""Nikhil Abburi""]","[""Sai Marthand""]",[],2025-09-05,/qDTHRLgYTUAZimgNsmG6t2Saabz.jpg,6.6,14,2.7365,te,2026-04-02T18:20:32.860860
799676,Shyam Singha Roy,శ్యామ్ సింగ రాయ్,"A young filmmaker is in a soup right when he’s about to find his footing in the film industry. When he sets out to find an answer, turns out it’s in the past.","[""Romance"", ""Thriller"", ""Drama""]","[""Nani"", ""Sai Pallavi"", ""Krithi Shetty"", ""Madonna Sebastian"", ""Murali Sharma"", ""Rahul Ravindran"", ""Abhinav Gomatam"", ""Ankith Koyya""]","[""Rahul Sankrityan""]",[],2021-12-24,/5C2wGMdwTQDUMIltYnn9qGrOs8w.jpg,6.8,42,1.7214,te,2026-04-02T18:20:33.243465
467905,How to Make a Killing,How to Make a Killing,"Disowned at birth by his obscenely wealthy family, blue-collar Becket Redfellow will stop at nothing to reclaim his inheritance, no matter how many relatives stand in his way.","[""Comedy"", ""Thriller""]","[""Glen Powell"", ""Margaret Qualley"", ""Jessica Henwick"", ""Ed Harris"", ""Bill Camp"", ""Topher Grace"", ""Zach Woods"", ""Bianca Amato""]","[""John Patton Ford""]","[""remake"", ""inheritance"", ""killing spree"", ""heir"", ""disowned"", ""revenge thriller"", ""family fortune"", ""black comedy""]",2026-02-19,/vxMeKC7o5Gi8IHMi6lUgsdprTqv.jpg,7.146,168,75.7644,en,2026-04-02T18:20:33.619372
1379266,Kokuho,国宝,"Nagasaki, 1964: Following the death of his yakuza father, 15-year-old Kikuo is taken under the wing of a famous kabuki actor. Alongside Shunsuke, the actor’s only son, he decides to dedicate himself to this traditional form of theatre. For decades, the two young men grow and evolve together – and one will become the greatest Japanese master of the art of kabuki.","[""Drama""]","[""Ryo Yoshizawa"", ""Ryusei Yokohama"", ""Mitsuki Takahata"", ""Shinobu Terajima"", ""Soya Kurokawa"", ""Keitatsu Koshiyama"", ""Min Tanaka"", ""Ken Watanabe""]","[""Sang-il Lee""]","[""rivalry"", ""cross dressing"", ""period drama"", ""gender roles"", ""lgbt"", ""kabuki"", ""1960s"", ""theater performance"", ""japanese culture"", ""nagasaki, japan"", ""festival ch\u00e9ries ch\u00e9ris""]",2025-06-06,/a15F5KJ4mleusJR1YKP4zUyZaxG.jpg,7.9,53,5.8987,ja,2026-04-02T18:20:34.009975
1500099,Versa,Versa,"A young couple looking to start a family who experience emotions—from grief and loss to ultimate joy—as they embark on an ethereal, abstract, and imaginative cosmic dance of life.","[""Animation"", ""Family"", ""Drama"", ""Fantasy""]",[],"[""Malcon Pierce""]","[""pregnancy"", ""loss"", ""grief"", ""child loss"", ""acceptance"", ""loss of child"", ""celestial""]",2025-04-15,/p2zKN6Ic81C1UbLbnak4dZ2wABl.jpg,7.75,10,12.8079,en,2026-04-02T18:20:34.456030
459713,Mahanati,మహానటి,"Mahanati depicts the life and career of one of Telugu cinema's greatest and most iconic starlets, the first Indian female super star, Savitri.","[""Drama"", ""History""]","[""Keerthy Suresh"", ""Dulquer Salmaan"", ""Samantha Ruth Prabhu"", ""Vijay Deverakonda"", ""Prakash Raj"", ""Shalini Pandey"", ""Mohan Babu"", ""Radha Krishna Jagarlamudi""]","[""Nag Ashwin""]","[""biography"", ""autobiography"", ""crying"", ""director"", ""secret marriage"", ""savitri"", ""love marriage""]",2018-05-09,/5hwtlwoLdSpkoeusT0sf8qW5VFB.jpg,7.6,57,1.4823,te,2026-04-02T18:20:34.953064
1637319,Hannah Montana 20th Anniversary Special,Hannah Montana 20th Anniversary Special,"Filmed in front of a live studio audience and hosted by Alex Cooper of 'Call Her Daddy' fame, Miley Cyrus reflects on the creation and impact of the series, with never-before-seen archival footage, and some of the show's most memorable sets will be 'brought back to life' — including the Stewart family living room and the legendary Hannah Montana closet.","[""Documentary"", ""Music""]","[""Miley Cyrus"", ""Alex Cooper"", ""Tish Cyrus"", ""Billy Ray Cyrus"", ""Selena Gomez"", ""Jamal Sims"", ""Chappell Roan"", ""Noah Cyrus""]","[""Sam Wrench""]","[""behind the scenes"", ""live studio audience"", ""tv special"", ""tv show"", ""live musical performance"", ""anniversary concert""]",2026-03-23,/2BZ0bij5ORSvfDepCDD8CqVcpaG.jpg,7.111,54,27.2016,en,2026-04-02T18:20:35.342558
986056,Thunderbolts*,Thunderbolts*,"After finding themselves ensnared in a death trap, seven disillusioned castoffs must embark on a dangerous mission that will force them to confront the darkest corners of their pasts.","[""Action"", ""Science Fiction"", ""Adventure""]","[""Florence Pugh"", ""Sebastian Stan"", ""Julia Louis-Dreyfus"", ""Lewis Pullman"", ""David Harbour"", ""Wyatt Russell"", ""Hannah John-Kamen"", ""Olga Kurylenko""]","[""Jake Schreier""]","[""new york city"", ""superhero"", ""villain"", ""based on comic"", ""super power"", ""mental health"", ""aftercreditsstinger"", ""duringcreditsstinger"", ""marvel cinematic universe (mcu)"", ""congressman"", ""vexed"", ""father daughter relationship"", ""impeachment"", ""survivor's guilt"", ""antihero"", ""ragtag"", ""band of misfits"", ""wry""]",2025-04-30,/hqcexYHbiTBfDIdDWxrxPtVndBX.jpg,7.289,3345,21.2339,en,2026-04-02T18:20:36.026419
701387,Bugonia,Bugonia,"Two conspiracy obsessed young men kidnap the high-powered CEO of a major company, convinced that she is an alien intent on destroying planet Earth.","[""Science Fiction"", ""Thriller"", ""Comedy""]","[""Emma Stone"", ""Jesse Plemons"", ""Aidan Delbis"", ""Stavros Halkias"", ""Alicia Silverstone"", ""J. Carmen Galindez Barrera"", ""Marc T. Lewis"", ""Vanessa Eng""]","[""Yorgos Lanthimos""]","[""saving the world"", ""capitalism"", ""kidnapping"", ""paranoia"", ""delusion"", ""symbolism"", ""dark comedy"", ""satire"", ""alien"", ""remake"", ""extraterrestrial"", ""alien invasion"", ""power politics"", ""mental illness"", ""shocking"", ""hierarchy"", ""global threat"", ""absurdism"", ""political conflict"", ""alien conspiracy""]",2025-10-23,/oxgsAQDAAxA92mFGYCZllgWkH9J.jpg,7.363,1713,13.1136,en,2026-04-02T18:20:36.575144
1635276,Eat Pray Bark,Eat Pray Bark,"In this tumultuous comedy, five eccentric dog owners seek help in dealing with their four-legged friends. Their last hope: an intensive course with the charismatic and legendary dog trainer Nodon in the Tyrolean mountains.","[""Comedy""]","[""Alexandra Maria Lara"", ""R\u00farik G\u00edslason"", ""Devid Striesow"", ""Anna Herrmann"", ""Do\u011fa G\u00fcrer"", ""Kerim Waller"", ""Bill Kaulitz"", ""Brigitte Kren""]","[""Marco Petry""]",[],2026-04-01,/ryCpIJcmV14DSijeqp1rofjFeAU.jpg,6.4,9,0.7917,de,2026-04-02T18:20:36.997651
19404,Dilwale Dulhania Le Jayenge,दिलवाले दुल्हनिया ले जायेंगे,"Raj is a rich, carefree, happy-go-lucky second generation NRI. Simran is the daughter of Chaudhary Baldev Singh, who in spite of being an NRI is very strict about adherence to Indian values. Simran has left for India to be married to her childhood fiancé. Raj leaves for India with a mission at his hands, to claim his lady love under the noses of her whole family. Thus begins a saga.","[""Comedy"", ""Drama"", ""Romance""]","[""Kajol"", ""Shah Rukh Khan"", ""Amrish Puri"", ""Farida Jalal"", ""Anupam Kher"", ""Pooja Ruparel"", ""Parmeet Sethi"", ""Satish Shah""]","[""Aditya Chopra""]","[""family's daily life"", ""family history"", ""love-hate relationship"", ""family drama"", ""love affair"", ""curious"", ""casual""]",1995-10-20,/2CAL2433ZeIihfX1Hb2139CX0pW.jpg,8.5,4567,10.4,hi,2026-04-02T18:20:37.510553
1354700,The Ghost Game,강령: 귀신놀이,"Aspiring YouTuber Gi-ho stages a fake seance for viral content, but Ja-young joins, seeking her missing sister Seo-woo. In an underground cistern, Seo-woo volunteers as the ""possessed,"" but when she collapses, terror unfolds. Trapped with sinister forces, the students face a deadly fate, leading to a shocking twist.","[""Horror"", ""Mystery"", ""Thriller""]","[""YERI"", ""Lee Chan-hyeong"", ""Suh Dong-hyun"", ""Oh So-hyun"", ""Kim Eun-bi"", ""Park Seo-yeon""]","[""Son Dong-wan""]",[],2025-08-06,/6uF6PnY1gWNmDkAMYO1qhgdgozM.jpg,6.7,27,5.1396,ko,2026-04-02T18:20:37.984050
975,Paths of Glory,Paths of Glory,A commanding officer defends three scapegoats on trial for a failed offensive that occurred within the French Army in 1916.,"[""War"", ""Drama""]","[""Kirk Douglas"", ""Ralph Meeker"", ""Adolphe Menjou"", ""George Macready"", ""Wayne Morris"", ""Richard Anderson"", ""Joe Turkel"", ""Christiane Kubrick""]","[""Stanley Kubrick""]","[""army"", ""france"", ""based on novel or book"", ""general"", ""germany"", ""world war i"", ""patriotism"", ""cowardice"", ""idealism"", ""idealist"", ""black and white"", ""soldier"", ""anti war"", ""1910s"", ""war"", ""fighting the system"", ""psychological drama"", ""excited"", ""primeira guerra mundial""]",1957-10-25,/tJXwtzOSNUC8dxJfrdvkNtGrrgW.jpg,8.255,3233,6.7731,en,2026-04-02T18:20:38.450618
11216,Cinema Paradiso,Nuovo Cinema Paradiso,"A filmmaker recalls his childhood, when he fell in love with the movies at his village's theater and formed a deep friendship with the theater's projectionist.","[""Drama"", ""Romance""]","[""Philippe Noiret"", ""Jacques Perrin"", ""Marco Leonardi"", ""Salvatore Cascio"", ""Agnese Nano"", ""Antonella Attili"", ""Pupella Maggio"", ""Enzo Cannavale""]","[""Giuseppe Tornatore""]","[""parent child relationship"", ""sicily, italy"", ""movie business"", ""kiss"", ""coming of age"", ""flashback"", ""magic realism"", ""haunted by the past"", ""censorship"", ""nuovo cinema paradiso"", ""movie theater""]",1988-11-17,/gCI2AeMV4IHSewhJkzsur5MEp6R.jpg,8.425,4766,9.4018,it,2026-04-02T18:20:38.843513
969681,Spider-Man: Brand New Day,Spider-Man: Brand New Day,"Four years have passed since the events of No Way Home, and Peter is now an adult living entirely alone, having voluntarily erased himself from the lives and memories of those he loves. Crime-fighting in a New York that no longer knows his name, he's devoted himself entirely to protecting his city — a full-time Spider-Man — but as the demands on him intensify, the pressure sparks a surprising physical evolution that threatens his existence, even as a strange new pattern of crimes gives rise to one of the most powerful threats he has ever faced.","[""Science Fiction"", ""Action"", ""Adventure""]","[""Tom Holland"", ""Zendaya"", ""Sadie Sink"", ""Jacob Batalon"", ""Jon Bernthal"", ""Tramell Tillman"", ""Michael Mando"", ""Mark Ruffalo""]","[""Destin Daniel Cretton""]","[""superhero"", ""based on comic"", ""super power"", ""marvel cinematic universe (mcu)"", ""masked superhero""]",2026-07-29,/ucQ0QBXXQPSxeUmWfh4YQenIuB9.jpg,0.0,0,26.6953,en,2026-04-02T18:20:39.315011
1194963,Noise,노이즈,"Ju-young is a young woman with a hearing impediment who decides to investigate her sister's inexplicable disappearance, last seen in her apartment. Feeling more and more cornered, Ju-young begins to hear strange sounds and sense an evil presence in the apartment.","[""Horror"", ""Thriller""]","[""Lee Sun-bin"", ""Kim Min-seok"", ""Jeon Ik-ryoung"", ""Ryu Kyung-soo"", ""Han Su-ah"", ""Baek Joo-hee"", ""Kim Gyeong-ryong"", ""Han Chul-woo""]","[""Kim Soo-jin""]","[""inter-floor noise""]",2025-06-25,/uU3NXe7QqjJNxVpYPdz8dscFWlj.jpg,6.672,58,5.6765,ko,2026-04-02T18:20:39.821919
803796,KPop Demon Hunters,KPop Demon Hunters,"When K-pop superstars Rumi, Mira and Zoey aren't selling out stadiums, they're using their secret powers to protect their fans from supernatural threats.","[""Fantasy"", ""Music"", ""Comedy"", ""Animation""]","[""Arden Cho"", ""May Hong"", ""Ji-young Yoo"", ""Ahn Hyo-seop"", ""Yunjin Kim"", ""Ken Jeong"", ""Lee Byung-hun"", ""Daniel Dae Kim""]","[""Chris Appelhans"", ""Maggie Kang""]","[""double life"", ""loyalty"", ""supernatural"", ""affectation"", ""musical"", ""female friendship"", ""female protagonist"", ""demon"", ""self-doubt"", ""sing-along"", ""girl power"", ""duringcreditsstinger"", ""demon hunter"", ""girl group"", ""boy band"", ""fandom"", ""k-pop"", ""action comedy"", ""found family"", ""south korea""]",2025-06-20,/zT7Lhw3BhJbMkRqm9Zlx2YGMsY0.jpg,8.03,2587,46.0299,en,2026-04-02T18:20:40.349774
508883,The Boy and the Heron,君たちはどう生きるか,"While the Second World War rages, the teenage Mahito, haunted by his mother's tragic death, is relocated from Tokyo to the serene rural home of his new stepmother Natsuko, a woman who bears a striking resemblance to the boy's mother. As he tries to adjust, this strange new world grows even stranger following the appearance of a persistent gray heron, who perplexes and bedevils Mahito, dubbing him the ""long-awaited one.""","[""Animation"", ""Adventure"", ""Fantasy"", ""Drama"", ""Family""]","[""Soma Santoki"", ""Masaki Suda"", ""Ko Shibasaki"", ""Aimyon"", ""Yoshino Kimura"", ""Takuya Kimura"", ""Keiko Takeshita"", ""Jun Fubuki""]","[""Hayao Miyazaki""]","[""loss of loved one"", ""world war ii"", ""supernatural"", ""education"", ""coming of age"", ""spirituality"", ""poverty"", ""teenage boy"", ""parallel world"", ""troubled childhood"", ""semi autobiographical"", ""based on myths, legends or folklore"", ""moving to a city"", ""1940s"", ""anime"", ""imaginative"", ""hand drawn animation"", ""magic world"", ""animation"", ""courage""]",2023-07-14,/4GKye5dR4uJyYbcyTveSue1gATD.jpg,7.406,2568,10.8131,ja,2026-04-02T18:20:40.772101
11220,Fallen Angels,墮落天使,"An assassin goes through obstacles as he attempts to escape his violent lifestyle despite the opposition of his partner, who is secretly attracted to him.","[""Action"", ""Romance"", ""Crime""]","[""Leon Lai Ming"", ""Michele Reis"", ""Takeshi Kaneshiro"", ""Charlie Yeung Choi-Nei"", ""Karen Mok Man-Wai"", ""Chan Man-Lei"", ""Toru Saito"", ""Benz Kong To-Hoi""]","[""Wong Kar-Wai""]","[""assassin"", ""hitman"", ""gambling"", ""cigarette"", ""surreal"", ""beer"", ""love"", ""hong kong"", ""drifter"", ""bullet wound"", ""killer"", ""masturbation"", ""infatuation"", ""ice cream truck"", ""mysterious"", ""calm"", ""relaxed"", ""romantic"", ""matador de aluguel""]",1995-09-06,/yyM9BPdwttK5LKZSLvHae7QPKo1.jpg,7.673,1269,6.2207,cn,2026-04-02T18:20:41.316186
1319895,Hostile Takeover,Hostile Takeover,"Follows Pete, a professional hitman, as he faces a group of assassins after the boss of a crime syndicate suspects disloyalty due to his attendance at Workaholics Anonymous meetings.","[""Action"", ""Comedy"", ""Thriller""]","[""Michael Jai White"", ""Aimee Stolte"", ""Dawn Olivieri"", ""Aleks Paunovic"", ""Benjamin Joel Arc\u00e9"", ""Alex Mallari Jr."", ""Damon Runyan"", ""Sala Baker""]","[""Michael Hamilton-Wright""]",[],2025-08-08,/AvAgo0AHVAFAPr0vZLAzHPq0ftL.jpg,6.971,69,10.1352,en,2026-04-02T18:20:41.809971
1262547,Subedaar,सूबेदार,"Haunted by loss and drifting away from his daughter, a retired Subedaar Arjun Maurya’s newly found civilian life is jolted by one reckless act. As old wounds reopen, he must summon the warrior within to face a new kind of war - one that hits too close to his heart.","[""Action"", ""Crime"", ""Drama""]","[""Anil Kapoor"", ""Radhikka Madan"", ""Aditya Rawal"", ""Saurabh Shukla"", ""Mona Singh"", ""Faisal Malik"", ""Khushboo"", ""Nana Patekar""]","[""Suresh Triveni""]",[],2026-03-05,/gKn63ZWEVK66OaC1svlI7g6r9ah.jpg,6.5,3,3.9985,hi,2026-04-02T18:20:42.327491
265177,Mommy,Mommy,"A peculiar neighbor offers hope to a recent widow who is struggling to raise a teenager who is unpredictable and, sometimes, violent.","[""Drama""]","[""Anne Dorval"", ""Suzanne Cl\u00e9ment"", ""Antoine Olivier Pilon"", ""Patrick Huard"", ""Alexandre Goyette"", ""Mich\u00e8le Lituac"", ""Viviane Pacal"", ""Natalie Hamel-Roy""]","[""Xavier Dolan""]","[""canada"", ""parent child relationship"", ""karaoke"", ""quebec"", ""dysfunctional family"", ""coming of age"", ""single mother"", ""juvenile delinquent"", ""mental illness"", ""dream sequence"", ""institutionalization"", ""oedipus complex"", ""behavioral disorders"", ""mother son relationship""]",2014-09-19,/uPDP0cHGOpkr47rdCdHWo4CyiPj.jpg,8.212,2829,4.011,fr,2026-04-02T18:20:43.046234
80856,Arjun,అర్జున్,A young man risks his life to guarantee his twin sister's happiness and protect her from murderous in-laws.,"[""Action"", ""Drama""]","[""Mahesh Babu"", ""Keerthi Reddy"", ""Shriya Saran"", ""Raja"", ""Prakash Raj"", ""Nassar"", ""Saritha"", ""Kalabhavan Mani""]","[""Gunasekhar""]","[""sibling relationship"", ""twin sister"", ""flashback"", ""family drama"", ""in-laws"", ""evil"", ""bloodshed"", ""moral dilemma"", ""brother sister relationship"", ""violence"", ""protective brother"", ""emotional struggle"", ""murderous family""]",2004-08-18,/q2teoYFPNUgQnClFoPRBOo0luio.jpg,5.571,14,0.9812,te,2026-04-02T18:20:43.431836
654299,Out of the Clear Blue Sky,Como caído del cielo,"Returning to Earth as an imitator, the legendary Mexican artist Pedro Infante must prove that he is no longer a womanizer to enter paradise.","[""Comedy"", ""Drama"", ""Music""]","[""Omar Chaparro"", ""Ana Claudia Talanc\u00f3n"", ""Stephanie Cayo"", ""Lupita Sandoval"", ""Yare Santana"", ""Ang\u00e9lica Mar\u00eda"", ""Manuel 'Flaco' Ib\u00e1\u00f1ez"", ""Alejandro Gasque""]","[""Pepe Boj\u00f3rquez""]",[],2019-12-24,/o9cSEHrXzPOO4OIoT9yrdxc216w.jpg,8.3,378,2.2718,es,2026-04-02T18:20:44.063897
1219548,The Physician II,Der Medicus II,"1050 AD: Robert Cole returns to England to bring the medical light of the Orient to his countrymen. But he fails because of the intrigues of the established London doctors, who feel threatened by the new knowledge. And it is not only the human body that is full of seemingly impenetrable secrets, the soul also holds its own mysteries.","[""Mystery"", ""Drama""]","[""Tom Payne"", ""Emily Cox"", ""Aidan Gillen"", ""\u00c1ine Rose Daly"", ""Owen Teale"", ""Liam Cunningham"", ""Emma Rigby"", ""Sara Kestelman""]","[""Philipp St\u00f6lzl""]","[""based on novel or book"", ""sequel"", ""historical drama"", ""11th century""]",2025-12-25,/2QUEFxTno1ztSOHyKJDfGuG5Rsl.jpg,6.4,10,2.7967,de,2026-04-02T18:20:44.679248
1440735,Couple Friendly,Couple Friendly,"After connecting on a rideshare app, a young couple struggling to achieve their respective dreams form a romantic connection.","[""Romance"", ""Drama""]","[""Santosh Shoban"", ""Manasa Varanasi"", ""Rajiv Kanakala"", ""Goparaju Ramana"", ""Sriranjini"", ""Yogi Babu"", ""Livingston"", ""Rishikanth""]","[""Ashwin Chandrasekar""]","[""live in relationship""]",2026-02-13,/kiKGBPQC6exxUbIrOMnDtuU4soC.jpg,7.5,5,1.1312,te,2026-04-02T18:20:45.074883
637920,Miracle in Cell No. 7,7. Koğuştaki Mucize,"Separated from his daughter, a father with an intellectual disability must prove his innocence when he is jailed for the death of a commander's child.","[""Drama""]","[""Aras Bulut Iynemli"", ""Nisa Sofiya Aksongur"", ""\u0130lker Aksum"", ""Mesut Akusta"", ""Y\u0131ld\u0131ray \u015eahinler"", ""Yurdaer Okur"", ""Sarp Akkaya"", ""Deniz Baysal""]","[""Mehmet Ada \u00d6ztekin""]","[""parent child relationship"", ""prison cell"", ""remake"", ""wrongful imprisonment"", ""based on movie"", ""mentally challenged""]",2019-10-10,/bOth4QmNyEkalwahfPCfiXjNh1r.jpg,8.3,4537,7.2839,tr,2026-04-02T18:20:45.467114
605153,Major,మేజర్,"This biopic follows the life of Indian Army officer Major Sandeep Unnikrishnan, from his childhood to his heroic actions during the 2008 Mumbai attacks.","[""Action"", ""History"", ""Drama""]","[""Adivi Sesh"", ""Saiee Manjrekar"", ""Sobhita Dhulipala"", ""Murali Sharma"", ""Prakash Raj"", ""Revathi"", ""Vinay Nallakadi"", ""Anish Kuruvilla""]","[""Sashi Kiran Tikka""]","[""hotel"", ""operation"", ""escape"", ""wife"", ""gun"", ""war on terror"", ""based on true story"", ""attack"", ""terrorism"", ""parent"", ""terrorist attack"", ""military"", ""2000s"", ""radical islam"", ""terror attack""]",2022-06-03,/sJOfJuyQVZPwNQ8g21Qv0lojQhC.jpg,6.988,41,1.5778,te,2026-04-02T18:20:45.734869
80864,Ashok,అశోక్,"A short-tempered man falls in love with a woman, who is also pursued by a gangster that wants to marry her. As the man sets out to take on the mighty mob, his estranged family gets drawn into the fight.","[""Drama"", ""Action"", ""Romance""]","[""N.T. Rama Rao Jr."", ""Sameera Reddy"", ""Prakash Raj"", ""Sonu Sood"", ""Rajiv Kanakala"", ""Vadivukarasi"", ""Rama Prabha"", ""Sudha""]","[""Surender Reddy""]",[],2006-07-13,/uQapGMmGJxZVz9Bm7d4WZ8A1pac.jpg,5.2,10,0.9825,te,2026-04-02T18:20:46.119093
1160164,TAYLOR SWIFT | THE ERAS TOUR,TAYLOR SWIFT | THE ERAS TOUR,"A concert film documenting Taylor Swift's record-breaking Eras Tour (2023-2024). Filmed during the Los Angeles shows, the film captures the tour's ten acts, each representing a different musical era from Swift's career. The film showcases over 40 songs, elaborate stage productions, and Swift's performance.","[""Music""]","[""Taylor Swift"", ""Mike Meadows"", ""Max Bernstein"", ""Paul Sidoti"", ""Amos Heller"", ""Matt Billingslea"", ""Karina DePiano"", ""Melanie Nyema""]","[""Sam Wrench""]","[""musician"", ""live performance"", ""pop music"", ""concert film"", ""singer-songwriter"", ""aftercreditsstinger"", ""duringcreditsstinger"", ""amused"", ""cheerful""]",2023-10-13,/jf3YO8hOqGHCupsREf5qymYq1n.jpg,8.207,512,3.5765,en,2026-04-02T18:20:46.633864
1287141,Pillion,Pillion,"Colin, a timid gay man, is swept off his feet when Ray, an enigmatic and impossibly handsome biker, takes him on as his submissive in a crazy and erotic BDSM-focused relationship.","[""Romance"", ""Drama"", ""Comedy""]","[""Harry Melling"", ""Alexander Skarsg\u00e5rd"", ""Lesley Sharp"", ""Douglas Hodge"", ""Jake Shears"", ""Mat Hill"", ""Nick Figgis"", ""Zoe Engerer""]","[""Harry Lighton""]","[""based on novel or book"", ""dark comedy"", ""biker"", ""male homosexuality"", ""devotion"", ""bdsm"", ""lgbt"", ""submission"", ""dominance submissiveness"", ""biker band"", ""barbershop quartet"", ""gay theme"", ""s&m"", ""biker gang"", ""kent"", ""black comedy""]",2025-11-28,/7Pd6ChSQjSXy4snJiorSdzg2cG3.jpg,6.284,148,10.8619,en,2026-04-02T18:20:46.925344
531428,Portrait of a Lady on Fire,Portrait de la jeune fille en feu,"On an isolated island in Brittany at the end of the eighteenth century, a female painter is obliged to paint a wedding portrait of a young woman.","[""Drama"", ""Romance""]","[""No\u00e9mie Merlant"", ""Ad\u00e8le Haenel"", ""Lu\u00e0na Bajrami"", ""Valeria Golino"", ""Christel Baras"", ""Armande Boulanger"", ""Guy Delamarche"", ""Cl\u00e9ment Bouyssou""]","[""C\u00e9line Sciamma""]","[""island"", ""fire"", ""beach"", ""arranged marriage"", ""classical music"", ""painting"", ""painter"", ""greek mythology"", ""lesbian relationship"", ""person on fire"", ""period drama"", ""lesbian sex"", ""portrait"", ""lgbt"", ""18th century"", ""woman director"", ""abortion"", ""portrait drawing"", ""posing for a portrait"", ""women gathering""]",2019-09-06,/2LquGwEhbg3soxSCs9VNyh5VJd9.jpg,8.101,2887,6.5847,fr,2026-04-02T18:20:47.358179
1455079,"You, Me & Tuscany","You, Me & Tuscany",A free-spirited American chef and reserved British lawyer embark on a whirlwind romance during a destination wedding in coastal Italy.,"[""Romance"", ""Comedy""]","[""Halle Bailey"", ""Reg\u00e9-Jean Page"", ""Marco Calvani"", ""Aziza Scott"", ""Lorenzo de Moor"", ""Isabella Ferrari"", ""Nia Vardalos""]","[""Kat Coiro""]","[""villa"", ""italy"", ""romcom"", ""squatter"", ""tuscany, italy""]",2026-04-09,/mJS0IF7Af3WpPRhSTDT6rGpiLzw.jpg,0.0,0,4.4237,en,2026-04-02T18:20:47.955556
996,Double Indemnity,Double Indemnity,"An insurance representative is seduced by a dissatisfied housewife into a scheme of insurance fraud and murder that arouses the suspicion of his colleague, a claims investigator.","[""Crime"", ""Thriller""]","[""Fred MacMurray"", ""Barbara Stanwyck"", ""Edward G. Robinson"", ""Porter Hall"", ""Jean Heather"", ""Tom Powers"", ""Byron Barr"", ""Richard Gaines""]","[""Billy Wilder""]","[""insurance fraud"", ""femme fatale"", ""film noir"", ""murder"", ""life insurance"", ""black and white"", ""insurance agent"", ""insurance policy"", ""duplicity"", ""murder plot"", ""scheming wife"", ""excited"", ""adult\u00e9rio"", ""trai\u00e7\u00e3o"", ""corretor de seguros"", ""seguro""]",1944-07-06,/rVNYZZgfhwqVMMWlBmxOfWqnwCj.jpg,8.093,2000,2.4751,en,2026-04-02T18:20:48.349062
1178602,Miroirs No. 3,Miroirs No. 3,"On a weekend trip to the countryside, Laura miraculously survives a car crash. Physically unhurt but deeply shaken, she is taken in by a local woman who witnessed the accident and now cares for Laura with motherly devotion. When her husband and adult son also give up their initial resistance to Laura's presence, the four of them slowly build up some family-like routine. But soon they can no longer ignore their past...","[""Drama""]","[""Paula Beer"", ""Barbara Auer"", ""Matthias Brandt"", ""Enno Trebs"", ""Philip Froissant"", ""Victoire Laly"", ""Marcel Heupermann"", ""Christian Koerner""]","[""Christian Petzold""]","[""countryside"", ""car accident"", ""pianist"", ""female pianist"", ""german family"", ""rural setting"", ""piano player"", ""overcoming loss"", ""melancholia and loss""]",2025-08-27,/dNzLDieAVlX3So2Qs2XSAOUmvxM.jpg,6.438,32,1.6985,de,2026-04-02T18:20:48.799840
1633264,Louis Theroux: Inside the Manosphere,Louis Theroux: Inside the Manosphere,"With rare access and no holds barred, the acclaimed documentarian investigates a growing ultra-masculine network and its controversial influencers.","[""Documentary""]","[""Louis Theroux"", ""HSTikkyTokky"", ""Myron Gaines"", ""Sneako"", ""Justin Waller"", ""Ed Matthews"", ""Elaine Sullivan"", ""Kacey May""]","[""Adrian Choa""]","[""machismo"", ""social documentary"", ""social network"", ""macho man"", ""male domination"", ""bad influence"", ""social decay"", ""social & cultural documentary"", ""social media influencer"", ""male male relationship"", ""social acceptance"", ""maleficent"", ""social dynamics"", ""influencers""]",2026-03-10,/ouOvRvsgF37yEx3D6ZLWyuxZFjE.jpg,6.589,73,8.1705,en,2026-04-02T18:20:49.190205
639988,No Other Choice,어쩔수가없다,"After being laid off and humiliated by a ruthless job market, a veteran paper mill manager descends into violence in a desperate bid to reclaim his dignity.","[""Comedy"", ""Crime"", ""Thriller""]","[""Lee Byung-hun"", ""Son Ye-jin"", ""Park Hee-soon"", ""Lee Sung-min"", ""Yeom Hye-ran"", ""Cha Seung-won"", ""Kim Woo-seung"", ""Choi So-yul""]","[""Park Chan-wook""]","[""based on novel or book"", ""remake"", ""blunt"", ""unemployment"", ""paper industry"", ""unemployed"", ""devoted family man"", ""hilarious"", ""defiant"", ""horrified"", ""black comedy""]",2025-09-24,/sBpxTGLzKnvPSVtL5yQYpSxvKEb.jpg,7.6,878,16.3805,ko,2026-04-02T18:20:49.697732
1035259,The Naked Gun,The Naked Gun,"Only one man has the particular set of skills... to lead Police Squad and save the world: Lt. Frank Drebin Jr. Following in his father's footsteps, he must solve a murder case to prevent Police Squad from closure.","[""Action"", ""Comedy"", ""Crime""]","[""Liam Neeson"", ""Pamela Anderson"", ""Paul Walter Hauser"", ""Danny Huston"", ""CCH Pounder"", ""Kevin Durand"", ""Liza Koshy"", ""Eddie Yu""]","[""Akiva Schaffer""]","[""sequel"", ""slapstick comedy"", ""spoof"", ""reboot"", ""aftercreditsstinger"", ""duringcreditsstinger"", ""action comedy"", ""amused""]",2025-07-30,/rwla9vqzrKVVKVKiOuROTIXGsxj.jpg,6.354,1573,13.7216,en,2026-04-02T18:20:50.121794
402431,Wicked,Wicked,"In the land of Oz, ostracized and misunderstood green-skinned Elphaba is forced to share a room with the popular aristocrat Glinda at Shiz University, and the two's unlikely friendship is tested as they begin to fulfill their respective destinies as Glinda the Good and the Wicked Witch of the West.","[""Drama"", ""Romance"", ""Fantasy""]","[""Cynthia Erivo"", ""Ariana Grande"", ""Michelle Yeoh"", ""Jonathan Bailey"", ""Ethan Slater"", ""Marissa Bode"", ""Jeff Goldblum"", ""Peter Dinklage""]","[""Jon M. Chu""]","[""witch"", ""dancing"", ""based on novel or book"", ""college"", ""wish"", ""musical"", ""female friendship"", ""bullying"", ""based on play or musical"", ""celebrity"", ""prequel"", ""singer"", ""singing"", ""corrupt politician"", ""death in childbirth"", ""fantasy world"", ""wizard"", ""gravity"", ""discrimination"", ""ostracism""]",2024-10-16,/xDGbZ0JJ3mYaGKy4Nzd9Kph6M9L.jpg,6.909,2941,27.7895,en,2026-04-02T18:20:50.584708
592898,Jersey,జెర్సీ,"After his career fails to take off, a gifted cricketer in his mid-thirties decides that he’s not ready to give up quite yet.","[""Drama""]","[""Nani"", ""Shraddha Srinath"", ""Ronit Kamra"", ""Harish Kalyan"", ""Viswant Duddumpudi"", ""Sathyaraj"", ""Sanusha Santhosh"", ""Sampath Raj""]","[""Gowtam Tinnanuri""]","[""cricket"", ""indian cricket team""]",2019-04-19,/bU9q9yVtxeBiC0Do27CekHXNE6D.jpg,8.1,70,1.0103,te,2026-04-02T18:20:51.022714
1272837,28 Years Later: The Bone Temple,28 Years Later: The Bone Temple,Dr. Kelson finds himself in a shocking new relationship - with consequences that could change the world as they know it - and Spike's encounter with Jimmy Crystal becomes a nightmare he can't escape.,"[""Horror"", ""Thriller"", ""Science Fiction""]","[""Ralph Fiennes"", ""Jack O'Connell"", ""Alfie Williams"", ""Erin Kellyman"", ""Chi Lewis-Parry"", ""Emma Laird"", ""Sam Locke"", ""Connor Newall""]","[""Nia DaCosta""]","[""england"", ""post-apocalyptic future"", ""satanism"", ""satanist"", ""sequel"", ""satan"", ""survival"", ""zombie"", ""death"", ""crucifix"", ""survival horror"", ""satanic cult"", ""zombie apocalypse"", ""northumberland""]",2026-01-14,/kK1BGkG3KAvWB0WMV1DfOx9yTMZ.jpg,7.168,925,48.642,en,2026-04-02T18:20:51.574994
1461254,Salmokji: Whispering Water,살목지,"An unidentified figure is captured in a street-view image of Salmokji, a remote reservoir. A reshoot is required to contain the situation—but a sense of dread surrounds the location, and no one is eager to return. Despite the unease, Su-in leads the crew in place of her senior colleague, who previously vanished after visiting the area. The shoot quickly begins to unravel as crew members experience disturbing phenomena that defy explanation. As the deep end of Salmokji reveals traces of something lurking beneath the surface, the team is forced to confront a presence that refuses to remain unseen—and a truth that should have never been surfaced.","[""Horror""]","[""Kim Hye-yoon"", ""Lee Jong-won"", ""Kim Jun-han"", ""Kim Young-sung"", ""Oh Dong-min"", ""Yoon Jae-chan"", ""Jang Da-a""]","[""Lee Sang-min""]",[],2026-04-08,/bOl0rJ86WWxVYlQlGttHhHuYiPQ.jpg,0.0,0,1.773,ko,2026-04-02T18:20:52.047612
533514,Violet Evergarden: The Movie,劇場版 ヴァイオレット・エヴァーガーデン,"As the world moves on from the war and technological advances bring changes to her life, Violet still hopes to see her lost commanding officer again.","[""Animation"", ""Drama"", ""Fantasy"", ""Romance""]","[""Yui Ishikawa"", ""Daisuke Namikawa"", ""Takehito Koyasu"", ""Hidenobu Kiuchi"", ""Haruka Tomatsu"", ""Koki Uchiyama"", ""Aya Endo"", ""Minori Chihara""]","[""Taichi Ishidate""]","[""letter"", ""sequel"", ""slice of life"", ""steampunk"", ""doll"", ""missing person"", ""post war"", ""military"", ""anime"", ""time skip"", ""sick boy"", ""based on light novel""]",2020-09-18,/bajajkoErDst0JxdFyBkABiF9rW.jpg,8.299,495,8.174,ja,2026-04-02T18:20:52.447436
3082,Modern Times,Modern Times,"A bumbling tramp desires to build a home with a young woman, yet is thwarted time and time again by his lack of experience and habit of being in the wrong place at the wrong time..","[""Comedy"", ""Drama"", ""Romance""]","[""Charlie Chaplin"", ""Paulette Goddard"", ""Henry Bergman"", ""Tiny Sandford"", ""Chester Conklin"", ""Hank Mann"", ""Stanley Blystone"", ""Al Ernest Garcia""]","[""Charlie Chaplin""]","[""factory"", ""ambulance"", ""invention"", ""mental breakdown"", ""tramp"", ""great depression"", ""industrial revolution"", ""slapstick comedy"", ""automation"", ""jail"", ""hospital"", ""black and white"", ""machine"", ""pardon"", ""silent film"", ""unemployment"", ""screwdriver"", ""police arrest"", ""wrongful conviction"", ""communism""]",1936-02-05,/7uoiKOEjxBBW0AgDGQWrlfGQ90w.jpg,8.28,4038,6.4546,en,2026-04-02T18:20:52.840214
568332,Taylor Swift: Reputation Stadium Tour,Taylor Swift: Reputation Stadium Tour,"Taylor Swift takes the stage in Dallas for the Reputation Stadium Tour and celebrates a monumental night of music, memories and visual magic.","[""Music""]","[""Taylor Swift"", ""Charli xcx"", ""Camila Cabello"", ""David Cook"", ""Amos Heller"", ""Eliotte Woodford"", ""Jeslyn Gorman"", ""Kamilah Marshall""]","[""Paul Dugdale""]","[""concert"", ""live performance"", ""concert film""]",2018-12-31,/u6oXUTtOuJRPdUgUuPAVVJPSKCo.jpg,8.215,424,1.4254,en,2026-04-02T18:20:53.248997
957452,The Crow,The Crow,"Soulmates Eric and Shelly are brutally murdered when the demons of her dark past catch up with them. Given the chance to save his true love by sacrificing himself, Eric sets out to seek merciless revenge on their killers, traversing the worlds of the living and the dead to put the wrong things right.","[""Action"", ""Fantasy"", ""Horror""]","[""Bill Skarsg\u00e5rd"", ""FKA twigs"", ""Danny Huston"", ""Josette Simon"", ""Laura Birn"", ""Sami Bouajila"", ""Karel Dobr\u00fd"", ""Jordan Bolger""]","[""Rupert Sanders""]","[""husband wife relationship"", ""soulmates"", ""superhero"", ""crow"", ""based on comic"", ""remake"", ""revenge"", ""murder"", ""back from the dead"", ""death"", ""true love"", ""awakening"", ""mysterious"", ""dark romance"", ""re-imagining"", ""clich\u00e9""]",2024-08-21,/g8TbOXrNMuqq7AaKqdvqS2oG4ob.jpg,5.806,1229,7.1543,en,2026-04-02T18:20:53.663768
519182,Despicable Me 4,Despicable Me 4,"Gru and Lucy and their girls—Margo, Edith and Agnes—welcome a new member to the Gru family, Gru Jr., who is intent on tormenting his dad. Gru also faces a new nemesis in Maxime Le Mal and his femme fatale girlfriend Valentina, forcing the family to go on the run.","[""Family"", ""Comedy"", ""Animation"", ""Science Fiction"", ""Action""]","[""Steve Carell"", ""Kristen Wiig"", ""Will Ferrell"", ""Sof\u00eda Vergara"", ""Miranda Cosgrove"", ""Dana Gaier"", ""Madison Polan"", ""Pierre Coffin""]","[""Chris Renaud""]","[""superhero"", ""villain"", ""sequel"", ""super villain"", ""aftercreditsstinger"", ""duringcreditsstinger"", ""kids"", ""calm""]",2024-06-20,/wWba3TaojhK7NdycRhoQpsG0FaH.jpg,6.986,3131,22.0254,en,2026-04-02T18:20:54.098132
785429,OZI: Voice of the Forest,OZI: Voice of the Forest,"Separated from her parents when their forest home is destroyed, Ozi is taken in by kind wildlife sanctuary owners who keep her safe and slowly teach her to communicate through sign language. With the combination of her new skills and natural talent for social media, Ozi soon has a worldwide following. When she learns that her parents might be alive, Ozi sets off on a quest to find them and to tell the world what is happening to the rainforest before it’s too late. With help from new friends, cheeky monkey Chance and loveable rhino Honkus, Ozi discovers that one voice really can change the world.","[""Animation"", ""Adventure"", ""Family""]","[""Amandla Stenberg"", ""Dean-Charles Chapman"", ""Djimon Hounsou"", ""Donald Sutherland"", ""Laura Dern"", ""RuPaul"", ""Urzila Carlson"", ""Hugh Bonneville""]","[""Tim Harper""]","[""orangutan"", ""deforestation"", ""scathing""]",2024-03-07,/2O61Y82HdokuI5mYCJ3mO5fez5Z.jpg,6.0,20,1.6681,en,2026-04-02T18:20:54.713116
338969,The Toxic Avenger Unrated,The Toxic Avenger Unrated,"When a downtrodden janitor, Winston Gooze, is exposed to a catastrophic toxic accident, he’s transformed into a new kind of hero: The Toxic Avenger. Now, Toxie must rise from outcast to savior, taking on ruthless corporate overlords and corrupt forces who threaten his son, his friends, and his community.","[""Action"", ""Comedy"", ""Science Fiction""]","[""Peter Dinklage"", ""Jacob Tremblay"", ""Taylour Paige"", ""Julia Davis"", ""Jonny Coyne"", ""Elijah Wood"", ""Kevin Bacon"", ""David Yow""]","[""Macon Blair""]","[""high school"", ""new jersey"", ""police"", ""single parent"", ""alcohol"", ""gun"", ""smoking"", ""autism"", ""superhero"", ""mutant"", ""transformation"", ""gore"", ""satire"", ""forest"", ""stepfather"", ""remake"", ""mobster"", ""stepson"", ""janitor"", ""evil corporation""]",2025-08-28,/cCWojb6N9UcTzNVtS4bOM3vQ30x.jpg,6.0,340,5.2666,en,2026-04-02T18:20:55.132188
80924,Bhadra,భద్ర,Bhadra(Telugu: భద్ర) is a Telugu film released on 12 May 2005 ( Dubbed in malayalam as Brahmam ) and was directed by debutant director Boyapati Srinu. Ravi Teja and Meera Jasmine played the lead roles. The film was later remade into Tamil as Saravana with Silambarasan and Jyothikaand also remade into bengali as Josh with Jeet and Srabonti. Linda Arsenio danced in an item number.,"[""Action""]","[""Ravi Teja"", ""Meera Jasmine"", ""Prakash Raj"", ""Sunil Varma"", ""Murali Mohan"", ""Pradeep Ram Singh Rawat"", ""Telangana Shakuntala"", ""Ajay""]","[""Boyapati Srinu""]",[],2005-05-12,/ouHTWtftjKEKlId67nUvpofSmbr.jpg,7.4,8,1.107,te,2026-04-02T18:20:55.395518
533533,TRON: Ares,TRON: Ares,"A highly sophisticated Program called Ares is sent from the digital world into the real world on a dangerous mission, marking humankind's first encounter with A.I. beings.","[""Science Fiction"", ""Adventure"", ""Action""]","[""Jared Leto"", ""Greta Lee"", ""Evan Peters"", ""Gillian Anderson"", ""Jodie Turner-Smith"", ""Jeff Bridges"", ""Hasan Minhaj"", ""Arturo Castro""]","[""Joachim R\u00f8nning""]","[""artificial intelligence (a.i.)"", ""computer program"", ""simulation"", ""computer simulation"", ""sequel"", ""business rivalry"", ""real world"", ""absurd"", ""digital world""]",2025-10-08,/chpWmskl3aKm1aTZqUHRCtviwPy.jpg,6.472,1304,21.2921,en,2026-04-02T18:20:55.844489
1309725,The Richest Woman in the World,La Femme la plus riche du monde,An elderly billionaire woman gives hundreds of millions of euros to a younger gay artist she is close to. Her daughter files a complaint for abuse of a vulnerable person and a scandal erupts.,"[""Comedy"", ""Drama""]","[""Isabelle Huppert"", ""Marina Fo\u00efs"", ""Laurent Lafitte"", ""Rapha\u00ebl Personnaz"", ""Andr\u00e9 Marcon"", ""Mathieu Demy"", ""Joseph Olivennes"", ""Micha Lescot""]","[""Thierry Klifa""]","[""artist"", ""scandal"", ""political corruption"", ""political scandal"", ""female power"", ""abuse of power"", ""nonagenarian""]",2025-10-29,/95a1udNepqKENUWKdyJeyOM3XLA.jpg,6.019,104,2.3076,fr,2026-04-02T18:20:56.233032
533535,Deadpool & Wolverine,Deadpool & Wolverine,"A listless Wade Wilson toils away in civilian life with his days as the morally flexible mercenary, Deadpool, behind him. But when his homeworld faces an existential threat, Wade must reluctantly suit-up again with an even more reluctant Wolverine.","[""Action"", ""Comedy"", ""Science Fiction""]","[""Ryan Reynolds"", ""Hugh Jackman"", ""Emma Corrin"", ""Matthew Macfadyen"", ""Dafne Keen"", ""Jon Favreau"", ""Morena Baccarin"", ""Rob Delaney""]","[""Shawn Levy""]","[""hero"", ""superhero"", ""anti hero"", ""mutant"", ""breaking the fourth wall"", ""aftercreditsstinger"", ""duringcreditsstinger"", ""marvel cinematic universe (mcu)"", ""mutants"", ""superhero teamup""]",2024-07-24,/8cdWjvZQUExUUTzyp4t6EDMubfO.jpg,7.557,8414,27.8667,en,2026-04-02T18:20:56.686176
1539104,JUJUTSU KAISEN: Execution,劇場版 呪術廻戦「渋谷事変 特別編集版」×「死滅回游 先行上映」,"A veil abruptly descends over the busy Shibuya area amid the bustling Halloween crowds, trapping countless civilians inside. Satoru Gojo, the strongest jujutsu sorcerer, steps into the chaos. But lying in wait are curse users and spirits scheming to seal him away. Yuji Itadori, accompanied by his classmates and other top-tier jujutsu sorcerers, enters the fray in an unprecedented clash of curses — the Shibuya Incident. In the aftermath, ten colonies across Japan are transformed into dens of curses in a plan orchestrated by Noritoshi Kamo. As the deadly Culling Game starts, Special Grade sorcerer Yuta Okkotsu is assigned to carry out Yuji's execution for his perceived crimes. A compilation movie of Shibuya Incident including the first two episodes of the Culling Games arc.","[""Animation"", ""Action"", ""Fantasy""]","[""Junya Enoki"", ""Megumi Ogata"", ""Koji Yusa"", ""Daisuke Namikawa"", ""Yuma Uchida"", ""Asami Seto"", ""Kenjiro Tsuda"", ""Subaru Kimura""]","[""Shota Goshozono""]","[""compilation"", ""based on manga"", ""edited from tv series"", ""shounen"", ""anime"", ""distressing""]",2025-11-07,/v0s3dx6am0RzfsuK3KdEy8ZoCDs.jpg,5.9,89,51.5276,ja,2026-04-02T18:20:56.959917
1381405,Mass Jathara,మాస్ జాతర,A transport officer battles a violent drug lord and his criminal clan.,"[""Action"", ""Crime"", ""Thriller""]","[""Ravi Teja"", ""Sreeleela"", ""Rajendra Prasad"", ""Naveen Chandra"", ""Naresh"", ""Ajay Ghosh"", ""Praveen"", ""Hyper Adhi""]","[""Bhanu Bogavarapu""]",[],2025-10-31,/qvSyQdI2Mlpa5X7dRDBmIi30oHT.jpg,4.4,5,1.2423,te,2026-04-02T18:20:57.332839
1102883,Mother Mary,Mother Mary,Long-buried wounds rise to the surface when iconic pop star Mother Mary reunites with her estranged best friend and former costume designer Sam Anselm on the eve of her comeback performance.,"[""Music"", ""Drama"", ""Horror"", ""Thriller""]","[""Anne Hathaway"", ""Michaela Coel"", ""Hunter Schafer"", ""Atheena Frizzell"", ""Kaia Gerber"", ""Jessica Brown Findlay"", ""Isaura Barb\u00e9-Brown"", ""Alba Baptista""]","[""David Lowery""]","[""supernatural"", ""betrayal"", ""dress"", ""old grudge""]",2026-04-17,/qMgUI6pxkPtIuoXX4DcJ6X7bdt2.jpg,0.0,0,3.7469,en,2026-04-02T18:20:57.742902
5156,Bicycle Thieves,Ladri di biciclette,"Unemployed Antonio is elated when he finally finds work hanging posters around war-torn Rome. However on his first day, his bicycle—essential to his work—gets stolen. His job is doomed unless he can find the thief. With the help of his son, Antonio combs the city, becoming desperate for justice.","[""Drama""]","[""Lamberto Maggiorani"", ""Enzo Staiola"", ""Lianella Carell"", ""Gino Saltamerenda"", ""Vittorio Antonucci"", ""Giulio Chiari"", ""Elena Altieri"", ""Carlo Jachino""]","[""Vittorio De Sica""]","[""rome, italy"", ""italian"", ""society"", ""riding a bicycle"", ""search"", ""poster"", ""thief"", ""black and white"", ""stolen bicycle"", ""madame"", ""unemployment"", ""realism"", ""neo realism"", ""italian neo realism""]",1948-07-21,/iPdVqIpmR3bRvOQJPrn4pr2KR3q.jpg,8.172,2629,3.2455,it,2026-04-02T18:20:58.176025
508965,Klaus,Klaus,"A selfish postman and a reclusive toymaker form an unlikely friendship, delivering joy to a cold, dark town that desperately needs it.","[""Animation"", ""Family"", ""Adventure"", ""Comedy"", ""Fantasy""]","[""Jason Schwartzman"", ""J.K. Simmons"", ""Rashida Jones"", ""Joan Cusack"", ""Norm Macdonald"", ""Will Sasso"", ""Sergio Pablos"", ""Mila Brener""]","[""Sergio Pablos""]","[""friendship"", ""small town"", ""island"", ""holiday"", ""santa claus"", ""cartoon"", ""letter"", ""postman"", ""reindeer"", ""toy maker"", ""christmas"", ""19th century"", ""toymaker"", ""origin story"", ""good versus evil"", ""cheerful""]",2019-11-08,/q125RHUDgR4gjwh1QkfYuJLYkL.jpg,8.222,4596,4.8573,en,2026-04-02T18:20:58.576178
1219620,All That's Left of You,اللي باقي منك,"In the Occupied West Bank in Palestine of the 1980s, a Palestinian teenager is swept into a protest that changes the course of his family's life. Reeling from its aftermath, his mother, Hanan, shares the story that led them to that fateful moment. Spanning seven decades, this epic drama traces the hopes and heartaches of one uprooted family, revealing not only the scars of ethnic cleansing, but the unbreakable spirit of survival.","[""Drama""]","[""Saleh Bakri"", ""Cherien Dabis"", ""Adam Bakri"", ""Maria Zreik"", ""Mohammad Bakri"", ""Muhammad Abed Elrahman"", ""Sanad Alkabareti"", ""Salah Al Din""]","[""Cherien Dabis""]","[""palestinian-israeli conflict"", ""refugee"", ""1970s"", ""trauma"", ""family history"", ""protest"", ""zionism"", ""ethnic cleansing"", ""displacement"", ""organ donation"", ""1940s"", ""1980s"", ""colonization"", ""father son relationship"", ""loss of child"", ""multigenerational"", ""war"", ""palestine history"", ""palestinian resistance"", ""palestinian territories""]",2025-09-25,/fqMHedzcFA9rOnlWPuazaKMzV0H.jpg,8.0,47,3.8007,ar,2026-04-02T18:20:58.973654
1295400,The Last Viking,Den sidste viking,"After serving fourteen years for robbery, Anker is released from prison and reunites with his mentally ill brother Manfred, who alone knows where the stolen money is hidden but has forgotten its location, sending them on a journey to recover the loot and confront who they are.","[""Comedy"", ""Crime"", ""Drama""]","[""Mads Mikkelsen"", ""Nikolaj Lie Kaas"", ""Sofie Gr\u00e5b\u00f8l"", ""S\u00f8ren Malling"", ""Bodil J\u00f8rgensen"", ""Lars Brygmann"", ""Nicolas Bro"", ""Kardo Razzazi""]","[""Anders Thomas Jensen""]","[""dark comedy"", ""childhood trauma"", ""alter ego"", ""jail"", ""bank robbery"", ""mental illness"", ""danish"", ""brothers"", ""drama"", ""crime""]",2025-10-09,/92ztdPsf98i0tLcONIX92yuh3MQ.jpg,7.187,91,12.6526,da,2026-04-02T18:20:59.365619
1215532,Chickenhare and the Secret of the Groundhog,Chickenhare and the Secret of the Groundhog,"Chickenhare embarks on an epic quest, a mysterious groundhog with the power to reverse time and save his species. His adventure takes a dangerous turn when his group discover they are not the only ones searching for this ancient power.","[""Animation"", ""Adventure"", ""Comedy"", ""Family""]","[""Jordan Tartakow"", ""Laila Berzins"", ""Joe Ochman"", ""Xanthe Huynh"", ""Odessa Lurlean"", ""Dino Andrade"", ""Todd Haberkorn"", ""Christopher Bass""]","[""Benjamin Mousquet""]",[],2025-09-19,/cUCwWxHF1bRfqeY7beZfsvT7WBR.jpg,7.4,8,1.3978,en,2026-04-02T18:21:00.021780
977966,Drift,Drift,"After fleeing civil war in Liberia, a formerly-privileged refugee is barely scraping by in her new life in Greece when she strikes up an unexpected friendship with a rootless tour guide.","[""Drama"", ""Romance""]","[""Cynthia Erivo"", ""Alia Shawkat"", ""Ibrahima Ba"", ""Honor Swinton Byrne"", ""Zainab Jah"", ""Suzy Bemba"", ""Vincent Vermignon"", ""Abigail Boyd""]","[""Anthony Chen""]","[""greece"", ""tour guide"", ""lgbt""]",2024-02-09,/4OMssa91kM2GUNrDUfcqDqxajnR.jpg,6.6,23,29.3015,el,2026-04-02T18:21:00.416036
1217584,Torrente for President,Torrente Presidente,"Years have passed since his last adventure, but José Luis Torrente, the most politically incorrect former cop in Spain, still sees himself as a national hero.","[""Comedy""]","[""Santiago Segura"", ""Fernando Esteso"", ""Gabino Diego"", ""Carlos Areces"", ""Josele Rom\u00e1n"", ""Leo Harlem"", ""Ram\u00f3n Langa"", ""Kevin Spacey""]","[""Santiago Segura""]","[""political satire"", ""political corruption"", ""political comedy"", ""black comedy""]",2026-03-13,/yrDKwAdZRJjoQ9RZwzRGPpMC7U1.jpg,6.3,20,27.3948,es,2026-04-02T18:21:00.753283
1371185,Song Sung Blue,Song Sung Blue,"Based on a true story, two down-on-their-luck musicians form a joyous Neil Diamond tribute band, proving it's never too late to find love and follow your dreams.","[""Music"", ""Romance"", ""Drama""]","[""Hugh Jackman"", ""Kate Hudson"", ""Michael Imperioli"", ""Fisher Stevens"", ""Jim Belushi"", ""Ella Anderson"", ""King Princess"", ""Mustafa Shakir""]","[""Craig Brewer""]","[""wisconsin"", ""based on true story"", ""based on movie"", ""milwaukee wisconsin"", ""tribute band"", ""sentimental"", ""biographical drama"", ""based on documentary""]",2025-12-25,/kQzDdxI0F5z16qo2vzDoqdVMl4O.jpg,7.391,206,7.8975,en,2026-04-02T18:21:01.062541
244786,Whiplash,Whiplash,"Under the direction of a ruthless instructor, a talented young drummer begins to pursue perfection at any cost, even his humanity.","[""Drama"", ""Music"", ""Thriller""]","[""Miles Teller"", ""J.K. Simmons"", ""Paul Reiser"", ""Melissa Benoist"", ""Austin Stowell"", ""Nate Lang"", ""Chris Mulkey"", ""Damon Gupton""]","[""Damien Chazelle""]","[""new york city"", ""jazz"", ""musician"", ""obsession"", ""music teacher"", ""conservatory"", ""drums"", ""montage"", ""perfectionist"", ""perfection"", ""public humiliation"", ""jazz band"", ""angry"", ""aggressive"", ""young adult"", ""music school"", ""verbal abuse"", ""emotional abuse"", ""anxious"", ""based on short film""]",2014-10-10,/7fn624j5lj3xTme2SgiLCeuedmO.jpg,8.374,16445,22.4996,en,2026-04-02T18:21:01.574705
1211442,Rebuilding,Rebuilding,"After wildfires take his ranch, a cowboy named Dusty winds up in a FEMA camp, finding community with others who lost homes, including his daughter and ex-wife.","[""Drama""]","[""Josh O'Connor"", ""Meghann Fahy"", ""Lily LaTorre"", ""Kali Reis"", ""Amy Madigan"", ""Jefferson Mays"", ""Nancy Morlan"", ""Sam Engbring""]","[""Max Walker-Silverman""]","[""colorado"", ""cowboy"", ""ex spouses"", ""father daughter relationship"", ""resilience"", ""wild fire"", ""rancher""]",2025-11-14,/7cDCGKBA6XANFDw4km9GvDnFBHw.jpg,6.8,38,1.9997,en,2026-04-02T18:21:01.965164
687163,Project Hail Mary,Project Hail Mary,"Science teacher Ryland Grace wakes up on a spaceship light years from home with no recollection of who he is or how he got there. As his memory returns, he begins to uncover his mission: solve the riddle of the mysterious substance causing the sun to die out. He must call on his scientific knowledge and unorthodox ideas to save everything on Earth from extinction… but an unexpected friendship means he may not have to do it alone.","[""Science Fiction"", ""Adventure""]","[""Ryan Gosling"", ""James Ortiz"", ""Sandra H\u00fcller"", ""Lionel Boyce"", ""Milana Vayntrub"", ""Ken Leung"", ""Priya Kansara"", ""Mia Soteriou""]","[""Phil Lord"", ""Christopher Miller""]","[""based on novel or book"", ""space travel"", ""space mission"", ""alien"", ""space"", ""science teacher"", ""save the planet"", ""excited""]",2026-03-15,/yihdXomYb5kTeSivtFndMy5iDmf.jpg,8.2,892,249.2093,en,2026-04-02T18:21:02.299390
11324,Shutter Island,Shutter Island,"World War II soldier-turned-U.S. Marshal Teddy Daniels investigates the disappearance of a patient from a hospital for the criminally insane, but his efforts are compromised by troubling visions and a mysterious doctor.","[""Drama"", ""Thriller"", ""Mystery""]","[""Leonardo DiCaprio"", ""Mark Ruffalo"", ""Ben Kingsley"", ""Max von Sydow"", ""Michelle Williams"", ""Emily Mortimer"", ""Patricia Clarkson"", ""Jackie Earle Haley""]","[""Martin Scorsese""]","[""island"", ""based on novel or book"", ""hurricane"", ""investigation"", ""u.s. marshal"", ""conspiracy theory"", ""psychiatric hospital"", ""psychological thriller"", ""whodunit"", ""neo-noir"", ""1950s"", ""clinical"", ""suspenseful"", ""depressing"", ""cruel"", ""suspense mystery""]",2010-02-14,/nrmXQ0zcZUL8jFLrakWc90IR8z9.jpg,8.198,25599,12.43,en,2026-04-02T18:21:02.806404
1303613,Deaf,Sorda,"Angela's deafness raises concerns during her pregnancy regarding connecting with her daughter. Post-delivery, partner Héctor supports her as she learns to mother in a society lacking adequate accommodations for the hearing-impaired.","[""Drama""]","[""Miriam Garlo"", ""\u00c1lvaro Cervantes"", ""Elena Irureta"", ""Joaqu\u00edn Notario"", ""Daniela Saura P\u00e9rez"", ""Elaia S\u00e1nchez"", ""Jade Molina Uroz"", ""Valentina Arrona Fern\u00e1ndez""]","[""Eva Libertad""]","[""parenting"", ""motherhood"", ""dreary"", ""based on short film"", ""dramatic"", ""deafness""]",2025-04-04,/ykB9bwUHT1AV04KjYPLhfgMwYdD.jpg,7.261,90,2.2634,es,2026-04-02T18:21:03.199730
1010755,The Strangers: Chapter 3,The Strangers: Chapter 3,"Tethered by a frightening conclusion, Maya and the Strangers are locked on an unavoidable, unforgiving collision course — a showdown that proves they’re far from strangers now.","[""Horror"", ""Thriller""]","[""Madelaine Petsch"", ""Richard Brake"", ""Ema Horvath"", ""Gabriel Basso"", ""Pedro Leandro"", ""Rachel Shenton"", ""George Young"", ""Kyle Breitkopf""]","[""Renny Harlin""]","[""sequel"", ""slasher"", ""reboot""]",2026-02-05,/yPHwX78mcwJw3I6YOJ9qh2wQBFr.jpg,5.289,71,11.2346,en,2026-04-02T18:21:03.621647
1291335,Solo Mio,Solo Mio,"After Matt's dreams of a picturesque Italian wedding are shattered when his fiancée leaves him at the altar, he embarks on his planned honeymoon across Italy alone, immersing himself in the country's vibrant culture, food, and beauty, meeting Gia along the way.","[""Romance"", ""Comedy""]","[""Kevin James"", ""Alyson Hannigan"", ""Kim Coates"", ""Jonathan Roumie"", ""Julie Ann Emery"", ""Nicole Grimaudo"", ""Julee Cerda"", ""Alessandro Carbonara""]","[""Charles Kinnane"", ""Daniel Kinnane""]","[""rome, italy"", ""italy"", ""honeymoon"", ""romcom"", ""relaxed"", ""left at the altar"", ""romantic""]",2026-02-05,/efSsZJaddeq0LOABZqpCXdMxv9P.jpg,7.128,98,22.4093,en,2026-04-02T18:21:04.009952
273481,Sicario,Sicario,An idealistic FBI agent is enlisted by a government task force to aid in the escalating war against drugs at the border area between the U.S. and Mexico.,"[""Action"", ""Crime"", ""Thriller""]","[""Emily Blunt"", ""Benicio del Toro"", ""Josh Brolin"", ""Victor Garber"", ""Jon Bernthal"", ""Daniel Kaluuya"", ""Jeffrey Donovan"", ""Raoul Max Trujillo""]","[""Denis Villeneuve""]","[""mission"", ""assassin"", ""central intelligence agency (cia)"", ""mexico"", ""corruption"", ""bomb"", ""fbi"", ""smoking"", ""texas"", ""border"", ""manipulation"", ""cynicism"", ""revenge"", ""murder"", ""dirty cop"", ""brutality"", ""drugs"", ""special forces"", ""interrogation"", ""desert""]",2015-09-17,/lz8vNyXeidqqOdJW9ZjnDAMb5Vr.jpg,7.418,9418,9.2118,en,2026-04-02T18:21:04.425921
1197137,Black Phone 2,Black Phone 2,"Four years after defeating The Grabber, Finney Blake is struggling with life after captivity. When his younger sister Gwen begins receiving calls in her dreams from the Black Phone and seeing disturbing visions of three boys being stalked at a winter camp, the siblings become determined to solve the mystery and confront a killer who has grown more powerful in death and more significant to them than either could imagine.","[""Horror"", ""Thriller""]","[""Mason Thames"", ""Madeleine McGraw"", ""Ethan Hawke"", ""Miguel Mora"", ""Demi\u00e1n Bichir"", ""Jeremy Davies"", ""Arianna Rivas"", ""Maev Beaty""]","[""Scott Derrickson""]","[""mask"", ""child abuse"", ""dreams"", ""sibling relationship"", ""winter"", ""child murder"", ""supernatural"", ""rocky mountains"", ""colorado"", ""sequel"", ""murder"", ""domestic abuse"", ""serial killer"", ""snow"", ""camp"", ""slasher"", ""based on short story"", ""child kidnapping"", ""1980s"", ""1950s""]",2025-10-15,/gFddBLQ8wj9M9O82iPzgX5KVNHz.jpg,6.707,986,16.7628,en,2026-04-02T18:21:04.837453
607313,Sarileru Neekevvaru,సరిలేరు నీకెవ్వరు,A tough army major is deployed to Kurnool on a mission to keep the country safe from external threats.,"[""Action""]","[""Mahesh Babu"", ""Vijayashanti"", ""Rashmika Mandanna"", ""Prakash Raj"", ""Sangeetha Krish"", ""Rajendra Prasad"", ""Vennela Kishore"", ""Rao Ramesh""]","[""Anil Ravipudi""]","[""rescue"", ""army"", ""corruption"", ""orphan"", ""political intrigue\u00a0"", ""family dynamics""]",2020-01-10,/66MSawKC7nkqjD1BMlQHXl6y3C.jpg,6.0,61,1.5363,te,2026-04-02T18:21:05.168111
1584215,The Internship,The Internship,"A CIA-trained assassin recruits other graduates from her secret childhood program, The Internship, to violently destroy the organization. The CIA fights back with deadly force.","[""Action""]","[""Lizzy Greene"", ""Megan Boone"", ""Sky Katz"", ""Philip Winchester"", ""Alix Villaret"", ""Ollie Roddy"", ""Kaine Buffonge"", ""Will Pierson""]","[""James Bamford""]","[""undercover agent"", ""special power"", ""cia agent"", ""fsb agent"", ""special education program""]",2026-01-13,/fYqSOkix4rbDiZW0ACNnvZCpT6X.jpg,6.23,63,35.8973,en,2026-04-02T18:21:06.290035
1561687,Made in Korea,மேட் இன் கொரியா,A woman from a small town in Tamil Nadu moves to South Korea — a place she always dreamed of — but struggles to find her footing in a foreign land.,"[""Drama""]","[""Priyanka Arul Mohan"", ""Rishikanth"", ""Park Hye-jin"", ""Baek Si-hun"", ""Jang Jae-hyeon"", ""Kim So-ri"", ""Jo Ha-ram"", ""Kim Rok""]","[""Ra. Karthik""]","[""foreigner"", ""south korea"", ""seoul, south korea""]",2026-03-12,/foEObhyAMM3dxYeBEr242EdQDB7.jpg,6.8,24,10.5606,ta,2026-04-02T18:21:06.799037
1199193,Pose,Pose,"Isolated in a grand country manor, a reclusive artist spends a passionate and paranoid weekend with his ex-lover, an obsessive fan, and a potential muse. Hoping to spark a new wave of artistic brilliance over the course of a few tumultuous days, filled with chaos and revelation not all of them will make it out alive.","[""Thriller""]","[""James McAvoy"", ""Lucas Bravo"", ""Leila Farzad"", ""Almudena Amor"", ""Aisling Franciosi"", ""Elektra Jansson-Kilbey"", ""Maria Therese Bassetti"", ""Kristin Zakala""]","[""Jamie Adams""]",[],2026-02-25,/qhyyyWrHUbl6QG4udAJj17CBa5.jpg,6.296,27,18.3248,en,2026-04-02T18:21:07.188668
834654,Ante... Sundaraniki!,అంటే... సుందరానికీ!,"A man from a Brahmin family falls in love with a Christian girl. In order to convince their parents, they say contrasting lies which complicates the situation and leads to a comedy of errors.","[""Comedy"", ""Romance"", ""Family""]","[""Nani"", ""Nazriya Nazim"", ""Naresh"", ""Rohini"", ""N. Azhagamperumal"", ""Nadhiya"", ""Harsha Vardhan"", ""Anupama Parameswaran""]","[""Vivek Athreya""]","[""inter religion relationship""]",2022-06-10,/yzMsEhiW8ip3hweLCnu48t4RdWD.jpg,7.0,41,1.2934,te,2026-04-02T18:21:07.616978
1124,The Prestige,The Prestige,"A mysterious story of two magicians whose intense rivalry leads them on a life-long battle for supremacy -- full of obsession, deceit and jealousy with dangerous and deadly consequences.","[""Drama"", ""Mystery"", ""Science Fiction""]","[""Hugh Jackman"", ""Christian Bale"", ""Michael Caine"", ""Piper Perabo"", ""Rebecca Hall"", ""Scarlett Johansson"", ""Samantha Mahurin"", ""David Bowie""]","[""Christopher Nolan""]","[""dying and death"", ""suicide"", ""class society"", ""london, england"", ""magic"", ""competition"", ""obsession"", ""hostility"", ""class"", ""diary"", ""twist"", ""tricks"", ""illusion"", ""rivalry"", ""partner"", ""steampunk"", ""cruelty"", ""hanging"", ""jail cell"", ""19th century""]",2006-10-17,/Ag2B2KHKQPukjH7WutmgnnSNurZ.jpg,8.206,17375,13.531,en,2026-04-02T18:21:08.137222
81002,Rakhi,రాఖీ,"An ambitious and young man named Rama Krishna avenges his sister's death after her in-laws burn her alive due to their greed for dowry. Thereafter, he starts killing every man that harasses a woman.","[""Drama"", ""Action""]","[""N.T. Rama Rao Jr."", ""Ileana D'Cruz"", ""Charmy Kaur"", ""Suhasini Maniratnam"", ""Chandramohan"", ""Kota Srinivasa Rao"", ""Saranya Ponvannan"", ""Brahmanandam""]","[""Pasupuleti Krishna Vamsi""]",[],2006-12-22,/lpxVMynqh1I7bbRqab77uI83K1q.jpg,5.8,11,1.0741,te,2026-04-02T18:21:08.442619
1444973,Jatadhara,జటాధర,"Shiva, a rational ghost hunter, man of science and reason—is drawn back to the mystery of a powerful guardian spirit named Dhanapisachi, pulled into a world where his beliefs are tested.","[""Action"", ""Horror"", ""Thriller""]","[""Sudheer Babu"", ""Sonakshi Sinha"", ""Shilpa Shirodkar"", ""Divya Khossla"", ""Indira Krishnan"", ""Ravi Prakash"", ""Subhalekha Sudhakar"", ""Srinivas Avasarala""]","[""Venkat Kalyan""]","[""supernatural thriller""]",2025-11-07,/91aJa79gHiTUWh86XFRMaD2MGjj.jpg,4.0,5,0.9929,te,2026-04-02T18:21:08.843747
68718,Django Unchained,Django Unchained,"With the help of a German bounty hunter, a freed slave sets out to rescue his wife from a brutal Mississippi plantation owner.","[""Drama"", ""Western""]","[""Jamie Foxx"", ""Christoph Waltz"", ""Leonardo DiCaprio"", ""Kerry Washington"", ""Samuel L. Jackson"", ""Walton Goggins"", ""Dennis Christopher"", ""James Remar""]","[""Quentin Tarantino""]","[""rescue"", ""friendship"", ""bounty hunter"", ""texas"", ""slavery"", ""plantation"", ""revenge"", ""racism"", ""slave trade"", ""black slave"", ""angry"", ""19th century"", ""white supremacy"", ""anxious"", ""old west"", ""mississippi""]",2012-12-25,/7oWY8VDWW7thTzWh3OKYRkWUlD5.jpg,8.19,27769,11.7342,en,2026-04-02T18:21:09.374608
1266798,Dog 51,Chien 51,"In the near future, Paris is divided into three zones that separate social classes, and no one can escape ALMA, a predictive AI that has revolutionized law enforcement. When ALMA’s creator is assassinated, Salia, a top agent, and Zem, a jaded cop, are forced to work together to solve a murder that may expose the dark secrets of the system they serve.","[""Thriller"", ""Science Fiction"", ""Crime"", ""Action""]","[""Gilles Lellouche"", ""Ad\u00e8le Exarchopoulos"", ""Louis Garrel"", ""Romain Duris"", ""Valeria Bruni Tedeschi"", ""St\u00e9phane Bak"", ""Hugo Dillon"", ""Artus""]","[""C\u00e9dric Jimenez""]","[""artificial intelligence (a.i.)"", ""paris, france"", ""based on novel or book"", ""city split into sectors"", ""ai\u2011managed crime""]",2025-10-15,/olMvhbCRuhTbf6EMKxKGHi2on3L.jpg,6.227,231,7.5939,fr,2026-04-02T18:21:09.770057
1266800,The Desert Child,L’Enfant du Désert,"14-year-old Sun has written and successfully published a story based on an incredible story told by her late grandfather about a wild child called Hadara, who is saved by a group of ostriches when he becomes separated from his family in a storm, and is then raised in the desert amid a host of wild animals, including his best friend, a desert fox. When Sun is invited to travel to the Sahara by a local community who has heard about her book, she meets Kharouba, a Nomad girl of her own age, and realizes there may be much more to Hadara than just a character in a bedtime story.","[""Family"", ""Adventure""]","[""Kev Adams"", ""Nahel Tran"", ""Nah\u00efl Bouazzaoui"", ""Neige de Maistre"", ""Adriane Gradziel""]","[""Gilles de Maistre""]","[""coming of age"", ""ostrich""]",2026-04-08,/5hjUoUhsQ2Ffs8Y6BpDIB5GIZEH.jpg,0.0,0,1.5095,fr,2026-04-02T18:21:10.195877
724089,Gabriel's Inferno: Part II,Gabriel's Inferno: Part II,"Professor Gabriel Emerson finally learns the truth about Julia Mitchell's identity, but his realization comes a moment too late. Julia is done waiting for the well-respected Dante specialist to remember her and wants nothing more to do with him. Can Gabriel win back her heart before she finds love in another's arms?","[""Romance"", ""Drama""]","[""Melanie Zanetti"", ""Giulio Berruti"", ""James Andrew Fraser"", ""Margaux Brooke"", ""Agnes Albright"", ""Purva Bedi"", ""Sahar Bibiyan"", ""Cedric Cannon""]","[""Tosca Musk""]","[""based on novel or book""]",2020-07-31,/x5o8cLZfEXMoZczTYWLrUo1P7UJ.jpg,8.366,1539,4.3566,en,2026-04-02T18:21:10.499247
1395839,The Curse,The Curse,"After seeing her friend’s disturbing social media posts, Riko tries to intervene to help her but fails to prevent her from dying a mysterious, violent death. Convinced there is more to the story than a suicide, Riko dives into a world of memes, influencers, and posting for attention. As the pile of bodies grows, and Riko faces her own possible curse, she and her friends travel to Taiwan to find the source of this demonic social media killer.","[""Thriller"", ""Mystery"", ""Horror""]","[""Yukino Kaizu"", ""YU"", ""Yutaka Kyan"", ""Tammy Lin"", ""Mimi Shao"", ""Ray Fan"", ""Mondo Otani"", ""Chen Wan-hao""]","[""Ken'ichi Ugana""]",[],2026-01-16,/rZRiL3rp2EKkKTU5aDTj825saoB.jpg,0.0,0,1.1953,ja,2026-04-02T18:21:11.001768
476292,Maquia: When the Promised Flower Blooms,さよならの朝に約束の花をかざろう,"Fleeing the war, the immortal Machia, graced with eternal youth, finds a baby abandoned in the forest and decides to raise it as her own child, sparking a moving story between a mortal and a being who does not age.","[""Animation"", ""Fantasy"", ""Drama""]","[""Manaka Iwami"", ""Miyu Irino"", ""Yuuki Sakurai"", ""Ai Kayano"", ""Yuki Kaji"", ""Yoshimasa Hosoya"", ""Rina Sato"", ""Yoko Hikasa""]","[""Mari Okada""]","[""family relationships"", ""coming of age"", ""tragedy"", ""dragon"", ""military"", ""anime"", ""high fantasy"", ""josei"", ""hand drawn animation"", ""family life"", ""time skip""]",2018-02-24,/hL3NqRE2ccR4Y2sYSJTrmalRjrz.jpg,8.2,694,6.0606,ja,2026-04-02T18:21:11.412459
799882,The Bluff,The Bluff,"When her tranquil life on a remote island is shattered by the return of her vengeful former captain, a skilled ex-pirate must confront her bloody past and unleash her deadly talents to save her family from a ruthless siege.","[""Drama"", ""Action"", ""Thriller""]","[""Priyanka Chopra Jonas"", ""Karl Urban"", ""Safia Oakley-Green"", ""Ismael Cruz Cordova"", ""Temuera Morrison"", ""Vedanten Naidoo"", ""David Field"", ""Greg Hatton""]","[""Frank E. Flowers""]","[""pirate"", ""sister-in-law"", ""caribbean sea"", ""19th century"", ""female pirate"", ""old grudge"", ""caribbean"", ""running from the past"", ""quartermaster"", ""second in command""]",2026-02-17,/dl1cA7wdwePc9QU2Rc24EPqlcyJ.jpg,6.116,43,10.7499,en,2026-04-02T18:21:11.836781
1182861,Romería,Romería,"Marina, 18, orphaned at a young age, must travel to Spain’s Atlantic coast to obtain a signature for a scholarship application from the paternal grandparents she has never met. She navigates a sea of new aunts, uncles, and cousins, uncertain whether she will be embraced or met with resistance. Stirring long-buried emotions, reviving tenderness, and uncovering unspoken wounds tied to the past, Marina pieces together the fragmented and often contradictory memories of the parents she barely remembers.","[""Drama""]","[""Ll\u00facia Garcia"", ""Mitch"", ""Trist\u00e1n Ulloa"", ""Alberto Gracia"", ""Miryam Gallego"", ""Janet Nov\u00e1s"", ""Jos\u00e9 \u00c1ngel Egido"", ""Marina Troncoso""]","[""Carla Sim\u00f3n""]","[""scholarship"", ""heroin"", ""surrealism"", ""family drama"", ""nostalgic"", ""2000s"", ""hiv/aids epidemic"", ""melodramatic""]",2025-09-05,/svscmm7MZml1JqBMl62REnbxhjP.jpg,6.532,47,2.8695,es,2026-04-02T18:21:12.397484
289936,Movie Memories,Movie Memories,"Hollywood is a town that holds many memories of the movie business and the movies themselves, which has resulted in a town brimming with possibilities and wealth. But the town had very humble beginnings. Part of that history includes the professional lives of the plethora of who are now considered movie stars, such as Mabel Normand, 'Larry Semon', Willard Louis, Rudolph Schildkraut, Barbara La Marr, 'Rudolph Valentino', Dustin Farnum, William Russell, Roy Stewart, Alma Rubens, Frederick A. Thomson, Art Acord, George Beban, Louis Wolheim, George Siegmann, 'Douglas Fairbanks', Mary Pickford, Jack Pickford, Milton Sills, Lon Chaney, Roscoe 'Fatty' Arbuckle, Renée Adorée, Lilyan Tashman, Lew Cody, Alec B. Francis, and Marie Dressler.",[],[],"[""Ralph Staub""]",[],1934-08-31,/ekb350490mnwUrBYeqaLikjDGCp.jpg,3.0,1,44.4776,en,2026-04-02T18:21:12.790135
1551507,The Wedding,Svadba,"Miljenko, a successful Croatian businessman, recieves the news that his company had just filed for bancruptcy. Things seem to be looking up, however, when his daughter anounces not only her engagement, but also her pregnancy and upcoming nuptuals. The only caveat? The love of her life is none other than the son of the Serbian prime minister.","[""Comedy"", ""Romance""]","[""Rene Bitorajac"", ""Dragan Bjelogrli\u0107"", ""Linda Begonja"", ""Vesna Trivali\u0107"", ""Roko Sikavica"", ""An\u0111elka Prpi\u0107"", ""Nika Grbelja"", ""Marko Grabe\u017e""]","[""Igor \u0160eregi""]","[""blunt"", ""satirical"", ""hilarious"", ""mocking"", ""straightforward""]",2026-01-21,/2NaiiFPxzBc3JunKJcqkVI6LKA1.jpg,7.5,8,2.0137,hr,2026-04-02T18:21:13.246501
1610901,Aag Lagay Basti Mein,آگ لگے بستی میں,"Barkat is an honest, hard-working man struggling to make ends meet alongside his wife, Almaas, who has grown tired of their modest life. Working as cleaners, the couple decides to turn to petty crime in hopes of improving their financial situation. What begins as small, calculated risks soon spirals into something far bigger, drawing the couple into the world of seasoned criminals. As guns, chases, and escalating chaos enter their lives, Barkat and Almaas find their domestic relationship increasingly entangled with crime and danger. Blending dark comedy with crime drama, the story explores ambition, greed, and the unintended consequences of trying to take shortcuts to a better life","[""Action"", ""Crime"", ""Comedy""]","[""Fahad Mustafa"", ""Mahira Khan"", ""Javed Sheikh"", ""Tabish Hashmi"", ""Salahuddin Tunio"", ""Ayub Khoso""]","[""Bilal Atif Khan""]",[],2026-03-21,/gAvQELcI17z2YKnqOmuukfaFGg9.jpg,0.0,0,9.2476,ur,2026-04-02T18:21:13.628898
1184918,The Wild Robot,The Wild Robot,"After a shipwreck, an intelligent robot called Roz is stranded on an uninhabited island. To survive the harsh environment, Roz bonds with the island's animals and cares for an orphaned baby goose.","[""Animation"", ""Science Fiction"", ""Family"", ""Adventure""]","[""Lupita Nyong'o"", ""Pedro Pascal"", ""Kit Connor"", ""Bill Nighy"", ""Stephanie Hsu"", ""Matt Berry"", ""Ving Rhames"", ""Mark Hamill""]","[""Chris Sanders""]","[""villain"", ""robot"", ""based on children's book"", ""female villain"", ""aftercreditsstinger"", ""duringcreditsstinger"", ""kids"", ""adopted son"", ""understated"", ""audacious"", ""awestruck"", ""oscar nominee""]",2024-09-12,/q2qXg4OmJgm0qGaBYLdXzP8nHPy.jpg,8.3,5847,20.3609,en,2026-04-02T18:21:13.997560
1242265,Fuze,Fuze,An unexploded WWII bomb is discovered on a busy construction site in the centre of London. Chaos ensues as the military and police begin a mass evacuation against a ticking clock.,"[""Action"", ""Crime"", ""Thriller""]","[""Aaron Taylor-Johnson"", ""Theo James"", ""Gugu Mbatha-Raw"", ""Sam Worthington"", ""Honor Swinton Byrne"", ""Saffron Hocking"", ""Luke Mably"", ""Elham Ehsas""]","[""David Mackenzie""]","[""london, england"", ""bomb""]",2026-03-23,/aKUjK18UaTwr4TVl0PzCr9vJLpR.jpg,5.0,1,3.3166,en,2026-04-02T18:21:14.384999
1287322,Christy,Christy,"Christy Martin never imagined life beyond her small-town roots in West Virginia—until she discovered a knack for punching people. Fueled by grit, raw determination, and an unshakable desire to win, she charges into the world of boxing under the guidance of her trainer and manager-turned-husband, Jim. But while Christy flaunts a fiery persona in the ring, her toughest battles unfold outside it—confronting family, identity, and a relationship that just might become life-or-death.","[""History"", ""Drama""]","[""Sydney Sweeney"", ""Ben Foster"", ""Merritt Wever"", ""Katy O'Brian"", ""Ethan Embry"", ""Jess Gabor"", ""Chad L. Coleman"", ""Tony Cavalero""]","[""David Mich\u00f4d""]","[""attempted murder"", ""based on true story"", ""west virginia"", ""domestic violence"", ""female boxing"", ""boxing"", ""1990s"", ""boxe"", ""sports drama"", ""assertive"", ""empathetic"", ""based on real person"", ""biographical drama""]",2025-11-06,/ssy1uHGZkuXLkIWJWrtsBczPvVC.jpg,7.157,134,5.769,en,2026-04-02T18:21:14.779419
1561758,It Takes a Village,Podlasie - Wszyscy za jedną,"When financial trouble forces Halina to call off her wedding, her friends and family decide to hatch a wild plan to bring in tourist money.","[""Romance"", ""Comedy""]","[""Anna Seniuk"", ""Artur Barci\u015b"", ""Filip Gur\u0142acz"", ""Joanna Trzepieci\u0144ska"", ""Anna Szyma\u0144czyk"", ""Cezary \u017bak"", ""Mateusz Janicki"", ""Wiktor Zborowski""]","[""\u0141ukasz Ko\u015bmicki""]","[""romantic""]",2026-04-01,/znUVVJh0WSCHAhiJ6Att5qhmAzG.jpg,0.0,0,0.7974,pl,2026-04-02T18:21:15.164072
1180831,Troll 2,Troll 2,"When a dangerous new troll unleashes devastation across their homeland, Nora, Andreas and Major Kris embark on their most perilous mission yet.","[""Action"", ""Fantasy"", ""Thriller""]","[""Ine Marie Wilmann"", ""Kim S. Falck-J\u00f8rgensen"", ""Mads Sj\u00f8g\u00e5rd Pettersen"", ""Sara Khorami"", ""Karoline Viktoria Sletteng Garvang"", ""Anne Krigsvoll"", ""Duc Mai-The"", ""Jon Ketil Johnsen""]","[""Roar Uthaug""]","[""mythical creature"", ""sequel"", ""troll"", ""kaiju"", ""oslo, norway"", ""monster movie"", ""norwegian folklore"", ""action thriller"", ""indifferent""]",2025-11-30,/p6xAExLNFbHcLfvSuvLPoM8aqZU.jpg,6.43,447,22.4963,no,2026-04-02T18:21:15.782586
40096,A Dog's Will,O Auto da Compadecida,"The lively João Grilo and the sly Chicó are poor guys living in the hinterland who cheat a bunch of people in a small town in Northeastern Brazil. When they die, they have to be judged by Christ, the Devil and the Virgin Mary before they are admitted to paradise.","[""Comedy"", ""Drama"", ""Fantasy"", ""Romance""]","[""Matheus Nachtergaele"", ""Selton Mello"", ""Fernanda Montenegro"", ""Rog\u00e9rio Cardoso"", ""Denise Fraga"", ""Diogo Vilela"", ""Lu\u00eds Melo"", ""Virginia Cavendish""]","[""Guel Arraes""]","[""based on play or musical""]",2000-09-15,/z9Au9XtK0ARzkKGsZCzMkmKgMPf.jpg,8.421,1210,5.02,pt,2026-04-02T18:21:16.135201
1084577,Balls Up,Balls Up,Two American marketing executives are fired for blowing a client sponsorship opportunity and decide to use their free tickets to a major soccer match. Their drunken debauchery leads them to be hunted by every person across the country.,"[""Action"", ""Comedy""]","[""Mark Wahlberg"", ""Paul Walter Hauser"", ""Molly Shannon"", ""Eva De Dominici"", ""Benjamin Bratt"", ""Daniela Melchior"", ""Eric Andr\u00e9"", ""Chelsey Crisp""]","[""Peter Farrelly""]",[],2026-04-15,/xwvJ3WzdJ1OCuDoY8LAxBUlQyig.jpg,0.0,0,2.5267,en,2026-04-02T18:21:16.637087
1264805,Once We Were Us,만약에 우리,"Seoul, 2008. On a bus heading to their hometown, fate brings Eun-ho and Jeong-won together, sparking an unlikely friendship. While battling  a bustling and weary city life, they find themselves sharing lofty dreams and a love that comes to feel extraordinary. But, eventually, the harsh realities of life lead them to part ways. Over a decade after the separation, the two unexpectedly reunite on a flight back to Korea, where they reflect on their lost time.","[""Romance"", ""Drama""]","[""Koo Kyo-hwan"", ""Mun Ka-young"", ""Shin Jung-keun"", ""Lee Sang-yeob"", ""Kim Seo-won"", ""Lim Jae-hyeok"", ""Kim So-yul"", ""Kang Mal-geum""]","[""Kim Do-young""]","[""remake"", ""lovers reunited""]",2025-12-31,/ivBI8FRQPIKzoZAryZK93xriOT.jpg,7.5,13,5.4382,ko,2026-04-02T18:21:17.103969
1209511,Love Insurance Kompany,லவ் இன்சூரன்ஸ் கம்பெனி,"In a tech-chained world, a hero seeks love’s unshackled truth. Through their fight, humanity’s heart may beat free once more.","[""Romance"", ""Science Fiction"", ""Comedy""]","[""Pradeep Ranganathan"", ""Krithi Shetty"", ""S. J. Suryah"", ""Yogi Babu"", ""Gouri G Kishan"", ""Radha Ravi"", ""Shah Ra"", ""Seeman""]","[""Vignesh Shivan""]","[""call girl"", ""romcom"", ""robot girl"", ""father son conflict""]",2026-04-10,/1IIUWMKzNVvI6YJX8BKE6EJ9bVd.jpg,0.0,0,3.0921,ta,2026-04-02T18:21:17.517749
1160360,If I Had Legs I'd Kick You,If I Had Legs I'd Kick You,"With her life crashing down around her, Linda attempts to navigate her child's mysterious illness, her absent husband, a missing person, and an increasingly hostile relationship with her therapist.","[""Drama""]","[""Rose Byrne"", ""Conan O'Brien"", ""A$AP Rocky"", ""Danielle Macdonald"", ""Delaney Quinn"", ""Mary Bronstein"", ""Ivy Wolk"", ""Mark Stolzenberg""]","[""Mary Bronstein""]","[""hotel"", ""therapist"", ""long island, new york"", ""female protagonist"", ""sick child"", ""motherhood"", ""woman director"", ""absent husband"", ""psychological drama"", ""mysterious illness"", ""montauk""]",2025-10-10,/va0TQ9WprMXRqQAzY56vyqY0Yd5.jpg,6.333,269,5.5823,en,2026-04-02T18:21:17.958813
1193128,I Was a Stranger,قضية الغرباء,"A Syrian doctor and her daughter flee Aleppo, setting off a chain of events that binds five strangers together. A smuggler, a soldier, a poet, and a coast guard captain collide in a crisis that tests their courage, their choices, and their humanity.","[""Drama"", ""Thriller""]","[""Yasmine Al Massri"", ""Yahya Mahayni"", ""Omar Sy"", ""Ziad Bakri"", ""Constantine Markoulakis"", ""Jason Beghe"", ""Ayman Samman"", ""Massa Daoud""]","[""Brandt Andersen""]","[""refugee""]",2025-12-31,/RBIrEveMOIy5Kxg2WzgMnCIhaN.jpg,6.5,15,2.9512,ar,2026-04-02T18:21:18.353617
646315,The Legendary Lighter,전설의 라이타,A man who used to be called Lighter cleans up his act from his days as a gangster and struggles to start over.,"[""Action""]","[""Kim Hae-joon"", ""Park Sharon"", ""Lee Dong-ju"", ""Hong Dal-pyo""]","[""Chae Ki-jun""]","[""fighting"", ""action hero""]",2019-10-29,/h5fCwKCnKAKxdX6onTnrU6MeYe8.jpg,4.75,4,70.7347,ko,2026-04-02T18:21:18.680038
81068,Khadgam,ఖడ్గం,"After being victims of terrorism, an aspiring actor, a driver and a sincere police officer come together to stop a terrorist from fleeing and put an end to his plans.","[""Action"", ""Drama""]","[""Srikanth"", ""Prakash Raj"", ""Ravi Teja"", ""Sangeetha Krish"", ""Kim Sharma"", ""Shafi"", ""Sonali Bendre"", ""Uttej""]","[""Pasupuleti Krishna Vamsi""]","[""patriotism""]",2002-11-29,/i5r4za7yrfDP2PxNN3RaRDDvGLi.jpg,7.4,8,1.2069,te,2026-04-02T18:21:18.982809
81070,Khushi,ఖుషి,"College friends Siddhu and Madhumati part ways due to a misunderstanding. Although they are in love and realize they cannot live without each other, their egos prevent them from uniting.","[""Drama"", ""Romance"", ""Comedy""]","[""Pawan Kalyan"", ""Bhumika Chawla"", ""Sudhakar"", ""Sivaji Sontineni"", ""Nassar"", ""Janaki Sabesh"", ""Vijayakumar"", ""Sudha""]","[""S. J. Suryah""]","[""egomaniac"", ""college love""]",2001-04-26,/jw8CV9vj095jk4sE4bOxt3cv0Gz.jpg,6.0,22,1.1907,te,2026-04-02T18:21:19.288911
617646,Prati Roju Pandaage,ప్రతీ రోజు పండగే,"Raghu Ramayya is a man with limited time to live. His children, who all live elsewhere, struggle to schedule their time around his death. But what happens when his grandson Saitakes it upon himself to give his grandfather the farewell he deserves?","[""Family"", ""Romance"", ""Comedy""]","[""Sai Durgha Tej"", ""Raashii Khanna"", ""Rao Ramesh"", ""Sathyaraj"", ""Naresh"", ""Vijayakumar"", ""Ajay"", ""Hari Teja""]","[""Maruthi Dasari""]",[],2019-12-20,/p9EvfAQ62ecQR7OljTorTX6X9R9.jpg,6.5,14,0.9277,te,2026-04-02T18:21:19.652385
1170608,Dune: Part Three,Dune: Part Three,"As Emperor, Paul Atreides grapples with the consequences of his rise to power as political conspiracies and a galaxy-spanning holy war threaten the future he alone can foresee.","[""Science Fiction"", ""Action""]","[""Timoth\u00e9e Chalamet"", ""Zendaya"", ""Jason Momoa"", ""Florence Pugh"", ""Rebecca Ferguson"", ""Isaach de Bankol\u00e9"", ""Charlotte Rampling"", ""Anya Taylor-Joy""]","[""Denis Villeneuve""]","[""based on novel or book"", ""space sci-fi"", ""dune""]",2026-12-16,/b4wekkUaxExzOeGe7hKXzhnyXHt.jpg,0.0,0,11.0521,en,2026-04-02T18:21:20.048759
324786,Hacksaw Ridge,Hacksaw Ridge,"WWII American Army Medic Desmond T. Doss, who served during the Battle of Okinawa, refuses to kill people and becomes the first Conscientious Objector in American history to receive the Congressional Medal of Honor.","[""Drama"", ""History"", ""War""]","[""Andrew Garfield"", ""Sam Worthington"", ""Vince Vaughn"", ""Teresa Palmer"", ""Luke Bracey"", ""Hugo Weaving"", ""Rachel Griffiths"", ""Ryan Corr""]","[""Mel Gibson""]","[""japan"", ""hero"", ""world war ii"", ""abusive father"", ""pacifism"", ""grave"", ""bible"", ""gore"", ""vegetarian"", ""biography"", ""based on true story"", ""okinawa"", ""conscientious objector"", ""religion"", ""soldier"", ""alcoholic"", ""war hero"", ""pacifist"", ""medic"", ""us military""]",2016-10-07,/fnOMP6mjmOmZwmlC1n0K7ivrzt1.jpg,8.189,14698,28.9997,en,2026-04-02T18:21:20.461673
662707,Starbright,Starbright,"A young woman becomes the guardian of a fallen star, which she must protect from dangerous forces with the help of a brave stranger.","[""Adventure"", ""Action""]","[""John Rhys-Davies"", ""Ted Levine"", ""Elisabeth R\u00f6hm"", ""Diego Boneta"", ""Alexandra Dowling"", ""Becky Ann Baker"", ""Christine Ebersole"", ""Gbenga Akinnagbe""]","[""Francesco Lucente""]","[""fairy tale""]",2026-02-27,/m1Zl07DNYeSyNcz9hf8hDsS2oB5.jpg,8.7,3,18.0755,en,2026-04-02T18:21:20.830437
1363123,The Family Plan 2,The Family Plan 2,"Now that Dan's assassin days are behind him, all he wants for Christmas is quality time with his kids. But when he learns his daughter has her own plans, he books a family trip to London—putting them all in the crosshairs of an unexpected enemy.","[""Action"", ""Comedy""]","[""Mark Wahlberg"", ""Michelle Monaghan"", ""Kit Harington"", ""Zoe Colletti"", ""Van Crosby"", ""Theodore Lindsey"", ""Peter Lindsey"", ""Reda Elazouar""]","[""Simon Cellan Jones""]","[""europe vacation""]",2025-11-11,/semFxuYx6HcrkZzslgAkBqfJvZk.jpg,6.545,535,24.9231,en,2026-04-02T18:21:21.243460
1305781,Blades of the Guardians: Wind Rises in the Desert,镖人：风起大漠,"Dao Ma, the ""second most wanted fugitive,"" is entrusted by his benefactor, the chief of Mo family clan, to take on a mysterious escort mission-escorting the ""most wanted fugitive"" to Chang'an.","[""Action"", ""Drama"", ""History""]","[""Wu Jing"", ""Nicholas Tse Ting-Fung"", ""Yu Shi"", ""Chen Lijun"", ""Sun Yizhou"", ""Ci Sha"", ""Li Yunxiao"", ""Tony Leung Ka-fai""]","[""Yuen Woo-Ping""]","[""martial arts"", ""bounty hunter"", ""wuxia"", ""historical drama"", ""historical epic"", ""a.d. anno domini"", ""based on manhua"", ""admiring""]",2026-02-17,/AbunjMKX4P1sDNlKfhYrWkIoRD9.jpg,7.1,32,25.1935,zh,2026-04-02T18:21:21.551326
13494,Red Sonja,Red Sonja,A young girl rises from the ashes of tragedy to become the most feared warrior woman of all time: the She-Devil with a Sword.,"[""Adventure"", ""Action"", ""Fantasy"", ""Drama""]","[""Matilda Lutz"", ""Robert Sheehan"", ""Wallis Day"", ""Luke Pasqualino"", ""Michael Bisping"", ""Martyn Ford"", ""Eliza Matengu"", ""Danica Davis""]","[""MJ Bassett""]","[""monster"", ""swordplay"", ""villainess"", ""queen"", ""talisman"", ""based on comic"", ""high fantasy"", ""female warrior"", ""sword and sorcery""]",2025-07-31,/aE3yh4y0h96CZZpLo0UDFMWZAA9.jpg,5.7,208,13.5421,en,2026-04-02T18:21:22.013665
300214,Karthikeya,కార్తికేయ,Nikhil Siddharth and Swathi Reddy are back once again onscreen with Karthikeya. The mystery of the Subramanian Swamy temple which has remained closed for years is the crux of the movie. Local people in the village are curious why the temple has been locked up for years? The lead protagonists take the initiative to solve the mystery.,"[""Mystery"", ""Thriller""]","[""Nikhil Siddhartha"", ""Swathi Reddy"", ""Praveen"", ""Satya"", ""Tanikella Bharani"", ""Rao Ramesh"", ""Kishore"", ""Jayaprakash""]","[""Chandoo Mondeti""]","[""temple"", ""hindu mythology""]",2014-10-24,/tWs1JQlZX4AfBGSVYYTIXe05VBq.jpg,6.125,24,2.0822,te,2026-04-02T18:21:22.281490
1236153,Mercy,Mercy,"In the near future, a detective stands on trial accused of murdering his wife. He has ninety minutes to prove his innocence to the advanced AI Judge he once championed, before it determines his fate.","[""Science Fiction"", ""Action"", ""Thriller""]","[""Chris Pratt"", ""Rebecca Ferguson"", ""Kali Reis"", ""Kylie Rogers"", ""Chris Sullivan"", ""Jeff Pierre"", ""Annabelle Wallis"", ""Rafi Gavron""]","[""Timur Bekmambetov""]","[""race against time"", ""mission"", ""artificial intelligence (a.i.)"", ""bomb"", ""kidnapping"", ""los angeles, california"", ""false accusations"", ""innocent suspect"", ""father daughter relationship"", ""criminal justice system"", ""evidence room"", ""near future"", ""screenlife"", ""crime"", ""dystopian sci-fi""]",2026-01-20,/pyok1kZJCfyuFapYXzHcy7BLlQa.jpg,7.01,958,84.8815,en,2026-04-02T18:21:22.669308
81082,Malliswari,మల్లీశ్వరి,"A man falls in love with a woman, unbeknownst to the fact that she is a princess in hiding.","[""Comedy"", ""Romance""]","[""Venkatesh"", ""Katrina Kaif"", ""Kota Srinivasa Rao"", ""Sunil Varma"", ""Brahmanandam"", ""Hema"", ""Tanikella Bharani"", ""M. Balayya""]","[""K. Vijaya Bhaskar""]",[],2004-02-18,/kY5BFcSodBPz3P2KVNLaT6DZyLW.jpg,6.7,19,0.9882,te,2026-04-02T18:21:23.154340
1100988,28 Years Later,28 Years Later,"Twenty-eight years after the Rage virus outbreak, a heavily-defended island survives connected to the mainland by a single causeway. When one of the group leaves the island into the dark heart of the mainland, he discovers secrets, wonders, and horrors that have mutated not only the infected but other survivors as well.","[""Horror"", ""Thriller"", ""Science Fiction""]","[""Jodie Comer"", ""Aaron Taylor-Johnson"", ""Alfie Williams"", ""Ralph Fiennes"", ""Jack O'Connell"", ""Chi Lewis-Parry"", ""Edvin Ryding"", ""Christopher Fulford""]","[""Danny Boyle""]","[""england"", ""post-apocalyptic future"", ""satanism"", ""satanist"", ""sequel"", ""survival"", ""zombie"", ""survival horror"", ""satanic cult"", ""zombie apocalypse"", ""northumberland"", ""violence"", ""bold"", ""compassionate"", ""ghoulish"", ""lindisfarne""]",2025-06-18,/n5FygjEppOvac6yEaowi26nTyw3.jpg,6.603,2365,13.8564,en,2026-04-02T18:21:23.561382
664767,Mortal Kombat Legends: Scorpion's Revenge,Mortal Kombat Legends: Scorpion's Revenge,"After the vicious slaughter of his family by stone-cold mercenary Sub-Zero, Hanzo Hasashi is exiled to the torturous Netherrealm. There, in exchange for his servitude to the sinister Quan Chi, he’s given a chance to avenge his family – and is resurrected as Scorpion, a lost soul bent on revenge. Back on Earthrealm, Lord Raiden gathers a team of elite warriors – Shaolin monk Liu Kang, Special Forces officer Sonya Blade and action star Johnny Cage – an unlikely band of heroes with one chance to save humanity. To do this, they must defeat Shang Tsung’s horde of Outworld gladiators and reign over the Mortal Kombat tournament.","[""Animation"", ""Action"", ""Fantasy""]","[""Patrick Seitz"", ""Jordan Rodrigues"", ""Jennifer Carpenter"", ""Joel McHale"", ""Ike Amadi"", ""Steve Blum"", ""Artt Butler"", ""Darin De Paul""]","[""Ethan Spaulding""]","[""magic"", ""ninja fighter"", ""revenge"", ""sorcerer"", ""tournament"", ""shaolin monk"", ""fighting"", ""based on video game"", ""adult animation"", ""god of thunder""]",2020-04-12,/iBvo3qOPcmhlqAaJcXcQHtx2qLk.jpg,8.1,1441,3.6601,en,2026-04-02T18:21:23.973575
81088,Mass,మాస్,"Mass, an orphan, bonds well with his landlord's son, Adi, who is in love with a mafia head's daughter. Attempting to separate the lovers, the gangsters kill Adi and Mass sets out to seek revenge.","[""Drama"", ""Action"", ""Crime"", ""Romance""]","[""Nagarjuna Akkineni"", ""Jyothika"", ""Rahul Dev"", ""Charmy Kaur"", ""Raghuvaran"", ""Sunil Varma"", ""Prakash Raj"", ""Raghava Lawrence""]","[""Raghava Lawrence""]",[],2004-12-23,/h0sU47Zph0iyTvlKrfOq0kKBKY3.jpg,6.1,22,1.5419,te,2026-04-02T18:21:24.239803
812225,Black Clover: Sword of the Wizard King,映画 ブラッククローバー 魔法帝の剣,"As a lionhearted boy who can't wield magic strives for the title of Wizard King, four banished Wizard Kings of yore return to crush the Clover Kingdom.","[""Animation"", ""Fantasy"", ""Action"", ""Adventure""]","[""Gakuto Kajiwara"", ""Nobunaga Shimazaki"", ""Junichi Suwabe"", ""Kana Yuuki"", ""Toshihiko Seki"", ""Toshiyuki Morikawa"", ""Hochu Otsuka"", ""Miyuki Sawashiro""]","[""Ayataka Tanemura""]","[""magic"", ""based on manga"", ""demon"", ""wizard"", ""shounen"", ""anime""]",2023-06-16,/9YEGawvjaRgnyW6QVcUhFJPFDco.jpg,8.098,362,6.8257,ja,2026-04-02T18:21:24.652880
1254594,Omukade,โอมุคาเดะ,"The story unfolds in a cursed mine, where Japanese soldiers and their captives find themselves trapped. As tensions between enemies reach a breaking point, they are forced to confront a terrifying, ancient monster lurking in the shadows.","[""Horror"", ""Thriller"", ""War""]","[""Narilya Gulmongkolpech"", ""James Laver"", ""Yasaka Chaisorn"", ""Daung"", ""Ohmi Ryota"", ""Hideki Nagayama"", ""Keerati Sivakua"", ""Sawanee Utoomma""]","[""Pakphum Wongjinda"", ""Chalit Krileadmongkon""]",[],2026-01-22,/tSwMkZs3c2xbHN6Khxsq4ELOO1w.jpg,0.0,0,2.1513,th,2026-04-02T18:21:25.129217
662723,Danur: The Last Chapter,Danur: The Last Chapter,"After years of separation from her ghost friends, Risa goes on with her life, closing the door to any communication with any ghosts. However, things change when her sister, Riri, is proposed. In an old theater and begins acting strangely in the time leading to her wedding. Not only does Riri change, but Risa also begins experiencing a series of strange events, as if she’s experiencing a painful death repeatedly. Risa suspects that this was happening because her ghost friends, Peter and his friends, were trying to convey something.","[""Horror"", ""Mystery"", ""Thriller""]","[""Prilly Latuconsina"", ""Zee Asadel"", ""Dito Darmawan"", ""Lewis Robert"", ""Muhammad Fauzan"", ""Zachary Ayden"", ""Said Darian Rizqi"", ""Fillio Dheno""]","[""Awi Suryadi""]","[""based on novel or book"", ""ballet dancer"", ""sequel"", ""wedding"", ""church"", ""ghost"", ""haunted"", ""terror"", ""theater"", ""dutch colonialism"", ""final""]",2026-03-18,/5iQT4xVcc8MokEVvYlruTSkOFfb.jpg,6.667,3,8.0176,id,2026-04-02T18:21:25.520675
1629382,Street Flow 3,Banlieusards 3,"Grieving and facing the consequences of their crimes, the Traoré brothers get one last chance to forge a new path.","[""Drama""]","[""Bakary Diombera"", ""Mohamed-Lamine Ciss\u00e9"", ""Bilal Ben Osmane"", ""Jammeh Diangana"", ""Cherine Ghemri"", ""Foued Nabba"", ""Kadi Diarra"", ""Alix Mathurin""]","[""Le\u00efla Sy"", ""Alix Mathurin""]","[""rap music"", ""ghetto"", ""drama""]",2026-03-04,/vl50ruzFWxrbK4zFz0ySjC3TdyK.jpg,5.598,46,8.7626,fr,2026-04-02T18:21:25.906545
1299655,Blue Moon,Blue Moon,"On the evening of March 31, 1943, legendary lyricist Lorenz Hart confronts his shattered self-confidence in Sardi’s bar as his former collaborator, Richard Rodgers, celebrates the opening night of his ground-breaking hit musical, “Oklahoma!”","[""History"", ""Drama"", ""Comedy""]","[""Ethan Hawke"", ""Bobby Cannavale"", ""Andrew Scott"", ""Margaret Qualley"", ""Patrick Kennedy"", ""Jonah Lees"", ""Simon Delaney"", ""Giles Surridge""]","[""Richard Linklater""]","[""alcoholism"", ""lyricist"", ""lgbt"", ""1940s"", ""bar"", ""witty""]",2025-10-17,/dVU7SNc6dgStTVdtbPLQncWxsyZ.jpg,6.633,236,7.2646,en,2026-04-02T18:21:26.312384
1127628,The Thing with Feathers,The Thing with Feathers,"After a tragic loss, a grieving father tries to raise his young sons whilst dealing with an unlikely, unpredictable, and uninvited houseguest.","[""Drama""]","[""Benedict Cumberbatch"", ""David Thewlis"", ""Sam Spruell"", ""Vinette Robinson"", ""Leo Bill"", ""Garry Cooper"", ""Jessie Cave"", ""Adam Basil""]","[""Dylan Southern""]","[""based on novel or book"", ""widower"", ""death of mother"", ""death of wife"", ""father son relationship"", ""loss of mother"", ""loss of wife"", ""coping"", ""independent film"", ""psychological drama"", ""amused""]",2025-10-17,/j3kM0tMW7EQaOrit0JW9NvoPPrp.jpg,6.5,32,3.0861,en,2026-04-02T18:21:26.717627
1060046,HIT: The Third Case,హిట్: ది థర్డ్ కేస్,The Homicide Intervention Team (HIT) sends ruthless police officer Arjun Sarkaar to find a group of killers and stop their grisly murder spree.,"[""Crime"", ""Thriller"", ""Action""]","[""Nani"", ""Srinidhi Shetty"", ""Komalee Prasad"", ""Rao Ramesh"", ""Surya Srinivas"", ""Adil Pala"", ""Prateik Smita Patil"", ""Amit Sharma""]","[""Sailesh Kolanu""]","[""investigation"", ""violent death"", ""anxious"", ""brutal murder""]",2025-04-30,/wT9tGyFol4RBwkjESXUWeBdnLJn.jpg,6.8,49,1.3888,te,2026-04-02T18:21:27.200531
11471,A Better Tomorrow,英雄本色,"A reforming ex-gangster tries to reconcile with his estranged policeman brother, but the ties to his former gang are difficult to break.","[""Action"", ""Crime"", ""Drama""]","[""Ti Lung"", ""Chow Yun-Fat"", ""Leslie Cheung"", ""Emily Chu Bo-Yee"", ""Waise Lee Chi-Hung"", ""Tien Feng"", ""John Woo"", ""Sek Yin-Tsi""]","[""John Woo""]","[""prison"", ""sibling relationship"", ""snake"", ""observer"", ""brotherhood"", ""conciliation"", ""arrest"", ""revenge"", ""counterfeit"", ""hong kong"", ""police officer"", ""triad"", ""shocking"", ""brothers""]",1986-08-02,/uxZIWxOm2yonHyjLARzW37aEZjF.jpg,7.382,604,5.2872,cn,2026-04-02T18:21:27.594070
1408208,Exit 8,８番出口,"A man trapped in an endless sterile subway passageway sets out to find Exit 8. The rules of his quest are simple: do not overlook anything out of the ordinary. If you discover an anomaly, turn back immediately. If you don’t, carry on. Then leave from Exit 8. But even a single oversight will send him back to the beginning. Will he ever reach his goal and escape this infinite corridor?","[""Horror"", ""Mystery""]","[""Kazunari Ninomiya"", ""Yamato Kochi"", ""Nana Komatsu"", ""Naru Asanuma"", ""Kotone Hanase"", ""Hirota Otsuka"", ""Tara Nakashima"", ""Reo Soda""]","[""Genki Kawamura""]","[""exit"", ""based on video game"", ""station"", ""anomaly"", ""thoughtful"", ""cautionary"", ""introspective"", ""psychological"", ""liminal"", ""metro"", ""psychological horror"", ""liminal space"", ""liminal horror"", ""endless cycle""]",2025-08-28,/nQXYTvm6AY4WmtcPskroqC7Skh.jpg,6.478,246,17.56,ja,2026-04-02T18:21:27.868771
378064,A Silent Voice: The Movie,映画 聲の形,"Shouya Ishida starts bullying the new girl in class, Shouko Nishimiya, because she is deaf. But as the teasing continues, the rest of the class starts to turn on Shouya for his lack of compassion. When they leave elementary school, Shouko and Shouya do not speak to each other again... until an older, wiser Shouya, tormented by his past behaviour, decides he must see Shouko once more. He wants to atone for his sins, but is it already too late...?","[""Animation"", ""Drama"", ""Romance""]","[""Miyu Irino"", ""Saori Hayami"", ""Aoi Yuuki"", ""Kensho Ono"", ""Yuki Kaneko"", ""Yui Ishikawa"", ""Megumi Han"", ""Toshiyuki Toyonaga""]","[""Naoko Yamada""]","[""high school"", ""friendship"", ""suicide"", ""suicide attempt"", ""deaf"", ""bullying"", ""coming of age"", ""school"", ""based on manga"", ""adult animation"", ""woman director"", ""sign languages"", ""shounen"", ""anime"", ""social anxiety"", ""japanese high school"", ""japanese school""]",2016-09-17,/tuFaWiqX0TXoWu7DGNcmX3UW7sT.jpg,8.385,4413,13.0163,ja,2026-04-02T18:21:28.291765
1643729,Ishqa'n De Lekhe,Ishqa'n De Lekhe,"Starring the sensational Gurnam Bhullar alongside the stunning Isha Malviya, this Punjabi cinema is crafted for every soul that has ever loved deeply. Directed by the talented Manvir Brar, Ishqa'n De Lekhe is set to redefine Punjabi romance on the big screen.","[""Drama"", ""Romance"", ""Music""]","[""Gurnam Bhullar"", ""Isha Malviya"", ""Rana Ranbir"", ""Mintu Kapa"", ""Balwinder Bullet"", ""Mohini Toor"", ""arshdeep kaur bhatti"", ""Shanaya Khanna""]","[""Manvir Brar""]",[],2026-03-06,/g3EpAFlNGqkYxkw8cHOANzi8u1.jpg,10.0,1,9.5247,pa,2026-04-02T18:21:28.814767
83154,Nagavalli,నాగవల్లి,"After a family member receives a Nagavalli/Chandramukhi's portrait as a prize in the Nagavalli Dance competition, various characters start having abnormal experiences. In order to save themselves and unfold the mystery, the family looks to Ramachandra Acharya and Dr. Vijay.","[""Action"", ""Fantasy"", ""Thriller"", ""Drama""]","[""Venkatesh"", ""Richa Gangopadhyay"", ""Anushka Shetty"", ""Poonam Kaur"", ""Kamalinee Mukherjee"", ""Avinash"", ""Shraddha Das"", ""Sarath Babu""]","[""P. Vasu""]",[],2010-12-16,/5Z4RvsQAPSyx5ItW1UcpTjsRgae.jpg,5.8,12,1.2843,te,2026-04-02T18:21:29.216041
23766,Billa,బిల్లా,A police inspector sends a gangster-lookalike to uncover the gang's secrets.,"[""Action"", ""Thriller""]","[""Prabhas"", ""Krishnam Raju"", ""Anushka Shetty"", ""Namitha"", ""Kelly Dorji"", ""Rahman"", ""Supreet"", ""Ali Basha""]","[""Meher Ramesh""]",[],2009-04-03,/dJlJskiQFVDcWdb2f9FGl23x84m.jpg,5.0,21,0.9768,te,2026-04-02T18:21:29.534382
1119449,"Good Luck, Have Fun, Don't Die","Good Luck, Have Fun, Don't Die",A 'Man from the Future' arrives at an LA diner where he must recruit the precise combination of disgruntled patrons to join him on a one-night quest to save the world from the terminal threat of a rogue artificial intelligence.,"[""Science Fiction"", ""Action"", ""Comedy""]","[""Sam Rockwell"", ""Juno Temple"", ""Haley Lu Richardson"", ""Michael Pe\u00f1a"", ""Zazie Beetz"", ""Asim Chaudhry"", ""Tom Taylor"", ""Georgia Goodman""]","[""Gore Verbinski""]","[""time travel"", ""diner"", ""transhumanism"", ""los angeles, california"", ""dark future"", ""mother son relationship"", ""cautionary"", ""adventure comedy"", ""assertive"", ""bold"", ""sci-fi adventure"", ""artificial intelligence"", ""team mission""]",2026-02-13,/rWcfOdY7TU6lTdazWj0ebDZnAfO.jpg,6.957,282,28.5537,en,2026-04-02T18:21:29.818815
685274,Mobile Suit Gundam Hathaway,機動戦士ガンダム 閃光のハサウェイ,"Twelve years after Char's rebellion, Hathaway Noa leads an insurgency against Earth Federation, but meeting an enemy officer and a mysterious woman alters his fate.","[""Animation"", ""Action"", ""Drama"", ""Science Fiction""]","[""Kensho Ono"", ""Reina Ueda"", ""Junichi Suwabe"", ""Soma Saito"", ""Atsumi Tanezaki"", ""Kenjiro Tsuda"", ""Toru Furuya"", ""Shunpei Kusano""]","[""Shukou Murase""]","[""based on novel or book"", ""space battle"", ""mecha"", ""military"", ""anime"", ""gundam""]",2021-06-11,/6gw8onh4FKsruBA7Oouv01EFxzn.jpg,7.208,142,5.5581,ja,2026-04-02T18:21:30.270341
1242332,Normal,Normal,"Interim sheriff Ulysses, called to the snowbound town of Normal, MN, uncovers an international criminal conspiracy at the heart of the seemingly quaint whistle-stop when he comes to the aid of a bank-robbing couple caught up in a deadly mess.","[""Action"", ""Crime"", ""Thriller""]","[""Bob Odenkirk"", ""Henry Winkler"", ""Lena Headey"", ""Ryan Allen"", ""Billy MacLellan"", ""Brendan Fletcher"", ""Peter Shinkoda"", ""Jess McLeod""]","[""Ben Wheatley""]","[""small town"", ""sheriff"", ""bank robbery"", ""small town sheriff"", ""corrupt mayor"", ""secret benefactor"", ""action packed"", ""criminal plot"", ""criminal conspiracy"", ""small town minnesota""]",2026-04-16,/dHP7nurzOYGHNcNK1O4naVzsGCv.jpg,0.0,0,5.5223,en,2026-04-02T18:21:30.704818
761053,Gabriel's Inferno: Part III,Gabriel's Inferno: Part III,The final part of the film adaption of the erotic romance novel Gabriel's Inferno written by an anonymous Canadian author under the pen name Sylvain Reynard.,"[""Romance"", ""Drama""]","[""Melanie Zanetti"", ""Giulio Berruti"", ""Rhett Wellington Ramirez"", ""James Andrew Fraser"", ""Margaux Brooke"", ""Pat Asanti"", ""Julia Barrett-Mitchell"", ""Kurt McKinney""]","[""Tosca Musk""]",[],2020-11-19,/fYtHxTxlhzD4QWfEbrC1rypysSD.jpg,8.4,1074,4.3529,en,2026-04-02T18:21:30.973630
1262815,The Choral,The Choral,"As World War I rages on, Dr. Henry Guthrie takes over a British choral society that's lost most of its men to the army. The community soon discovers that the best response to the chaos of war is to make beautiful music together.","[""Comedy"", ""Drama"", ""Music""]","[""Ralph Fiennes"", ""Roger Allam"", ""Mark Addy"", ""Alun Armstrong"", ""Simon Russell Beale"", ""Robert Emms"", ""Lyndsey Marshal"", ""Ron Cook""]","[""Nicholas Hytner""]","[""world war i"", ""choir"", ""yorkshire"", ""period drama"", ""frantic"", ""1910s"", ""teenager"", ""choral""]",2025-11-07,/yQtms7CSM0CE0W6dYbLLAATb5rL.jpg,6.3,23,2.9769,en,2026-04-02T18:21:31.378304
1422562,The Moment,The Moment,"A rising pop sensation navigates fame and industry pressures while preparing for her arena tour debut, revealing the transformation of underground culture into mainstream success.","[""Drama"", ""Music"", ""Comedy""]","[""Charli xcx"", ""Alexander Skarsg\u00e5rd"", ""Rosanna Arquette"", ""Hailey Benton Gates"", ""Jamie Demetriou"", ""Rachel Sennott"", ""Kate Berlant"", ""Rish Shah""]","[""Aidan Zamiri""]","[""london, england"", ""concert"", ""pop star"", ""narcissism"", ""controversy"", ""ibiza"", ""scandal"", ""mockumentary"", ""biting"", ""price of fame"", ""apology"", ""nostalgic"", ""social media"", ""frantic"", ""satirical"", ""complex"", ""playful"", ""introspective"", ""meta"", ""independent film""]",2026-01-30,/dYgCgTqqMnWdsnP2XirdcFB28ch.jpg,5.963,41,5.7135,en,2026-04-02T18:21:32.033650
77031,Jagadeka Veerudu Athiloka Sundari,జగదేకవీరుడు అతిలోకసుందరి,"A man finds a ring that gives the bearer great power, but the goddess to whom the ring belongs wants it back to return to her world.","[""Action"", ""Comedy"", ""Fantasy""]","[""Chiranjeevi"", ""Sridevi"", ""Amrish Puri"", ""Prabhakar"", ""Allu Ramalingaiah"", ""Rami Reddy"", ""Tanikella Bharani"", ""Brahmanandam""]","[""K Raghavendra Rao""]",[],1990-05-09,/q1B0XgJmzlSP6sujx95ny2tSwrK.jpg,8.2,11,0.7222,te,2026-04-02T18:21:32.467727
1572073,The Deadly Little Mermaid,The Deadly Little Mermaid,"Some secrets are better left at the bottom of the ocean. Once she's in your house, there is no escape. When a struggling artist pulls a beautiful, unconscious woman from the freezing coastal waters, he thinks he’s performed a miracle. But as she recovers within the walls of his secluded home, a series of unsettling events leads him to a terrifying realization: her presence is no coincidence. She is inextricably linked to the same watery grave that claimed his family years ago.","[""Horror""]","[""Elliott Eason"", ""Sophia Carroll"", ""Eleanor Mackenzie"", ""Anastasia Nikolaeva"", ""Maddy Baskerville"", ""Sasha Van Reenen"", ""Cameron Uzoka"", ""Christian Ndonda""]","[""Cameron Uzoka""]",[],2026-03-06,/uye25uG7k8r3NNPLyPiKOiRnFRF.jpg,4.7,23,79.9078,en,2026-04-02T18:21:32.817584
1653996,Perros y Diablos,Perros y Diablos,,"[""Drama"", ""Thriller""]","[""Aquilino Gamazo"", ""Antonio Coca"", ""Joaqu\u00edn N\u00fa\u00f1ez""]",[],[],2026-03-18,/7ateP8tehPJOk7kdvIuH4co99Ls.jpg,5.0,2,12.7844,es,2026-04-02T18:21:33.323111
23790,Magadheera,మగధీర,"A street-bike racer chances upon a woman and is struck by visions of a past life where they were both star-crossed lovers in a war-ridden kingdom 400 years ago, while the reincarnation of his romantic rival emerges with murderous intent.","[""Action""]","[""Ram Charan"", ""Kajal Aggarwal"", ""Dev Gill"", ""Srihari"", ""Sunil Varma"", ""Surya Bhagawan Das"", ""Chatrapathi Sekhar"", ""Sarath Babu""]","[""S. S. Rajamouli""]","[""warrior"", ""love story"", ""blockbuster"", ""reincarnated lovers""]",2009-07-31,/xK7MEV56GF291VG0U5XnVJuvNv3.jpg,7.2,140,2.1742,te,2026-04-02T18:21:33.637446
103663,The Hunt,Jagten,"A teacher lives a lonely life, all the while struggling over his son’s custody. His life slowly gets better as he finds love and receives good news from his son, but his new luck is about to be brutally shattered by an innocent little lie.","[""Drama""]","[""Mads Mikkelsen"", ""Thomas Bo Larsen"", ""Annika"", ""Lasse Fogelstr\u00f8m"", ""Susse Wold"", ""Anne Louise Hassing"", ""Lars Ranthe"", ""Alexandra Rapaport""]","[""Thomas Vinterberg""]","[""pedophilia"", ""denmark"", ""parent child relationship"", ""lie"", ""father"", ""kindergarten"", ""teacher"", ""tragedy"", ""school"", ""pedophile"", ""bloody fight"", ""divorce"", ""hunting"", ""pond"", ""dead dog"", ""grocery store"", ""christmas"", ""nude swimming"", ""psychological drama"", ""drama""]",2012-10-25,/jkixsXzRh28q3PCqFoWcf7unghT.jpg,8.095,4682,6.5281,da,2026-04-02T18:21:34.037212
1131759,Omniscient Reader: The Prophecy,전지적 독자 시점,"Kim Dok-ja, an ordinary man in his 20s, is the only reader of an obscure web novel titled ""Three Ways to Survive the Apocalypse"". After having read the last chapter, the novel suddenly becomes reality, and its omnipotent hero Yu Jung-hyeok appears before Kim. As the only person who knows how to survive in this world, Kim and his companions strive to save the world by writing his own, new ending.","[""Action"", ""Adventure"", ""Fantasy""]","[""Ahn Hyo-seop"", ""Lee Min-ho"", ""Chae Soo-bin"", ""Shin Seung-ho"", ""Nana"", ""Kwon Eun-seong"", ""JISOO"", ""Park Ho-san""]","[""Kim Byung-woo""]","[""based on novel or book"", ""survival"", ""apocalypse"", ""super power"", ""based on web novel"", ""action"", ""blockbuster"", ""post-apocalyptic""]",2025-07-23,/uXdKubg6wHG9poAsKweUM1zQpdy.jpg,6.821,81,10.7497,ko,2026-04-02T18:21:34.457017
443635,DJ: Duvvada Jagannadham,డీజే: దువ్వాడ జగన్నాథం,"A righteous young man who helps everyone gain their rightful justice, gets recruited as an undercover agent to work on a high profile case that involves a crime lord working for a corrupt minister who also happens to be the father of his romantic interest.","[""Action"", ""Comedy"", ""Crime""]","[""Allu Arjun"", ""Pooja Hegde"", ""Rao Ramesh"", ""Murali Sharma"", ""Tanikella Bharani"", ""Vennela Kishore"", ""Subbaraju"", ""Chandramohan""]","[""Harish Shankar""]",[],2017-06-23,/okq2Q1f2alXGWQMLsCi4wXoAXt4.jpg,5.89,59,2.4697,te,2026-04-02T18:21:34.760327
77043,Yamadonga,యమదొంగ,"Raja, an orphaned thief, dies while helping a gang in kidnapping a wealthy heiress, Mahi, in exchange of money. He then lands in Yamlok and fights with Yama, the god of death, to get his life back.","[""Fantasy"", ""Action"", ""Comedy""]","[""N.T. Rama Rao Jr."", ""Priyamani"", ""Mamta Mohandas"", ""Mohan Babu"", ""Brahmanandam"", ""Ali Basha"", ""Jayaprakash Reddy"", ""Raghu Babu""]","[""S. S. Rajamouli""]",[],2007-08-15,/3CcAZYYkG0dralHCyOmouS6dNPh.jpg,6.167,30,1.3148,te,2026-04-02T18:21:35.079642
1330421,Bone Lake,Bone Lake,"A couple’s romantic vacation at a secluded lakeside estate is upended when they are forced to share the mansion with a mysterious and attractive couple. In this darkly hilarious and seductive horror story, a dream getaway spirals into a nightmarish maze of sex, lies, and manipulation, bringing terrifying secrets to light and triggering a bloody battle for survival.","[""Horror"", ""Mystery"", ""Thriller""]","[""Alex Roe"", ""Maddie Hasson"", ""Marco Pigossi"", ""Andra Nechita"", ""Clayton Spencer"", ""Eliane Reis""]","[""Mercedes Bryce Morgan""]","[""cheating"", ""hidden camera"", ""murder"", ""serial killer"", ""chainsaw"", ""incest"", ""erotic thriller"", ""airbnb"", ""ridiculous"", ""brother sister incest""]",2025-10-02,/sGo5ti82LlydAZrvcsaj31iPuEI.jpg,5.884,164,5.5295,en,2026-04-02T18:21:35.674562
1582328,Love At Last,Sonunda Sen,"The funny story of Aslı, an advertising executive who doesn't want to be alone on Valentine's Day.","[""Comedy"", ""Romance""]","[""Eda Ece"", ""Kaan Y\u0131ld\u0131r\u0131m"", ""Pelin Uluksar"", ""Devrim Yakut"", ""Tamer Levent"", ""Seren \u015eirince"", ""K\u00fcr\u015fat Demir"", ""Onur G\u00f6zeten""]","[""Do\u011fa Can Anafarta""]",[],2026-03-27,/mnBW7o8ycDi8WotGeRkGoDxrNMd.jpg,0.0,0,15.4235,tr,2026-04-02T18:21:36.124371
324857,Spider-Man: Into the Spider-Verse,Spider-Man: Into the Spider-Verse,"Struggling to find his place in the world while juggling school and family, Brooklyn teenager Miles Morales is unexpectedly bitten by a radioactive spider and develops unfathomable powers just like the one and only Spider-Man. While wrestling with the implications of his new abilities, Miles discovers a super collider created by the madman Wilson ""Kingpin"" Fisk, causing others from across the Spider-Verse to be inadvertently transported to his dimension.","[""Animation"", ""Action"", ""Adventure"", ""Science Fiction""]","[""Shameik Moore"", ""Jake Johnson"", ""Hailee Steinfeld"", ""Mahershala Ali"", ""Brian Tyree Henry"", ""Lily Tomlin"", ""Luna Lauren V\u00e9lez"", ""Zo\u00eb Kravitz""]","[""Bob Persichetti"", ""Peter Ramsey"", ""Rodney Rothman""]","[""superhero"", ""based on comic"", ""aftercreditsstinger"", ""alternate universe""]",2018-12-06,/iiZZdoQBEYBv6id8su7ImL0oCbD.jpg,8.393,17007,23.8979,en,2026-04-02T18:21:36.499982
1316092,"""Wuthering Heights""","""Wuthering Heights""","Tragedy strikes when Heathcliff falls in love with Catherine Earnshaw, a woman from a wealthy family in 18th-century England.","[""Romance"", ""Drama""]","[""Margot Robbie"", ""Jacob Elordi"", ""Hong Chau"", ""Alison Oliver"", ""Shazad Latif"", ""Martin Clunes"", ""Ewan Mitchell"", ""Amy Morgan""]","[""Emerald Fennell""]","[""dying and death"", ""infidelity"", ""based on novel or book"", ""forbidden love"", ""grief"", ""orphan"", ""period drama"", ""biting"", ""sexual sadism"", ""kinky"", ""foster child"", ""18th century"", ""woman director"", ""gothic romance"", ""whitewashing"", ""passion and romance"", ""romantic drama"", ""dramatic"", ""violence"", ""conceited""]",2026-02-11,/lGlJ2cTDwMacj5nuANd38UjVGNQ.jpg,6.5,630,125.0431,en,2026-04-02T18:21:36.819044
353533,Srimanthudu,శ్రీమంతుడు,"Harsha, a multi-millionaire guy who has everything but there is something else he's looking for and in the process he adopts a complete village trying to bring change in the people.","[""Action"", ""Drama""]","[""Mahesh Babu"", ""Shruti Haasan"", ""Jagapati Babu"", ""Mukesh Rishi"", ""Sampath Raj"", ""Rajendra Prasad"", ""Ali Basha"", ""Shivaji Raja""]","[""Koratala Siva""]","[""crime boss"", ""political intrigue\u00a0"", ""wrongful conviction"", ""family values"", ""political corruption"", ""social issues"", ""false arrest"", ""remote village"", ""father son relationship"", ""infrastructure"", ""social responsibility"", ""romantic"", ""uplifting message"", ""rural development""]",2015-08-07,/qHSgSMZUiIqKCe76PBs6QuA6MRM.jpg,6.8,57,1.2966,te,2026-04-02T18:21:37.130119
281855,Shock,షాక్,"A man who leads a happy and harmonious life with his beloved wife is mistakenly shot at by encounter specialists. Thereafter, he is framed as a Maoist and imprisoned. Can he and his wife find a way to prove his innocence and avenge the injustice committed against them?","[""Action"", ""Drama""]","[""Ravi Teja"", ""Jyothika"", ""Brahmanandam"", ""Tabu"", ""Nagendra Babu"", ""Subbaraju"", ""Kota Srinivasa Rao"", ""Raghu Babu""]","[""Harish Shankar""]",[],2006-02-09,/JbdempxA4XcprPGBB9gbF08st1.jpg,5.7,7,1.0018,te,2026-04-02T18:21:37.629974
1187075,MAD,MAD,"Set in an engineering college and revolves around the antics of the students there, primarily the boys, who get a kick out of torturing the hostel warden.","[""Comedy"", ""Romance"", ""Drama""]","[""Sangeeth Shobhan"", ""Narne Nithin"", ""Ram Nithin"", ""Vishnu Oi"", ""Sri Gouri Priya Reddy"", ""Ananthika Sanilkumar"", ""Gopika Udayan"", ""Raghu Babu""]","[""Kalyan Shankar""]",[],2023-10-06,/nDpOmgBfQZwOpFBcgokQGqd74r1.jpg,6.5,25,1.0946,te,2026-04-02T18:21:37.895562
967941,Wicked: For Good,Wicked: For Good,"As an angry mob rises against the Wicked Witch, Glinda and Elphaba will need to come together one final time. With their singular friendship now the fulcrum of their futures, they will need to truly see each other, with honesty and empathy, if they are to change themselves, and all of Oz, for good.","[""Fantasy"", ""Adventure"", ""Romance""]","[""Cynthia Erivo"", ""Ariana Grande"", ""Jeff Goldblum"", ""Michelle Yeoh"", ""Jonathan Bailey"", ""Ethan Slater"", ""Marissa Bode"", ""Colman Domingo""]","[""Jon M. Chu""]","[""witch"", ""based on novel or book"", ""musical"", ""female friendship"", ""based on play or musical"", ""sequel"", ""con artist"", ""prequel"", ""corrupt politician"", ""governess"", ""fantasy world"", ""witch hunt"", ""wizard"", ""political corruption"", ""illegitimate child"", ""power struggle"", ""woman in wheelchair"", ""farm girl"", ""munchkins"", ""ambiguous""]",2025-11-19,/si9tolnefLSUKaqQEGz1bWArOaL.jpg,6.6,901,17.4962,en,2026-04-02T18:21:38.644881
369925,Oopiri,ఊపిరి,A true story of two men who should never have met – a quadriplegic aristocrat who was injured in a paragliding accident and a young man from the projects.,"[""Drama"", ""Family"", ""Romance""]","[""Nagarjuna Akkineni"", ""Karthi"", ""Tamannaah Bhatia"", ""Jayasudha"", ""Prakash Raj"", ""Ali Basha"", ""Vivek"", ""Anushka Shetty""]","[""Vamshi Paidipally""]","[""friendship"", ""paraplegic"", ""male friendship"", ""remake"", ""based on movie"", ""unlikely friendship"", ""paralyzed""]",2016-03-25,/iXsJEdk1P3V2cm2TSRBuG8ZS1pz.jpg,7.1,50,1.365,te,2026-04-02T18:21:38.916460
912649,Venom: The Last Dance,Venom: The Last Dance,"Eddie and Venom are on the run. Hunted by both of their worlds and with the net closing in, the duo are forced into a devastating decision that will bring the curtains down on Venom and Eddie's last dance.","[""Action"", ""Science Fiction"", ""Adventure""]","[""Tom Hardy"", ""Chiwetel Ejiofor"", ""Juno Temple"", ""Rhys Ifans"", ""Stephen Graham"", ""Peggy Lu"", ""Clark Backo"", ""Alanna Ubach""]","[""Kelly Marcel""]","[""hero"", ""superhero"", ""anti hero"", ""villain"", ""alien life-form"", ""based on comic"", ""sequel"", ""aftercreditsstinger"", ""woman director""]",2024-10-22,/vGXptEdgZIhPg3cGlc7e8sNPC2e.jpg,6.7,4086,20.5783,en,2026-04-02T18:21:39.314950
1205515,"Sorry, Baby","Sorry, Baby","Agnes feels stuck. Unlike her best friend, Lydie, who’s moved to New York and is now expecting a baby, Agnes still lives in the New England house they once shared as graduate students, now working as a professor at her alma mater. A ‘bad thing’ happened to Agnes a few years ago and, since then, despite her best efforts, life hasn’t gotten back on track.","[""Drama"", ""Comedy""]","[""Eva Victor"", ""Naomi Ackie"", ""Louis Cancelmi"", ""Kelly McCormack"", ""Lucas Hedges"", ""John Carroll Lynch"", ""Hettienne Park"", ""E.R. Fightmaster""]","[""Eva Victor""]","[""rape"", ""post-traumatic stress disorder (ptsd)"", ""cat"", ""professor"", ""massachusetts"", ""female friendship"", ""jury duty"", ""female protagonist"", ""pregnant woman"", ""healing process"", ""sexual assault"", ""female teacher"", ""anxious"", ""playful"", ""student mentor relationship"", ""independent film"", ""absurd"", ""grad school"", ""hilarious"", ""nonbinary director""]",2025-06-27,/n8wZEQen5hDNRGzm4fY4sxWe5xe.jpg,6.9,258,5.8065,en,2026-04-02T18:21:39.709390
1414413,Brothers Under Fire,Brothers Under Fire,"Captain Jordan Wright's squadron on leave for a wedding in Mexico encounters a murderous cartel. As Jordan tries to lead survivors to safety, war erupts between his squad and the cartel, forcing him into a battle to save his men.","[""Action"", ""Thriller""]","[""Kiefer Sutherland"", ""Tommy Martinez"", ""Ashton Sanders"", ""Solly McLeod"", ""Laura Osma"", ""Omar Chaparro"", ""Orlando Pineda"", ""Laird Akeo""]","[""Justin Chadwick""]",[],2026-04-17,/xwHendC10u5WvIozmMyZGMvrZ0t.jpg,0.0,0,1.6472,en,2026-04-02T18:21:40.319127
361743,Top Gun: Maverick,Top Gun: Maverick,"After more than thirty years of service as one of the Navy’s top aviators, and dodging the advancement in rank that would ground him, Pete “Maverick” Mitchell finds himself training a detachment of TOP GUN graduates for a specialized mission the likes of which no living pilot has ever seen.","[""Action"", ""Drama""]","[""Tom Cruise"", ""Val Kilmer"", ""Miles Teller"", ""Jennifer Connelly"", ""Bashir Salahuddin"", ""Jon Hamm"", ""Charles Parnell"", ""Monica Barbaro""]","[""Joseph Kosinski""]","[""fighter pilot"", ""u.s. navy"", ""sequel"", ""nuclear weapons"", ""military"", ""aircraft carrier"", ""naval aviation"", ""war"", ""admiring"", ""audacious"", ""earnest""]",2022-05-21,/62HCnUTziyWcpDaBO2i1DX17ljH.jpg,8.152,10718,25.1943,en,2026-04-02T18:21:40.806884
1107216,Pets on a Train,Falcon Express,"When a train unexpectedly starts up, taking only pets with it, the animals discover that Hans, a badger with a grudge is behind it all. While the crash seems inevitable, the animals can count on Falcon, a roguish Raccoon who will do anything to save them.","[""Animation"", ""Comedy"", ""Adventure"", ""Thriller""]","[""Damien Ferrette"", ""Herv\u00e9 Jolly"", ""Kaycie Chase"", ""Frantz Confiac"", ""Emmanuel Garijo"", ""Nicolas Mari\u00e9"", ""St\u00e9phane Ronchewski"", ""S\u00e9bastien Desjours""]","[""Jean-Christian Tassy"", ""Beno\u00eet Daffis""]","[""train"", ""pets"", ""talking animal"", ""animal""]",2025-07-02,/b10qy1KwrfmH0MGS2rBUJ0BxgYB.jpg,6.9,43,8.8461,fr,2026-04-02T18:21:41.334697
802065,F3: Fun and Frustration,F3: ఫన్ అండ్ ఫ్రస్టేషన్,"Venky and Varun Yadav are ordinary guys with ordinary lives. Their struggle is all about money. One day they hear about a wealthy industrialist in Vijayanagaram who is looking for his heir. What happens when Venky, Varun and the gang arrive at his doorsteps pretending to be his heir.","[""Comedy"", ""Romance"", ""Family""]","[""Venkatesh"", ""Varun Tej"", ""Tamannaah Bhatia"", ""Mehreen Pirzada"", ""Rajendra Prasad"", ""Sunil Varma"", ""Raghu Babu"", ""Pragathi Mahavadi""]","[""Anil Ravipudi""]",[],2022-05-27,/c6yJv8fyNONChZ6bSAGsLEnvDKt.jpg,4.4,18,1.428,te,2026-04-02T18:21:41.921423
68883,Rouge,胭脂扣,"Amid the opulent teahouses of 1930s Hong Kong, a humble courtesan and the wayward scion of a wealthy family fall in love and embrace death by suicide pact. Fifty years later, her ghost returns to find him, drawing a young contemporary couple into her quest to rekindle a passion that may be as illusory as time itself.","[""Drama"", ""Fantasy"", ""Romance"", ""Mystery""]","[""Anita Mui Yim-Fong"", ""Leslie Cheung"", ""Alex Man Chi-Leung"", ""Emily Chu Bo-Yee"", ""Irene Wan"", ""Tam Sin-Hung"", ""Chu Shui-Tong"", ""Wong Yu""]","[""Stanley Kwan Kam-Pang""]","[""brothel""]",1987-12-05,/q2wAAeGagOmqmqEkEgveLJYBj89.jpg,7.357,84,4.0553,cn,2026-04-02T18:21:42.308880
1064213,Anora,Anora,"A young sex worker from Brooklyn gets her chance at a Cinderella story when she meets and impulsively marries the son of an oligarch. Once the news reaches Russia, her fairytale is threatened as his parents set out to get the marriage annulled.","[""Drama"", ""Comedy"", ""Romance""]","[""Mikey Madison"", ""Mark Eydelshteyn"", ""Yura Borisov"", ""Karren Karagulian"", ""Vache Tovmasyan"", ""Luna Sof\u00eda Miranda"", ""Lindsey Normington"", ""Darya Ekamasova""]","[""Sean Baker""]","[""new year's eve"", ""new york city"", ""marriage"", ""boardwalk"", ""baptism"", ""strip club"", ""coney island"", ""female protagonist"", ""mansion"", ""class differences"", ""las vegas"", ""lap dance"", ""home invasion"", ""drunk"", ""brooklyn, new york city"", ""screwball comedy"", ""new york subway"", ""hedonism"", ""psychotic"", ""immaturity""]",2024-10-14,/oN0o3owobFjePDc5vMdLRAd0jkd.jpg,7.062,3054,15.0045,en,2026-04-02T18:21:42.750607
527641,Five Feet Apart,Five Feet Apart,"Seventeen-year-old Stella spends most of her time in the hospital as a cystic fibrosis patient. Her life is full of routines, boundaries and self-control — all of which get put to the test when she meets Will, an impossibly charming teen who has the same illness. There's an instant flirtation, though restrictions dictate that they must maintain a safe distance between them. As their connection intensifies, so does the temptation to throw the rules out the window and embrace that attraction.","[""Romance"", ""Drama""]","[""Haley Lu Richardson"", ""Cole Sprouse"", ""Mois\u00e9s Arias"", ""Kimberly H\u00e9bert Gregory"", ""Parminder Nagra"", ""Claire Forlani"", ""Cynthia Evans"", ""Gary Weeks""]","[""Justin Baldoni""]","[""forbidden love"", ""terminal illness"", ""hospital"", ""best friend"", ""falling in love"", ""cystic fibrosis"", ""star crossed lovers"", ""first date"", ""true love"", ""teenager"", ""dramatic"", ""sentimental"", ""romantic"", ""melodramatic""]",2019-03-14,/kreTuJBkUjVWePRfhHZuYfhNE1T.jpg,8.217,5878,4.9469,en,2026-04-02T18:21:43.147591
25882,Indra,ఇంద్ర,"A man embarks on a quest to make peace between two families fighting over the water problem in their district. In a bid to solve this crisis, he agrees to marry a girl from the rival family.","[""Drama"", ""Action""]","[""Chiranjeevi"", ""Sonali Bendre"", ""Aarthi Agarwal"", ""Mukesh Rishi"", ""Sivaji Sontineni"", ""Brahmanandam"", ""Telangana Shakuntala"", ""Tanikella Bharani""]","[""B. Gopal""]","[""arranged marriage"", ""con man"", ""deception"", ""dysfunctional family"", ""machismo"", ""revenge"", ""betrayal"", ""massacre"", ""vengeance"", ""resilience"", ""death of a child"", ""feuding families""]",2002-07-24,/2PPCIPNzSRqRjyNf3ZU1NN8yXv.jpg,6.4,14,1.4909,te,2026-04-02T18:21:43.561445
7451,xXx,xXx,"Xander Cage is your standard adrenaline junkie with no fear and a lousy attitude. When the US Government ""recruits"" him to go on a mission, he's not exactly thrilled. His mission: to gather information on an organization that may just be planning the destruction of the world, led by the nihilistic Yorgi.","[""Action"", ""Adventure"", ""Thriller"", ""Crime"", ""Drama""]","[""Vin Diesel"", ""Asia Argento"", ""Marton Csokas"", ""Samuel L. Jackson"", ""Michael Roof"", ""Richy M\u00fcller"", ""Werner Daehn"", ""Petr J\u00e1kl""]","[""Rob Cohen""]","[""mission"", ""biological weapon"", ""sports car"", ""cold war"", ""prague, czech republic"", ""nsa agent"", ""adrenaline junkie"", ""thrill seeker""]",2002-08-09,/xeEw3eLeSFmJgXZzmF2Efww0q3s.jpg,5.982,4834,48.8648,en,2026-04-02T18:21:43.923929
42269,We All Loved Each Other So Much,C'eravamo tanto amati,"Three partisans bound by a strong friendship return home after the war, but the clash with everyday reality puts a strain on their bond.","[""Drama"", ""Comedy""]","[""Nino Manfredi"", ""Vittorio Gassman"", ""Stefania Sandrelli"", ""Stefano Satta Flores"", ""Giovanna Ralli"", ""Aldo Fabrizi"", ""Marcella Michelangeli"", ""Elena Fabrizi""]","[""Ettore Scola""]",[],1974-12-21,/zGGWYpiKNwjpKxelPxOMqJnUgDs.jpg,8.289,636,2.8589,it,2026-04-02T18:21:44.380262
7459,Speed Racer,Speed Racer,"Speed Racer is a young and brilliant racing driver. When corruption in the racing leagues costs his brother his life, Speed must team up with the police and the mysterious Racer X to bring an end to the corruption and criminal activities.","[""Family"", ""Action"", ""Adventure"", ""Comedy""]","[""Emile Hirsch"", ""Christina Ricci"", ""John Goodman"", ""Susan Sarandon"", ""Matthew Fox"", ""Benno F\u00fcrmann"", ""Hiroyuki Sanada"", ""Rain""]","[""Lana Wachowski"", ""Lilly Wachowski""]","[""car race"", ""loss of loved one"", ""chimp"", ""family"", ""duringcreditsstinger"", ""woman director"", ""live action remake"", ""based on tv series"", ""euphoric""]",2008-05-07,/fxRIpx9Op9h71q3tvuabx4GryyP.jpg,6.334,1737,4.6742,en,2026-04-02T18:21:44.788340
1461539,Caravan,Karavan,"Overwhelmed by motherhood, Ester steals a caravan and flees to southern Italy with her son David, with an intellectual disability. They meet a young drifter whose open heart transforms their makeshift family into something freer, lighter, and full of unexpected hope.","[""Drama""]","[""Anna Geislerov\u00e1"", ""Juli\u00e1na Brutovsk\u00e1"", ""David Vodstr\u010dil"", ""Jana Plodkov\u00e1"", ""Mario Russo"", ""Giandomenico Cupaiuolo"", ""Michele Abbondanza"", ""Stefano Cenci""]","[""Zuzana Kirchnerov\u00e1""]","[""rebellion"", ""countryside"", ""freedom"", ""autism"", ""single mother"", ""road movie"", ""motherhood"", ""intellectual disability"", ""mother son relationship""]",2025-08-07,/6Iz6olUSIxOdDGPriri3MYVueHb.jpg,5.0,1,1.4344,cs,2026-04-02T18:21:45.193844
1144107,The Legend of Hei 2,罗小黑战记 2,"When an attack shatters the fragile peace between the spirit world and humanity, Hei teams up with Luye, the last disciple of his Shifu Wuxian, to expose a conspiracy that threatens both realms - and the bond they've sworn to protect.","[""Animation"", ""Fantasy"", ""Action""]","[""Shan Xin"", ""Liu Mingyue"", ""Zhu Jing"", ""Luan Lisheng"", ""Fu Chen Yang"", ""Yan Ling"", ""Chen Qigang"", ""Li Lu""]","[""Gu Jie"", ""MTJJ""]","[""magic"", ""cat"", ""sequel"", ""lyrical"", ""donghua""]",2025-07-18,/ewZaW4gXqqllOelUpS98T49z6Gl.jpg,8.5,46,10.5438,zh,2026-04-02T18:21:45.460644
1266990,Kulong,Kulong,"Three friends retreat to a resort to collaborate on a daring screenplay for a contest. Faced with the challenge of writing about passion despite their own dry spells, their journey soon blurs the line between imagination and experience.","[""Drama""]","[""Jenn Rosa"", ""Aica Veloso"", ""Cariz Manzano"", ""JD Aguas"", ""Ralph Engle"", ""Ghion Layug"", ""Aina Ashley Roque""]","[""Sigrid Polon""]","[""lesbian relationship"", ""lgbt"", ""lesbian"", ""girls' love (gl)"", ""lesbian romance"", ""sexy""]",2024-05-24,/AnzrE2WHg3DtZrtmB9AnEbAh17m.jpg,6.4,15,23.9124,tl,2026-04-02T18:21:45.843946
290098,The Handmaiden,아가씨,"1930s Korea, in the period of Japanese occupation, a new girl, Sookee, is hired as a handmaiden to a Japanese heiress, Hideko, who lives a secluded life on a large countryside estate with her domineering Uncle Kouzuki. But the maid has a secret. She is a pickpocket recruited by a swindler posing as a Japanese Count to help him seduce the Lady to steal her fortune.","[""Thriller"", ""Drama"", ""Romance""]","[""Kim Min-hee"", ""Kim Tae-ri"", ""Ha Jung-woo"", ""Cho Jin-woong"", ""Kim Hae-sook"", ""Moon So-ri"", ""Lee Yong-nyeo"", ""Kwak Eun-jin""]","[""Park Chan-wook""]","[""jealousy"", ""based on novel or book"", ""library"", ""pickpocket"", ""eroticism"", ""con man"", ""swindler"", ""lesbian relationship"", ""mansion"", ""lust"", ""lgbt"", ""noblewoman"", ""erotic thriller"", ""nervous"", ""con woman"", ""1930s"", ""lady's maid"", ""handmade"", ""seducer"", ""japanese occupation of korea""]",2016-06-01,/dLlH4aNHdnmf62umnInL8xPlPzw.jpg,8.188,4243,15.1373,ko,2026-04-02T18:21:46.240178
1383731,Protector,Protector,"Former war hero Nikki's peaceful life is shattered when her daughter is kidnapped. Thrust into the criminal underworld while hunted by cops and military, she must fight to rescue her child.","[""Action"", ""Thriller""]","[""Milla Jovovich"", ""Matthew Modine"", ""Isabel Myers"", ""D. B. Sweeney"", ""Don Harvey"", ""Gabriel Sloyer"", ""Michael Stahl-David"", ""Brooklyn Sudano""]","[""Adrian Gr\u00fcnberg""]",[],2026-03-05,/hUv1DarjEMmQM38i9DvW9pHYPZ4.jpg,7.2,10,6.2512,en,2026-04-02T18:21:46.631605
1242419,Roofman,Roofman,"A former Army Ranger and struggling father turns to robbing McDonald’s restaurants by cutting holes in their roofs, earning him the nickname ""Roofman."" After escaping prison, he secretly lives inside a Toys “R” Us for six months, surviving undetected while planning his next move. But when he falls for a divorced mom drawn to his undeniable charm, his double life begins to unravel, setting off a compelling and suspenseful game of cat and mouse as his past closes in.","[""Crime"", ""Comedy"", ""Drama""]","[""Channing Tatum"", ""Kirsten Dunst"", ""Ben Mendelsohn"", ""LaKeith Stanfield"", ""Juno Temple"", ""Melonie D\u00edaz"", ""Uzo Aduba"", ""Lily Collias""]","[""Derek Cianfrance""]","[""based on true story"", ""fugitive"", ""true crime"", ""toy store"", ""escaped prisoner"", ""armed robbery"", ""hiding out"", ""ex-elite soldier"", ""former soldier"", ""mcdonald's"", ""charlotte, north carolina"", ""escape from prison"", ""u.s. army ranger"", ""in hiding"", ""living secretly in retail store""]",2025-10-08,/wXDFtcnYtevleGzCmAD2ReQnJ4l.jpg,7.122,667,13.2158,en,2026-04-02T18:21:47.030525
875828,Peaky Blinders: The Immortal Man,Peaky Blinders: The Immortal Man,"After his estranged son gets embroiled in a Nazi plot, self-exiled gangster Tommy Shelby must return to Birmingham to save his family — and his nation.","[""Crime"", ""Drama""]","[""Cillian Murphy"", ""Barry Keoghan"", ""Rebecca Ferguson"", ""Tim Roth"", ""Stephen Graham"", ""Sophie Rundle"", ""Ned Dennehy"", ""Packy Lee""]","[""Tom Harper""]","[""england"", ""gangster"", ""world war ii"", ""period drama"", ""1940s"", ""based on tv series"", ""haunted by his demons"", ""german covert operation""]",2026-03-05,/gRMalasZEzsZi4w2VFuYusfSfqf.jpg,7.316,607,143.387,en,2026-04-02T18:21:47.348146
1078581,Giant,Giant,"Follows Prince Naseem Hamed from his humble beginnings on the tough working-class streets of Sheffield and his discovery by Ingle, himself a steel industry worker turned boxing trainer. Their unlikely partnership, Naz’s unorthodox style, cocky persona, and sheer dominance in the ring propelled them to the top of boxing’s elite and unprecedented levels of global superstardom, all in the face of the rampant Islamophobia and racism of ’80s and 90’s Britain.","[""Drama"", ""History""]","[""Amir El-Masry"", ""Pierce Brosnan"", ""Toby Stephens"", ""Katherine Dow Blyton"", ""Asan N'Jie"", ""Arian Nik"", ""Austin Haynes"", ""Isabelle Bonfrer""]","[""Rowan Athale""]","[""period drama"", ""1980s"", ""boxing"", ""1990s"", ""sports drama"", ""biographical drama""]",2026-01-09,/1KKmUdFulYDVSV31nQt9LVm3Oue.jpg,6.9,12,3.5838,en,2026-04-02T18:21:47.759665
1447219,Arjun S/O Vyjayanthi,అర్జున్ S/O వైజయంతి,"Arjun, an IPS aspirant turned kind-hearted gangster, learns that Pathaan, a notorious terrorist, wants to exact revenge on his principled mother Vyjayanthi, an honest IPS officer, and sets out to protect Vyjayanthi and their bond is put to the test.","[""Action"", ""Crime"", ""Thriller""]","[""Kalyan Ram"", ""Vijayashanti"", ""Saiee Manjrekar"", ""Sohail Khan"", ""Arjun Rampal"", ""Srikanth"", ""Babloo Prithiveeraj"", ""Bharath Reddy""]","[""Pradeep Chilukuri""]",[],2025-04-18,/3AvCdsmYx6gZ83Bitd9n9ejDLyO.jpg,7.3,5,0.8559,te,2026-04-02T18:21:48.107000
1389881,The Cure,The Cure,An adopted 16-year-old with a mysterious illness learns her bio-tech billionaire parents are harvesting her blood for nefarious purposes.,"[""Horror"", ""Thriller""]","[""David Dastmalchian"", ""Ashley Greene"", ""Samantha Cochran"", ""Sydney Taylor"", ""Tyler Lawrence Gray"", ""Alex Veadov"", ""Marisa Echeverria"", ""Bunny Levine""]","[""Nancy Leopardi""]",[],2026-03-20,/g8vwBv50KnBASBJ4to4iKN7VGQU.jpg,4.278,9,5.8872,en,2026-04-02T18:21:48.489837
425274,Now You See Me: Now You Don't,Now You See Me: Now You Don't,"The original Four Horsemen reunite with a new generation of illusionists to take on powerful diamond heiress Veronika Vanderberg, who leads a criminal empire built on money laundering and trafficking. The new and old magicians must overcome their differences to work together on their most ambitious heist yet.","[""Thriller"", ""Crime""]","[""Jesse Eisenberg"", ""Dominic Sessa"", ""Ariana Greenblatt"", ""Justice Smith"", ""Rosamund Pike"", ""Woody Harrelson"", ""Dave Franco"", ""Isla Fisher""]","[""Ruben Fleischer""]","[""diamond"", ""antwerp"", ""sequel"", ""heist"", ""diamond heist"", ""illusionist"", ""team up"", ""antwerp diamonds""]",2025-11-12,/oD3Eey4e4Z259XLm3eD3WGcoJAh.jpg,6.5,1304,42.1939,en,2026-04-02T18:21:48.767128
1125701,Midwinter Break,Midwinter Break,"Longtime retired couple Stella and Gerry realise that their relationship has reached a crossroads while on holiday in Amsterdam. After so much time and so many memories, long-held promises and deeply concealed wounds threaten to come to light and force them to confront their future.","[""Drama""]","[""Lesley Manville"", ""Ciar\u00e1n Hinds"", ""Niamh Cusack"", ""Julie Lamberton"", ""Ed Sayer"", ""Leila Laaraj"", ""Tim Licata"", ""Marco Horta Lopes""]","[""Polly Findlay""]","[""based on novel or book"", ""amsterdam, netherlands""]",2026-02-20,/vkMOruokVnD05xSiwI2hWBzG7UD.jpg,6.563,8,2.262,en,2026-04-02T18:21:49.303508
1092936,The Holy Boy,La valle dei sorrisi,"A PE teacher moves to a isolated mountain village where the people appear to live in unshakeable serenity, but soon stumbles across a disturbing ritual. Once a week, the locals are freed of their pain by a lonely boy born with the power to heal one's soul just by hugging them. Trying to rescue him from this madness, the man unleashes his dark side.","[""Horror"", ""Drama"", ""Thriller""]","[""Michele Riondino"", ""Giulio Feltri"", ""Paolo Pierobon"", ""Romana Maggiora Vergano"", ""Sergio Romano"", ""Anna Bellato"", ""Sandra Toffolatti"", ""Roberto Citran""]","[""Paolo Strippoli""]","[""ritual"", ""teenage boy"", ""serenity"", ""elevated horror""]",2025-09-17,/2jpKQ6xhcxaNXOUDeQpyHNUcWr1.jpg,7.2,107,2.0713,it,2026-04-02T18:21:49.689411
879945,The Unknown Man,L'homme inconnu,"Louis, a Flemish writer, decides to isolate himself at the Côte d’Azur, hoping this place will bring him inspiration.","[""Drama""]","[""Geert Van Rampelberg"", ""Samuel Suchod"", ""Anna Sacuto"", ""Cathy Ruiz""]","[""Anthony Schatteman""]","[""c\u00f4te d'azur"", ""writer"", ""lgbt"", ""gay theme"", ""short film""]",2021-10-16,/4TpBhdaSl5ALHbgeaYOLF8Q3haz.jpg,8.5,2,140.7667,nl,2026-04-02T18:21:49.977411
1066313,The Draft!,Setan Alas!,5 student. An old villa. Old well. Forbidden room. Dark secret of the past. A seemingly omnipotent evil. Survival is the key. Let the battle of wits begins...,"[""Science Fiction"", ""Horror""]","[""Anastasia Herzigova"", ""Winner Wijaya"", ""Putri Anggie"", ""Adhin Abdul Hakim"", ""Ernanta Kusuma"", ""Haydar Salishz"", ""Hanung Bramantyo"", ""Saka Gilap Asa""]","[""Yusron Fuadi""]","[""villa"", ""haunting"", ""satan"", ""zombie"", ""college student"", ""haunted"", ""supernatural horror"", ""terror"", ""meta""]",2026-03-05,/6WEqtp38s1iW5VrcH78rOIi8a2Z.jpg,8.0,2,77.2688,id,2026-04-02T18:21:50.251201
1078605,Weapons,Weapons,"When all but one child from the same class mysteriously vanish on the same night at exactly the same time, a community is left questioning who or what is behind their disappearance.","[""Horror"", ""Mystery""]","[""Julia Garner"", ""Josh Brolin"", ""Alden Ehrenreich"", ""Austin Abrams"", ""Benedict Wong"", ""Amy Madigan"", ""Cary Christopher"", ""Toby Huss""]","[""Zach Cregger""]","[""witch"", ""small town"", ""pennsylvania, usa"", ""ritual"", ""junkie"", ""teacher"", ""trance"", ""witchcraft"", ""clown makeup"", ""multiple storylines"", ""bullied"", ""curious"", ""dark fairy tale"", ""unstable cop"", ""supernatural horror"", ""mysterious disappearance"", ""spell"", ""psychological horror"", ""mystery"", ""evil aunt""]",2025-08-04,/cpf7vsRZ0MYRQcnLWteD5jK9ymT.jpg,7.258,3154,18.3378,en,2026-04-02T18:21:50.658616
683342,V,V,"A celebrated cop, DCP Aditya, faces his toughest challenge when a taunting serial killer begins targeting victims and leaving notes meant for him. Teaming with an aspiring crime novelist, he must stop four more murders to save his medals, career, and reputation while uncovering the killer's past.","[""Action"", ""Crime"", ""Thriller""]","[""Nani"", ""Sudheer Babu"", ""Nivetha Thomas"", ""Aditi Rao Hydari"", ""Vennela Kishore"", ""Chakrapani Ananda"", ""Srikanth Iyengar"", ""Tanikella Bharani""]","[""Mohana Krishna Indraganti""]","[""revenge thriller""]",2020-09-05,/iBVcwOVZNGNCNlOLFmcYJW83tTu.jpg,6.7,128,1.0098,te,2026-04-02T18:21:51.069745
1168719,Silent Friend,Silent Friend,"On the grounds of a medieval German university town looms an imposing Ginkgo biloba, a tree whose longevity stands in marked contrast to three intimate, human-scaled stories. In 1908, the university’s first female student gains admission into the prestigious botany department, confronting the sexism of both professors and peers. In 1972, amidst counterculture movements, a reserved student finds his attention captured by a fellow housemate and the geranium plant she studies. In 2020, during the COVID-19 pandemic, a neuroscientist from Hong Kong secures the help of a renowned botanist for an experiment on the old ginkgo tree.","[""Drama""]","[""Tony Leung Chiu-wai"", ""L\u00e9a Seydoux"", ""Luna Wedler"", ""Enzo Brumm"", ""Sylvester Groth"", ""Yun Huang"", ""Luca Valentini"", ""Marlene Burow""]","[""Ildik\u00f3 Enyedi""]",[],2026-01-15,/rC5fB6XhRKXS05vgwScnp9uGRK2.jpg,8.3,9,2.5225,de,2026-04-02T18:21:51.542332
132437,Chakram,చక్రం,"Chakram (Prabhas) is a foreign returnee and has a dream of building a hospital at Pulivendula. He is in love with his colleague, Lakshmi (Asin Thottumkal) who studied with him abroad. But leaves her half-way through after he realizes that he was struck with cancer. Not wanting to tell her, he moves to Hyderabad and stays in place called ‘Sahara Colony’. There, he tries to solve people problem's in the colony. Seeing all this, another girl who is also named Lakshmi (Charmy) falls in love with Chakram. The rest is a heart-rending saga of the cancer-struck patient's love station.","[""Drama"", ""Romance""]","[""Prabhas"", ""Asin Thottumkal"", ""Charmy Kaur"", ""Prakash Raj"", ""Padmanabham"", ""Tanikella Bharani"", ""Venu Madhav"", ""M. S. Narayana""]","[""Pasupuleti Krishna Vamsi""]",[],2005-03-25,/kDDXd66Oi3k5v7xkMdWakq9Q6Ky.jpg,5.6,12,1.3736,te,2026-04-02T18:21:51.803565
1291608,Dhurandhar,धुरंधर,"A mysterious traveler slips into the heart of Karachi's underbelly and rises through its ranks with lethal precision, only to tear the notorious ISI-Underworld nexus apart from within.","[""Action"", ""Crime"", ""Thriller""]","[""Ranveer Singh"", ""Akshaye Khanna"", ""R. Madhavan"", ""Arjun Rampal"", ""Sanjay Dutt"", ""Sara Arjun"", ""Rakesh Bedi"", ""Danish Pandor""]","[""Aditya Dhar""]","[""asia"", ""patriotism"", ""nationalism"", ""controversy"", ""gore"", ""pakistan"", ""torture"", ""terrorism"", ""india"", ""terrorist attack"", ""gun violence"", ""bloodshed"", ""political corruption"", ""1990s"", ""spy thriller"", ""indian"", ""racial discrimination"", ""2000s"", ""serious"", ""thriller""]",2025-12-05,/snBOuXDdhmTvlzMUvP9Em3Pp1u1.jpg,7.0,228,47.7524,hi,2026-04-02T18:21:52.161571
1510745,Bodycam,Bodycam,"A call to a quiet suburban home unleashes unthinkable carnage when two officers mistakenly shoot a man and his infant child, spiraling the tragedy into a fierce, unrelenting fall into the unknown.","[""Horror""]","[""Jaime M. Callica"", ""Sean Rogerson"", ""Catherine Lough Haggquist"", ""Angel Prater"", ""Keegan Connor Tracy"", ""Chris Casson"", ""Elizabeth Longshaw"", ""Colette Nwachi""]","[""Brandon Christensen""]","[""paranormal phenomena"", ""police corruption"", ""macabre"", ""found footage"", ""police murders"", ""bodycam"", ""absurd"", ""tragic"", ""pov"", ""unknown entity""]",2026-03-12,/xFpBNcG3Dlr8mYF5Kz9Tizs3Pxn.jpg,4.364,23,3.489,en,2026-04-02T18:21:52.549979
372058,Your Name.,君の名は。,"High schoolers Mitsuha and Taki are complete strangers living separate lives. But one night, they suddenly switch places. Mitsuha wakes up in Taki’s body, and he in hers. This bizarre occurrence continues to happen randomly, and the two must adjust their lives around each other.","[""Animation"", ""Romance"", ""Drama""]","[""Ryunosuke Kamiki"", ""Mone Kamishiraishi"", ""Ryo Narita"", ""Aoi Yuuki"", ""Nobunaga Shimazaki"", ""Kaito Ishikawa"", ""Kanon Tani"", ""Masaki Terasoma""]","[""Makoto Shinkai""]","[""high school"", ""race against time"", ""dreams"", ""afterlife"", ""natural disaster"", ""supernatural"", ""time travel"", ""comet"", ""romance"", ""tragedy"", ""school"", ""body-swap"", ""high school student"", ""nonlinear timeline"", ""naked"", ""star crossed lovers"", ""power of love"", ""anime"", ""japanese high school"", ""urban fantasy""]",2016-08-26,/q719jXXEzOoYaps6babgKnONONX.jpg,8.478,12389,31.7052,ja,2026-04-02T18:21:52.851252
281954,Johnny,జాని,A martial arts coach struggles to earn money through fights in order to save his wife suffering from blood cancer.,"[""Drama"", ""Action""]","[""Pawan Kalyan"", ""Renu Desai"", ""Mallikarjuna Rao"", ""M. S. Narayana"", ""Geetha"", ""Raghuvaran"", ""Lillete Dubey"", ""Ali Basha""]","[""Pawan Kalyan""]","[""martial arts"", ""husband wife relationship"", ""fight"", ""money"", ""orphan"", ""action hero""]",2003-04-25,/ptRvbdotZP4uhS5hM1jsm3OLFgZ.jpg,5.2,6,0.9348,te,2026-04-02T18:21:53.194879
1656163,Game Changer Wrestling: Josh Barnett’s Bloodsport XV,Game Changer Wrestling: Josh Barnett’s Bloodsport XV,Game Changer Wrestling: Josh Barnett’s Bloodsport XV was a professional wrestling show presented by Game Changer Wrestling and Josh Barnett 4.17.26,"[""Action"", ""Drama""]","[""Yuji Nagata"", ""Peter England"", ""Nattie Neidhart-Wilson"", ""Timothy Moura"", ""Fuminori Abe"", ""Masashi Takeda"", ""Miyu Yamashita""]",[],[],2026-04-17,/dVgluh3bsr3nMSRIeDqJ3gleinY.jpg,0.0,0,4.2066,en,2026-04-02T18:21:53.597202
281957,The Revenant,The Revenant,"In the 1820s, a frontiersman, Hugh Glass, sets out on a path of vengeance against those who left him for dead after a bear mauling.","[""Western"", ""Drama"", ""Adventure""]","[""Leonardo DiCaprio"", ""Tom Hardy"", ""Domhnall Gleeson"", ""Will Poulter"", ""Forrest Goodluck"", ""Duane Howard"", ""Arthur Redcloud"", ""Melaw Nakehk'o""]","[""Alejandro Gonz\u00e1lez I\u00f1\u00e1rritu""]","[""rape"", ""based on novel or book"", ""parent child relationship"", ""winter"", ""child murder"", ""mountain"", ""grizzly bear"", ""animal attack"", ""wilderness"", ""gore"", ""native american"", ""forest"", ""based on true story"", ""liar"", ""fur trapping"", ""frontier"", ""remake"", ""revenge"", ""survival"", ""murder""]",2015-12-25,/ji3ecJphATlVgWNY0B0RVXZizdf.jpg,7.539,19151,14.3649,en,2026-04-02T18:21:54.076864
1658214,Scorpio Nights 4,Scorpio Nights 4,"A countryside boy rents a room from a couple and discovers a hole exposing their secrets. His voyeurism leads into tangled affairs with two women, unraveling a twisted game of lust and betrayal.","[""Drama""]","[""Apphle Celso"", ""Sahara Bernales"", ""Albie Casi\u00f1o"", ""Marco Mora"", ""Rolando Toralba"", ""Christian Paolo Lat"", ""Renz Tantoco"", ""Ian Sicat""]","[""Bobby Bonifacio""]","[""sexy""]",2026-03-31,/lhgGvrHkwu9mtNeAhzaG828boH4.jpg,0.0,0,7.4483,tl,2026-04-02T18:21:54.478509
1658216,Stepdaddy,Stepdaddy,Details here,"[""Drama""]","[""Astrid Lee"", ""Christy Imperial"", ""Jamilla Obispo"", ""Marlon Marcia""]","[""Christopher Novabos""]","[""sexy""]",2026-04-04,/oZxNblisKuDzSUW5g18FERjyJs9.jpg,0.0,0,5.7855,tl,2026-04-02T18:21:54.867281
1658217,Sawsawan,Sawsawan,Details here,"[""Drama""]","[""Karen Lopez"", ""Rhian Rivera"", ""Allen Legazpi"", ""Amor Lapus"", ""Jio Yoshida"", ""Joko Rivera"", ""Aeron Henry Cruz""]","[""Rodante Pajemna Jr.""]","[""sexy""]",2026-04-10,/6L9hxSBK7JNISnvhrnnHb4BYRd6.jpg,0.0,0,4.2604,tl,2026-04-02T18:21:55.277733
1232232,Kannappa,కన్నప్ప,"After witnessing the cruel sacrifice of his childhood friend, an atheist warrior rejects religion until love forces him to find his own faith.","[""Fantasy"", ""History"", ""Drama""]","[""Vishnu Manchu"", ""Preity Mukhundhan"", ""Akshay Kumar"", ""Mohan Babu"", ""Mohanlal"", ""Prabhas"", ""Kajal Aggarwal"", ""R. Sarathkumar""]","[""Mukesh Kumar Singh""]","[""historical fantasy""]",2025-06-26,/6LhE7IwhXgaNi33l0ltYahIB91i.jpg,4.6,10,2.0047,te,2026-04-02T18:21:55.545857
197999,Iddarammayilatho,ఇద్దరమ్మాయిలతో,"A young woman becomes embroiled in a financial and political conspiracy while studying in Spain, as she meets a young musician with a somewhat dark past unfolded through the pages of his lover's diary.","[""Action"", ""Romance""]","[""Allu Arjun"", ""Amala Paul"", ""Catherine Tresa"", ""Brahmanandam"", ""Tanikella Bharani"", ""Ali Basha"", ""Rao Ramesh"", ""Nassar""]","[""Puri Jagannadh""]",[],2013-05-31,/bsF7uWzX8zDeccfUdXbXXhKzu8D.jpg,5.5,29,1.2178,te,2026-04-02T18:21:55.814416
410994,Dhruva,ధృవ,"A committed police officer is on a very dangerous mission to destroy the most corrupt person in the country, Siddharth Abhimanyu.","[""Crime"", ""Thriller"", ""Action""]","[""Ram Charan"", ""Rakul Preet Singh"", ""Arvind Swamy"", ""Nassar"", ""Posani Krishna Murali"", ""Navdeep"", ""Madhusudhan Rao"", ""Abhinaya""]","[""Surender Reddy""]",[],2016-10-07,/hh7D1fLjet1Ce1kcCkk5TVr3g9O.jpg,6.786,35,1.7774,te,2026-04-02T18:21:56.086131
1398,Stalker,Сталкер,"Near a gray and unnamed city is the Zone, a place guarded by barbed wire and soldiers, and where the normal laws of physics are victim to frequent anomalies. A stalker guides two men into the Zone, specifically to an area in which deep-seated desires are granted.","[""Science Fiction"", ""Drama""]","[""Alisa Freyndlikh"", ""Aleksandr Kaydanovskiy"", ""Anatoliy Solonitsyn"", ""Mykola Hrynko"", ""Natalya Abramova"", ""Faime Jurno"", ""Evgeniy Kostin"", ""Raimo Rendi""]","[""Andrei Tarkovsky""]","[""based on novel or book"", ""guard"", ""wish"", ""stalker"", ""alien"", ""strugatsky"", ""writer"", ""soldier"", ""existentialism"", ""zone"", ""beautifully filmed""]",1979-05-25,/1qhOyf5C4s9ZdvY8d5JDx9DFMeT.jpg,8.096,2469,4.0869,ru,2026-04-02T18:21:56.476771
1355126,Sugar Mill,Pabrik Gula,"A group of young men and women who work as seasonal workers in a sugar factory face terror from the kingdom of demons where the factory is located. They must find out the cause of the demons' anger, before the terror ends their lives.","[""Horror"", ""Thriller""]","[""Ersya Aurelia"", ""Arbani Yasiz"", ""Erika Carlina"", ""Bukie B. Mansyur"", ""Wavi Zihan"", ""Benidictus Siregar"", ""Arif Alfiansyah"", ""Yono Bakrie""]","[""Awi Suryadi""]","[""factory"", ""countryside"", ""kingdom"", ""demon"", ""ghost"", ""mysterious"", ""sugarcane"", ""industrial"", ""haunted"", ""laborer"", ""java"", ""terror"", ""based on twitter thread""]",2025-03-31,/z8Qy6WltFWdnMaQBowXrOr3Vfyg.jpg,7.8,25,3.5069,id,2026-04-02T18:21:56.873672
644479,Dedicated to my ex,Dedicada A Mi Ex,"The film tells the story of Ariel, a 21-year-old who decides to form a rock band to compete for a prize of ten thousand dollars in a musical band contest, this as a last option when trying to get money to save their relationship and reunite with his ex-girlfriend, which breaks due to the trip she must make to Finland for an internship. Ariel with her friend Ortega, decides to make a casting to find the other members of the band, although they do not know nothing about music, thus forming a band with members that have diverse and opposite personalities.","[""Drama"", ""Comedy""]","[""Ra\u00fal Santana"", ""Nataly Valencia"", ""Carlos Alc\u00e1ntara"", ""Biassini Segura"", ""Mariana Trevi\u00f1o"", ""Eugenio Derbez"", ""Orlando Herrera"", ""Alfredo Espinosa""]","[""Jorge Ulloa""]","[""fame"", ""rock band"", ""heartbreak"", ""sketch comedy"", ""ecuador"", ""white lie"", ""band competition""]",2019-11-01,/xc4bTXVwYNXi10jG9dwcaYt5IpU.jpg,8.3,513,3.3522,es,2026-04-02T18:21:57.265742
869760,Hanu-Man,హను-మాన్,"In a small village, Hanumanthu, a petty thief, finds a mysterious gem, that gives him god-like powers. Will he succeed in keeping these powers from falling into the wrong hands and save his village?","[""Fantasy"", ""Action"", ""Comedy"", ""Science Fiction""]","[""Teja Sajja"", ""Vinay Rai"", ""Amritha Aiyer"", ""Varalaxmi Sarathkumar"", ""Vennela Kishore"", ""Getup Srinu"", ""Deepak Shetty"", ""Samuthirakani""]","[""Prasanth Varma""]","[""hanuman"", ""prasanth varma cinematic universe""]",2024-01-11,/m1zq48rWSXxplzoJR8YtbXWnnHM.jpg,6.569,36,2.0775,te,2026-04-02T18:21:57.648392
787844,Newborn,Newborn,"After serving seven years in solitary confinement, Chris Newborn seeks to rebuild his life and reconnect with his family only to find that freedom has become a terrifying psychological battleground.","[""Drama"", ""Crime""]","[""David Oyelowo"", ""Olivia Washington"", ""Barry Pepper"", ""Jimmie Fails"", ""Aiden Stoxx"", ""Rukiya Bernard"", ""Thomas Cadrot"", ""Alexander Davis""]","[""Nate Parker""]","[""solitary confinement"", ""psychological thriller"", ""self-isolation"", ""dystopian""]",2026-04-10,/g3fTSiQ19uIpYDHVAHLHvgLwzPD.jpg,0.0,0,1.846,en,2026-04-02T18:21:58.054985
1273221,Scary Movie,Scary Movie,"Twenty-six years after outrunning a suspiciously familiar masked killer, the Core Four are back in the killer's crosshairs and no horror movie IP is safe.","[""Comedy"", ""Horror""]","[""Marlon Wayans"", ""Shawn Wayans"", ""Anna Faris"", ""Regina Hall"", ""Damon Wayans Jr."", ""Gregg Wayans"", ""Kim Wayans"", ""Benny Zielke""]","[""Michael Tiddes""]","[""parody"", ""sequel"", ""slapstick comedy"", ""horror spoof"", ""reboot"", ""horror parody""]",2026-06-03,/vUPE82BWRZwq6M5Xc9UNuf8AffK.jpg,0.0,0,11.768,en,2026-04-02T18:21:58.407937
5511,Le Samouraï,Le Samouraï,"After carrying out a flawlessly planned hit, Jef Costello, a contract killer with samurai instincts, finds himself caught between a persistent police investigator and a ruthless employer, and not even his armor of fedora and trench coat can protect him.","[""Crime"", ""Thriller"", ""Drama""]","[""Alain Delon"", ""Fran\u00e7ois P\u00e9rier"", ""Nathalie Delon"", ""Cathy Rosier"", ""Michel Boisrond"", ""Catherine Jourdan"", ""Jean-Pierre Posier"", ""Robert Favart""]","[""Jean-Pierre Melville""]","[""paris, france"", ""police"", ""hitman"", ""jazz club"", ""treason"", ""stakeout"", ""french noir"", ""contract killer"", ""mysterious"", ""professional assassin"", ""neo-noir"", ""complex relationship"", ""bitter"", ""ominous""]",1967-10-25,/5Fa6o5nfUPEatQ9b3OwEvdEdR7T.jpg,7.768,1233,2.9968,fr,2026-04-02T18:21:58.795935
855435,Faces of Death,Faces of Death,"A woman, employed as a website content moderator, comes across a series of violent videos reproducing death scenes from a film.","[""Horror"", ""Mystery""]","[""Barbie Ferreira"", ""Dacre Montgomery"", ""Josie Totah"", ""Charli xcx"", ""Jermaine Fowler"", ""Aaron Holliday"", ""Nathaniel Woolsey"", ""Jared Bankens""]","[""Daniel Goldhaber""]","[""post-traumatic stress disorder (ptsd)"", ""trauma"", ""remake"", ""murder"", ""internet"", ""violent death"", ""death"", ""youtube"", ""reboot"", ""viral video"", ""internet culture"", ""copycat killer"", ""snuff film""]",2026-04-10,/nli9zFdqm2YtTiUG4fLrlnGjQNE.jpg,0.0,0,5.4147,en,2026-04-02T18:21:59.229357
1291659,The Wizard of the Kremlin,Le mage du Kremlin,"Russia, early 1990s. Amid post-Soviet chaos, a brilliant young man, Vadim Baranov, charts his path. First an artist, then a reality TV producer, he becomes the spin doctor to a rising KGB agent: Vladimir Putin. At the heart of power, Baranov shapes the new Russia, blurring the boundaries between truth and lies, belief and manipulation. Only the magnetic Ksenia is beyond his control, tempting him away from this dangerous game. Years later, after retreating into silence and shrouded in mystery, Baranov finally opens up, revealing the dark secrets of the regime he helped build.","[""Drama""]","[""Paul Dano"", ""Jude Law"", ""Alicia Vikander"", ""Tom Sturridge"", ""Will Keen"", ""Jeffrey Wright"", ""Andris Kei\u0161s"", ""Magne-H\u00e5vard Brekke""]","[""Olivier Assayas""]","[""based on novel or book"", ""rise to power"", ""vladimir putin"", ""russia""]",2026-01-21,/l8eEJ6iQPGLala7Oo43LTYb31fM.jpg,6.4,109,6.3035,en,2026-04-02T18:21:59.622753
1422,The Departed,The Departed,"To take down South Boston's Irish Mafia, the police send in one of their own to infiltrate the underworld, not realizing the syndicate has done likewise. While an undercover cop curries favor with the mob kingpin, a career criminal rises through the police ranks. But both sides soon discover there's a mole among them.","[""Drama"", ""Thriller"", ""Crime""]","[""Leonardo DiCaprio"", ""Matt Damon"", ""Jack Nicholson"", ""Mark Wahlberg"", ""Martin Sheen"", ""Ray Winstone"", ""Vera Farmiga"", ""Anthony Anderson""]","[""Martin Scorsese""]","[""police"", ""undercover"", ""boston, massachusetts"", ""gangster"", ""irish-american"", ""crime boss"", ""friends"", ""remake"", ""mobster"", ""organized crime"", ""mafia"", ""undercover cop"", ""mole"", ""state police"", ""police training"", ""realtor"", ""angry"", ""complex"", ""dreary"", ""action packed""]",2006-10-04,/nT97ifVT2J1yMQmeq20Qblg61T.jpg,8.16,16016,11.968,en,2026-04-02T18:22:00.028263
38288,"“The Shorts” by Aldo, Giovanni and Giacomo","“I Corti” di Aldo, Giovanni e Giacomo","I Corti (""Shorts"") by Aldo, Giovanni & Giacomo was the first stage show of the comedy trio, with the participation of Marina Massironi. It was recorded live at the Teatro Nuovo in Ferrara on 28 and 29 March 1996. Produced by Agidi, with the theatre direction of Arturo Brachetti.","[""Comedy""]","[""Aldo Baglio"", ""Giacomo Poretti"", ""Giovanni Storti"", ""Marina Massironi""]","[""Arturo Brachetti""]",[],1996-03-29,/y3hEulMYSTQuvmI5jBTyWrcvJQX.jpg,8.1,359,0.4825,it,2026-04-02T18:22:00.464741
1127824,Double iSmart,డబుల్ ఇస్మార్ట్,"Big Bull, a notorious assassin, wants to achieve immortality by transferring his memories to ""iSmart"" Shankar, who already has another's person's memories, leading to the intense confrontation between Shankar and Big Bull.","[""Action"", ""Science Fiction"", ""Thriller""]","[""Ram Pothineni"", ""Sanjay Dutt"", ""Kavya Thapar"", ""Sayaji Shinde"", ""Getup Srinu"", ""Makrand Deshpande"", ""Temper Vamsi"", ""Gurbani Judge""]","[""Puri Jagannadh""]",[],2024-08-15,/kwaitETl1wiQ9kgOMxIuNOawcJP.jpg,3.8,12,1.0718,te,2026-04-02T18:22:00.989787
1449364,Subham,శుభం,"Set in the early 2000s, in the pre-internet days of coastal Bheemili, A group of married men band together to find solutions, after their wives get possessed while watching a cable TV soap opera serial.","[""Horror"", ""Comedy""]","[""Harshith Malgireddy"", ""Srinivas Gavireddy"", ""Charan Peri"", ""Shriya Kontham"", ""Shravani Lakshmi"", ""Shalini Kondepudi"", ""Vamshidhar Kosgi Goud"", ""Samantha Ruth Prabhu""]","[""Praveen Kandregula""]",[],2025-05-09,/hl3jiH0YjLRUZXWY2xqHNNTi1Eg.jpg,6.7,11,1.593,te,2026-04-02T18:22:01.395022
1545621,Detective Conan: Fallen Angel of the Highway,名探偵コナン ハイウェイの堕天使,"The 29th Detective Conan film will center on Chihaya Hagiwara, a member of the Kanagawa Prefectural Police and the leader of its motorcycle division.","[""Animation"", ""Action"", ""Mystery"", ""Crime""]","[""Minami Takayama"", ""Wakana Yamazaki"", ""Rikiya Koyama"", ""Megumi Hayashibara"", ""Miyuki Sawashiro"", ""Shin-ichiro Miki"", ""Nobutoshi Canna"", ""Ryusei Yokohama""]","[""Takahiro Hasui""]","[""detective"", ""based on manga"", ""motorcycle"", ""motorcycle chase"", ""shounen"", ""anime"", ""police pursuit"", ""motorcycle cop"", ""kanagawa, japan""]",2026-04-10,/EncgrP6aiUaVAPcwiBYzFHJsez.jpg,0.0,0,2.0392,ja,2026-04-02T18:22:01.798621
1115544,Mike & Nick & Nick & Alice,Mike & Nick & Nick & Alice,"Two gangsters and the woman they love try to survive the most dangerous night of their lives. As if that wasn’t enough, there’s one wild ingredient added to the mix: a time machine.","[""Comedy"", ""Science Fiction"", ""Crime""]","[""James Marsden"", ""Vince Vaughn"", ""Eiza Gonz\u00e1lez"", ""Keith David"", ""Jimmy Tatro"", ""Stephen Root"", ""Lewis Tan"", ""Ben Schwartz""]","[""BenDavid Grabinski""]","[""time travel"", ""time machine"", ""buddy comedy"", ""violence action"", ""witty"", ""action sequence"", ""action film"", ""action choreography"", ""sci-fi action"", ""multi\u2011timeline characters"", ""unpredictable situations"", ""fractured friendships"", ""buddy action""]",2026-03-14,/7F0jc75HrSkLVcvOXR2FXAIwuEv.jpg,6.8,118,359.4255,en,2026-04-02T18:22:02.081438
1254808,Nouvelle Vague,Nouvelle Vague,"After writing for Cahiers du cinéma, a young Jean-Luc Godard decides making films is the best film criticism. He convinces producer Georges de Beauregard to fund a low-budget feature, and creates a treatment with fellow New Wave filmmaker François Truffaut about a gangster couple. The result? Breathless, one of the first features of the Nouvelle Vague era of French cinema.","[""Comedy"", ""Drama"", ""History""]","[""Guillaume Marbeck"", ""Zoey Deutch"", ""Aubry Dullin"", ""Adrien Rouyard"", ""Antoine Besson"", ""Jodie Ruth-Forest"", ""Bruno Dreyf\u00fcrst"", ""Benjamin Cl\u00e9ry""]","[""Richard Linklater""]","[""based on true story"", ""filmmaking"", ""french new wave""]",2025-10-08,/AfE7DZ0DPgme6I58dlYp1Bo9xeN.jpg,7.368,171,4.7533,fr,2026-04-02T18:22:02.488998
73112,Venky,వెంకీ,"Venky is headed to Hyderabad to join the police force. However, he ends up embroiled in a double murder on the train. When he joins the academy, he realises that their boss is the murderer.","[""Comedy"", ""Adventure""]","[""Ravi Teja"", ""Sneha"", ""Srinivasa Reddy"", ""Chitram Seenu"", ""Ramachandra"", ""Ashutosh Rana"", ""Brahmanandam"", ""Amanchi Venkata Subrahmanyam""]","[""Sreenu Vaitla""]",[],2004-03-26,/xCtw4lF84m57WIh1nIOnZvKMvKw.jpg,6.4,15,1.6617,te,2026-04-02T18:22:02.761397
1263012,Dead Man's Wire,Dead Man's Wire,"In 1977, former real estate developer Tony Kiritsis puts a dead man's switch on himself and the mortgage banker who did him wrong, demanding $5 million and a personal apology.","[""Crime"", ""Drama""]","[""Bill Skarsg\u00e5rd"", ""Colman Domingo"", ""Al Pacino"", ""Dacre Montgomery"", ""Myha'la"", ""Cary Elwes"", ""Kelly Lynch"", ""Jordan Claire Robbins""]","[""Gus Van Sant""]","[""banker"", ""kidnapping"", ""hostage"", ""1970s"", ""dark comedy"", ""indianapolis"", ""based on true story"", ""courtroom"", ""hostage negotiator"", ""standoff"", ""radio host"", ""duringcreditsstinger"", ""mortgage"", ""angry"", ""father son relationship"", ""cautionary"", ""melodramatic"", ""private equity""]",2026-01-09,/hjre9SuECdBsuZ6KtKdFsnK2iRm.jpg,6.395,86,5.103,en,2026-04-02T18:22:03.228026
1068452,Hi Nanna,హాయ్ నాన్న,"Six-year-old Mahi, a spirited child with cystic fibrosis, shares a deep yet complex bond with her father, Viraj, a dedicated single parent and successful fashion photographer. Her curiosity about her absent mother leads to a journey of discovery when she runs away with her loyal dog, Pluto. A chance encounter with a kind woman named Yashna sparks unexpected revelations, intertwining their lives in ways they never anticipated. Set against a backdrop of love, sacrifice, and redemption, Mahi’s story is a heartfelt exploration of family, resilience, and the enduring power of connection.","[""Drama"", ""Family"", ""Romance""]","[""Nani"", ""Mrunal Thakur"", ""Baby Kiara Khanna"", ""Jayaram"", ""Shilpa Tulaskar"", ""Priyadarshi Pullikonda"", ""Angad Bedi"", ""Viraj Ashwin""]","[""Shouryuv""]",[],2023-12-07,/hhMLtq9m1aK0dpY9Wcq26XeDH2z.jpg,7.798,62,3.573,te,2026-04-02T18:22:03.550052
888234,Dhamaka,ధమకా,"Swamy and Anand Chakravarthy are lookalikes. Swamy is a jobless guy, while  Anand is the son of Nanda Gopal Chakravarthy, running a company called People Mart. Under dicey circumstances Pranavi, a pretty young girl falls in love with both of them. When JP, a monstrous corporate honcho seeks to acquire People Mart through unethical means, Anand and Swamy’s lives get intertwined.","[""Action"", ""Comedy""]","[""Ravi Teja"", ""Sreeleela"", ""Jayaram"", ""Sachin Khedekar"", ""Tanikella Bharani"", ""Rao Ramesh"", ""Chirag Jani"", ""Ali Basha""]","[""Trinadha Rao Nakkina""]",[],2022-12-23,/l0E50ILyzg0AyjKuV45aEPuIOz4.jpg,4.4,18,0.9847,te,2026-04-02T18:22:04.042356
1297842,GOAT,GOAT,"A small goat with big dreams gets a once-in-a-lifetime shot to join the pros and play roarball, a high-intensity, co-ed, full-contact sport dominated by the fastest, fiercest animals in the world.","[""Animation"", ""Comedy"", ""Family""]","[""Caleb McLaughlin"", ""Gabrielle Union"", ""Stephen Curry"", ""Aaron Pierre"", ""Nicola Coughlan"", ""David Harbour"", ""Nick Kroll"", ""Jenifer Lewis""]","[""Tyree Dillihay""]","[""underdog"", ""friendship"", ""sports"", ""allies"", ""ambition"", ""bullying"", ""challenge"", ""basketball"", ""rivalry"", ""coming of age"", ""anthropomorphism"", ""animals"", ""intimidation"", ""stereotype"", ""basketball team"", ""basketball player"", ""big dreams"", ""imaginary world"", ""sneakers"", ""vulture""]",2026-02-11,/wfuqMlaExcoYiUEvKfVpUTt1v4u.jpg,7.7,259,284.0079,en,2026-04-02T18:22:04.379710
1181107,The King of Kings,The King of Kings,"Charles Dickens tells his young son Walter the greatest story ever told, and what begins as a bedtime tale becomes a life-changing journey. Through vivid imagination, the boy walks alongside Jesus, witnessing His miracles, facing His trials, and understanding His ultimate sacrifice.","[""Animation"", ""Family"", ""Fantasy"", ""Drama"", ""Adventure""]","[""Oscar Isaac"", ""Kenneth Branagh"", ""Uma Thurman"", ""Pierce Brosnan"", ""Roman Griffin Davis"", ""Forest Whitaker"", ""Ben Kingsley"", ""Mark Hamill""]","[""Jang Seong-ho""]","[""based on novel or book"", ""cat"", ""19th century"", ""1st century"", ""jesus christ"", ""father son relationship"", ""christian film"", ""imagination"", ""historical epic"", ""biblical"", ""sentimental"", ""familiar"", ""hopeful""]",2025-04-07,/ccw7CCIAvcZV431CP7NhHAHuiHR.jpg,8.2,157,7.7929,en,2026-04-02T18:22:05.065355
1263029,Thammudu,తమ్ముడు,A troubled man reunites with his sister to protect her and a group of villagers from the brutal plans of a violent criminal businessman.,"[""Action"", ""Drama""]","[""Nithiin"", ""Sapthami Gowda"", ""Laya"", ""Varsha Bollamma"", ""Swasika"", ""Saurabh Sachdeva"", ""Hari Teja"", ""Srikanth Iyengar""]","[""Venu Sriram""]",[],2025-07-04,/5rhjx4KLaLrZNxzsBY8j8U6Pntu.jpg,5.4,7,1.6905,te,2026-04-02T18:22:05.474565
1555895,The Aryan Papers,The Aryan Papers,"Stuttgart, 1942: Nazis have cleared Jewish communities from towns and Villages. Two German-born Jewish children flee Nazis who have killed their family, escorted by Gisella, part of the Lebensborn, an SS Master Race program.","[""Adventure"", ""War"", ""History""]","[""Cara Chase"", ""Leona Clarke"", ""Richard Hawley"", ""Alex Reece"", ""Matthew Hendrickson"", ""Grayson James Matthews"", ""Jade Morris"", ""Celia Learmonth""]","[""Danny Patrick""]","[""historical fiction"", ""told in flashback"", ""nsdap (nazi party)"", ""1940s""]",2026-01-26,/30fQ2nYMyv5TjyEm3j9JwgTa3ZW.jpg,7.0,2,43.1724,en,2026-04-02T18:22:05.880607
50619,The Twilight Saga: Breaking Dawn - Part 1,The Twilight Saga: Breaking Dawn - Part 1,Bella Swan and Edward Cullen's honeymoon phase is abruptly disrupted by betrayals and unforeseen tragedies that endanger their world.,"[""Adventure"", ""Fantasy"", ""Romance""]","[""Kristen Stewart"", ""Robert Pattinson"", ""Taylor Lautner"", ""Billy Burke"", ""Peter Facinelli"", ""Michael Sheen"", ""Elizabeth Reaser"", ""Kellan Lutz""]","[""Bill Condon""]","[""based on novel or book"", ""vampire"", ""hybrid"", ""teen movie"", ""werewolf"", ""supernatural creature"", ""dead"", ""duringcreditsstinger"", ""based on young adult novel""]",2011-11-16,/qs8LsHKYlVRmJbFUiSUhhRAygwj.jpg,6.188,9205,9.8571,en,2026-04-02T18:22:06.299576
15804,A Brighter Summer Day,牯嶺街少年殺人事件,"A boy experiences first love, friendships and injustices growing up in 1960s Taiwan.","[""Crime"", ""Drama"", ""Romance""]","[""Chang Chen"", ""Lisa Yang"", ""Chang Kuo-Chu"", ""Elaine Jin Yan-Ling"", ""Wang Chuan"", ""Chang Han"", ""Chiang Hsiu-Chiung"", ""Stephanie Lai""]","[""Edward Yang""]","[""high school"", ""baseball bat"", ""based on true story"", ""coming of age"", ""taiwan"", ""tragedy"", ""murder"", ""youth gang"", ""gang"", ""juvenile delinquent"", ""teenage boy"", ""troubled teen"", ""first love"", ""taipei"", ""1960s"", ""slow cinema"", ""teenage protagonist"", ""bitter""]",1991-07-27,/3l8fOAwiN3N5n3hHnZ51eog7Zu2.jpg,8.261,379,6.3477,zh,2026-04-02T18:22:06.736754
50620,The Twilight Saga: Breaking Dawn - Part 2,The Twilight Saga: Breaking Dawn - Part 2,"After the birth of Renesmee, the Cullens gather other vampire clans in order to protect the child from a false allegation that puts the family in front of the Volturi.","[""Adventure"", ""Fantasy"", ""Drama"", ""Romance""]","[""Kristen Stewart"", ""Robert Pattinson"", ""Taylor Lautner"", ""Peter Facinelli"", ""Elizabeth Reaser"", ""Ashley Greene"", ""Jackson Rathbone"", ""Kellan Lutz""]","[""Bill Condon""]","[""based on novel or book"", ""vampire"", ""villainess"", ""affectation"", ""romance"", ""teen movie"", ""werewolf"", ""supernatural creature"", ""super strength"", ""imprinting"", ""cross breed"", ""bloodsucker"", ""grudge"", ""chief of police"", ""wolf pack"", ""misinformation"", ""seeing the future"", ""based on young adult novel""]",2012-11-13,/7IGdPaKujv0BjI0Zd0m0a4CzEjJ.jpg,6.456,9318,6.9987,en,2026-04-02T18:22:07.163919
1263037,Cheekatilo,చీకటిలో,"When crime anchor Sandhya’s best friend is found dead under suspicious circumstances, she embarks on a dangerous investigation that collides with a dark past. As secrets unravel, Sandhya must face her trauma and rise as a fearless voice for the silenced.","[""Thriller""]","[""Sobhita Dhulipala"", ""Vishwadev Rachakonda"", ""Chaitanya Visalakshmi"", ""Isha Chawla"", ""Jhansi"", ""Aamani"", ""Vadlamani Srinivas"", ""Ravindra Vijay""]","[""Sharan Koppisetty""]","[""suspenseful""]",2026-01-23,/pO86EjZb7QyGYk5RW4Xm4UWe5Uv.jpg,4.5,8,3.7517,te,2026-04-02T18:22:07.561594
1523145,Your Heart Will Be Broken,Твоё сердце будет разбито,"High school student Polina is saved from bullying at her new school and makes a deal with the main bully Bars: he must pretend to be her boyfriend and protect her, and she must do everything he says. During this game, the couple develops real feelings, but her family and classmates have reasons to separate the lovers.","[""Romance"", ""Drama""]","[""Daniel Vegas"", ""Veronika Zhuravleva"", ""Ivan Trushin"", ""Maksim Saprykin"", ""Alya Mayer"", ""Evgeniya Loza"", ""Pavel Kuzmin"", ""Alexandra Tikhonova""]","[""Mikhail Vaynberg""]","[""based on novel or book""]",2026-03-26,/7wIBfBl2gejt6xHxNSK0reVIm7E.jpg,6.6,27,1037.0135,ru,2026-04-02T18:22:07.972083
1213898,Border 2,बॉर्डर २,"Three idealistic soldiers in the Indian army, navy and air force face grueling combat conditions in this film set during the 1971 Indo-Pak war.","[""Action"", ""Drama"", ""War""]","[""Sunny Deol"", ""Varun Dhawan"", ""Diljit Dosanjh"", ""Ahan Shetty"", ""Mona Singh"", ""Sonam Bajwa"", ""Anya Singh"", ""Medha Rana""]","[""Anurag Singh""]","[""1970s"", ""based on true story"", ""sequel"", ""indian army"", ""historical drama"", ""india pakistan war"", ""historical epic"", ""war drama"", ""indian air force"", ""india pakistan conflict"", ""epic drama""]",2026-01-23,/wUcttG71zo9deP4m9sDhYPUcvi5.jpg,6.545,11,9.5601,hi,2026-04-02T18:22:08.360100
533967,Sinners' Parade,Sinners' Parade,"In order to support her sister and her sister's small child, Mary Tracy leads a double life: by day, she works as a schoolteacher; nights, she dances in a cabaret show. Mary becomes interested in Bill Adams, whose mother is prominent in an anti-vice crusade, and therefore attempts to quit her job in the cabaret. Al Morton, the club's owner, holds her to her contract, however, and Mary is caught up in a police raid on the cabaret. The club is shut down, and Mary is fired from her teaching post. Morton threatens to expose Bill (who is running a crime syndicate with money embezzled from his father's bank), and Bill sets out to take Morton for a ride. Finally realizing that she has fallen in love with Morton, Mary calls the cops and saves him from certain death. Bill is arrested, and Mary and Morton decide to get married.","[""Crime"", ""Drama""]","[""Victor Varconi"", ""Dorothy Revier"", ""Edna Marion"", ""Marjorie Bonner"", ""Clarissa Selwynne"", ""Jack Mower"", ""John Patrick""]","[""John G. Adolfi""]","[""cabaret"", ""lost film""]",1928-09-14,/fvNqyjsxVW5v6bRY8onKIWNJrBP.jpg,0.0,0,25.4312,en,2026-04-02T18:22:08.744599
1248723,The Golden Key: A New Pinocchio Story,Буратино,"A screen adaptation of the beloved international fairy tale by Alexei Tolstoy in a new way. The story of everyone's favorite hero Pinocchio, his dad Carlo and their friends, told with the help of modern life-action technologies.","[""Family"", ""Drama"", ""Adventure"", ""Fantasy""]","[""Vitaliya Kornienko"", ""Aleksandr Yatsenko"", ""Fyodor Bondarchuk"", ""Alexander Petrov"", ""Viktoriya Isakova"", ""Svetlana Nemolyaeva"", ""Lev Zulkarnaev"", ""Mark Eydelshteyn""]","[""Igor Voloshin""]","[""puppet"", ""philosophical"", ""marionettes"", ""live action remake"", ""loving"", ""bold""]",2026-01-01,/An3iR7yPP6GKQi2SDscWlEMFXAC.jpg,5.9,6,3.4502,ru,2026-04-02T18:22:09.152390
931285,Mortal Kombat II,Mortal Kombat II,"The fan favorite champions—now joined by Johnny Cage himself—are pitted against one another in the ultimate, no-holds barred, gory battle to defeat the dark rule of Shao Kahn that threatens the very existence of the Earthrealm and its defenders.","[""Action"", ""Fantasy"", ""Adventure""]","[""Karl Urban"", ""Adeline Rudolph"", ""Jessica McNamee"", ""Josh Lawson"", ""Ludi Lin"", ""Mehcad Brooks"", ""Tati Gabrielle"", ""Lewis Tan""]","[""Simon McQuoid""]","[""martial arts"", ""magic"", ""ninja fighter"", ""gore"", ""sequel"", ""god"", ""alternate dimension"", ""ninja"", ""fighting"", ""based on video game"", ""martial arts tournament"", ""struggling actor"", ""hand to hand combat""]",2026-05-06,/lIsMeDbwntNXSUVHmWMMRXEZOVc.jpg,0.0,0,6.9475,en,2026-04-02T18:22:09.467303
406997,Wonder,Wonder,"The story of August Pullman – a boy with facial differences – who enters fifth grade, attending a mainstream elementary school for the first time.","[""Family"", ""Drama""]","[""Jacob Tremblay"", ""Julia Roberts"", ""Owen Wilson"", ""Izabela Vidovic"", ""Noah Jupe"", ""Millie Davis"", ""Bryce Gheisar"", ""Mandy Patinkin""]","[""Stephen Chbosky""]","[""exclusion"", ""bullying"", ""coney island"", ""prejudice"", ""school"", ""based on children's book"", ""family"", ""physical disability"", ""treacher collins syndrome"", ""relaxed"", ""melodramatic""]",2017-11-13,/sONh3LYGFcVDTy8pm1tbSOB13Li.jpg,8.107,8204,8.257,en,2026-04-02T18:22:09.874549
1228246,Five Nights at Freddy's 2,Five Nights at Freddy's 2,"One year since the supernatural nightmare at Freddy Fazbear's Pizza, the stories about what transpired there have been twisted into a campy local legend, inspiring the town's first ever Fazfest. With the truth kept from her, Abby sneaks out to reconnect with Freddy, Bonnie, Chica, and Foxy, setting into motion a terrifying series of events that will reveal dark secrets about the real origin of Freddy's, and unleash a decades-hidden horror.","[""Horror"", ""Thriller""]","[""Josh Hutcherson"", ""Piper Rubio"", ""Elizabeth Lail"", ""Matthew Lillard"", ""Freddy Carter"", ""Wayne Knight"", ""Mckenna Grace"", ""David Andrew Calvillo""]","[""Emma Tammi""]","[""killer robot"", ""pizzeria"", ""sequel"", ""serial killer"", ""security guard"", ""based on video game"", ""theme park"", ""dead children"", ""aftercreditsstinger"", ""duringcreditsstinger"", ""haunted attractions"", ""night guard"", ""animatronic"", ""possessed doll"", ""supernatural horror"", ""ghost child"", ""slasher horror"", ""android horror""]",2025-12-03,/udAxQEORq2I5wxI97N2TEqdhzBE.jpg,6.687,843,29.2746,en,2026-04-02T18:22:10.343118
24021,The Twilight Saga: Eclipse,The Twilight Saga: Eclipse,"Bella once again finds herself surrounded by danger as Seattle is ravaged by a string of mysterious killings and a malicious vampire continues her quest for revenge. In the midst of it all, she is forced to choose between her love for Edward and her friendship with Jacob, knowing that her decision has the potential to ignite the ageless struggle between vampire and werewolf. With her graduation quickly approaching, Bella is confronted with the most important decision of her life.","[""Adventure"", ""Fantasy"", ""Drama"", ""Romance""]","[""Kristen Stewart"", ""Robert Pattinson"", ""Taylor Lautner"", ""Bryce Dallas Howard"", ""Dakota Fanning"", ""Billy Burke"", ""Peter Facinelli"", ""Elizabeth Reaser""]","[""David Slade""]","[""based on novel or book"", ""immortality"", ""vampire"", ""bite"", ""graduation"", ""teen movie"", ""werewolf"", ""based on young adult novel"", ""supernatural power"", ""vampire human love""]",2010-06-23,/dK4Gi1UdMiHzHc7r7CZQG4IQ9Sr.jpg,6.195,9189,7.9428,en,2026-04-02T18:22:10.761701
669146,Jaanu,జాను,"Decades post-high school, Ram and Jaanu meet at their school's reunion and explore their past thoughts consisting of affection, care, depth and grieve all over the period of one evening.","[""Drama"", ""Romance""]","[""Sharwanand"", ""Samantha Ruth Prabhu"", ""Gouri G Kishan"", ""Sai Kiran Kumar"", ""Vennela Kishore"", ""Raghu Babu"", ""Varsha Bollamma"", ""Saranya Pradeep""]","[""C. Prem Kumar""]","[""childhood love""]",2020-02-06,/2koyOXlN9mJF0CmWkiGs7IqP0ZI.jpg,5.6,13,1.6218,te,2026-04-02T18:22:11.212253
398818,Call Me by Your Name,Call Me by Your Name,"In the summer of 1983, a 17-year-old Elio spends his days in his family's villa in Italy. One day Oliver, a graduate student, arrives to assist Elio's father, a professor of Greco-Roman culture. Soon, Elio and Oliver discover a summer that will alter their lives forever.","[""Romance"", ""Drama""]","[""Armie Hammer"", ""Timoth\u00e9e Chalamet"", ""Michael Stuhlbarg"", ""Amira Casar"", ""Esther Garrel"", ""Victoire du Bois"", ""Vanda Capriolo"", ""Antonio Rimoldi""]","[""Luca Guadagnino""]","[""based on novel or book"", ""upper class"", ""italy"", ""swimming pool"", ""coming of age"", ""love"", ""breaking the fourth wall"", ""summer"", ""teenage boy"", ""masturbation"", ""first love"", ""lgbt"", ""jewish family"", ""1980s"", ""gay theme""]",2017-10-01,/mZ4gBdfkhP9tvLH1DO4m4HYtiyi.jpg,8.092,12658,9.6424,en,2026-04-02T18:22:11.831300
9702,Bound by Honor,Bound by Honor,"Based on the true life experiences of poet Jimmy Santiago Baca, the film focuses on half-brothers Paco and Cruz, and their bi-racial cousin Miklo. It opens in 1972, as the three are members of an East L.A. gang known as the ""Vatos Locos"", and the story focuses on how a violent crime and the influence of narcotics alter their lives. Miklo is incarcerated and sent to San Quentin, where he makes a ""home"" for himself. Cruz becomes an exceptional artist, but a heroin addiction overcomes him with tragic results. Paco becomes a cop and an enemy to his ""carnal"", Miklo.","[""Crime"", ""Drama"", ""Thriller""]","[""Damian Chapa"", ""Jesse Borrego"", ""Benjamin Bratt"", ""Enrique Castillo"", ""Victor Rivers"", ""Delroy Lindo"", ""Tom Towles"", ""Carlos Carrasco""]","[""Taylor Hackford""]","[""street gang"", ""ghetto"", ""juvenile prison"", ""artist"", ""tragedy"", ""jail"", ""east los angeles"", ""youth gang"", ""hood"", ""gang"", ""racism"", ""drugs"", ""mexican american"", ""police shootout"", ""cholo"", ""lowrider""]",1993-02-05,/gvP6R6juhe2IpCG7QGDgjyUvm0g.jpg,8.137,1499,5.0049,en,2026-04-02T18:22:12.258970
1641961,Untold: The Death & Life of Lamar Odom,Untold: The Death & Life of Lamar Odom,"This documentary traces the life of Lamar Odom, from his rise to NBA fame and marriage to Khloé Kardashian to his near-fatal overdose in a Nevada brothel.","[""Documentary""]","[""Lamar Odom"", ""Khlo\u00e9 Kardashian""]","[""Ryan Duffy""]","[""national basketball association (nba)"", ""basketball documentary""]",2026-03-31,/9Go8VKSzJIzn65b9c9l02ymHRlv.jpg,6.8,4,5.6103,en,2026-04-02T18:22:12.861485
1154538,Nirvanna the Band the Show the Movie,Nirvanna the Band the Show the Movie,"When their plan to book a show at the Rivoli goes horribly wrong, Matt and Jay accidentally travel back to the year 2008.","[""Comedy"", ""Science Fiction"", ""Adventure""]","[""Matt Johnson"", ""Jay McCarrol"", ""Ben Petrie"", ""Ethan Eng"", ""Michael Scott"", ""Reid Janisse"", ""Steve Hamelin"", ""Luke Lalonde""]","[""Matt Johnson""]","[""toronto, canada"", ""time travel"", ""parody"", ""road trip"", ""mockumentary"", ""candid camera"", ""publicity stunt"", ""satirical"", ""comedy of situation"", ""2000s"", ""metafiction"", ""adventure comedy"", ""based on tv series"", ""irreverent"", ""independent film"", ""alt comedy"", ""metatextual"", ""semi-scripted""]",2026-02-13,/sm5TGX8WbnCd9Uo26cLyTxVwA1n.jpg,7.839,28,9.2733,en,2026-04-02T18:22:13.156725
458220,Palmer,Palmer,"After 12 years in prison, former high school football star Eddie Palmer returns home to put his life back together—and forms an unlikely bond with Sam, an outcast boy from a troubled home. But Eddie's past threatens to ruin his new life and family.","[""Drama""]","[""Justin Timberlake"", ""Ryder Allen"", ""Juno Temple"", ""Alisha Wainwright"", ""June Squibb"", ""Dean Winters"", ""Wynn Everett"", ""Jesse C. Boyd""]","[""Fisher Stevens""]","[""small town"", ""homophobia"", ""young boy"", ""ex-con"", ""house trailer"", ""bullied"", ""irresponsible parent"", ""adult child friendship"", ""guardianship"", ""drug addict""]",2021-01-28,/xSDdRAjxKAGi8fUBLOqSrBhJmF0.jpg,8.123,1880,4.5459,en,2026-04-02T18:22:13.871225
17905,Branded to Kill,殺しの烙印,"After botching his latest assignment, a third-ranked Japanese hit man becomes the target of another assassin.","[""Thriller"", ""Crime"", ""Action""]","[""Joe Shishido"", ""K\u014dji Nanbara"", ""Isao Tamagawa"", ""Annu Mari"", ""Mariko Ogawa"", ""Hiroshi Minami"", ""Hiroshi Ch\u014d"", ""Atsushi Yamatoya""]","[""Seijun Suzuki""]","[""assassin"", ""hitman"", ""yakuza"", ""organized crime"", ""black and white"", ""butterfly"", ""absurd""]",1967-06-15,/asiSCq1SFrCV4gy7PJzw8c3m0yL.jpg,7.19,253,4.6247,ja,2026-04-02T18:22:14.404995
1445363,EPiC: Elvis Presley in Concert,EPiC: Elvis Presley in Concert,"Long-lost footage from Elvis Presley's legendary Las Vegas residency in the 1970s woven together with rare 16mm footage from Elvis on Tour, and 8mm from the Graceland archive, plus recordings of Elvis telling ""his side of the story"" rediscovered during Baz Luhrmann's research for his 2022 film, Elvis.","[""Music"", ""Documentary""]","[""Elvis Presley"", ""James Burton"", ""John Wilkinson"", ""Charlie Hodge"", ""Jerry Scheff"", ""Glen D. Hardin"", ""Ronnie Tutt"", ""Bono""]","[""Baz Luhrmann""]","[""frantic"", ""admiring"", ""amused"", ""appreciative"", ""awestruck"", ""bold"", ""forceful""]",2026-02-18,/nor2u3bC7xn2L4PhAMi7RRg04n9.jpg,8.3,31,4.6292,en,2026-04-02T18:22:14.898458
204275,Balupu,బలుపు,"Ravi, a collection agent for a bank, learns from his friend about a man and woman who cheat gullible people. Soon, he resolves to teach the couple a lesson.","[""Action"", ""Comedy""]","[""Ravi Teja"", ""Prakash Raj"", ""Shruti Haasan"", ""Anjali"", ""Brahmanandam"", ""Ashutosh Rana"", ""Shafi"", ""Adivi Sesh""]","[""Gopichand Malineni""]",[],2013-06-29,/wo8xJqf85PylZWvTgNmhwpsZsy.jpg,5.889,18,1.4229,te,2026-04-02T18:22:15.361130
1412598,Killer Whale,Killer Whale,Follows best friends Maddie and Trish as they find themselves trapped in a remote lagoon with the dangerous killer whale named Ceto.,"[""Thriller"", ""Horror"", ""Action"", ""Mystery"", ""Science Fiction""]","[""Virginia Gardner"", ""Mel Jarnson"", ""Mitchell Hope"", ""Isaac Crawley"", ""Scott James George"", ""Luke Cunningham"", ""Anna Yen"", ""Shinji Ikefuji""]","[""Jo-Anne Brechin""]","[""biting"", ""survival horror"", ""killer whale"", ""orca"", ""aquatic horror"", ""absurd"", ""stranded at sea""]",2026-01-16,/xC6zdIoIHjhOIFmjNyGgtzhuhiF.jpg,5.61,68,12.3752,en,2026-04-02T18:22:15.681086
980477,Ne Zha 2,哪吒之魔童闹海,"After a catastrophic event leaves their bodies destroyed, Ne Zha and Ao Bing are granted a fragile second chance at life. As tensions rise between the dragon clans and celestial forces, the two must undergo a series of perilous trials that will test their bond, challenge their identities, and decide the fate of both mortals and immortals.","[""Animation"", ""Fantasy"", ""Adventure"", ""Action""]","[""Lu Yanting"", ""Joseph"", ""Han Mo"", ""Chen Hao"", ""Lu Qi"", ""Zhang Jiaming"", ""Yang Wei"", ""Wang Deshun""]","[""Jiao Zi""]","[""fight"", ""magic"", ""based on myths, legends or folklore"", ""3d animation"", ""nezha"", ""chinese mythology"", ""donghua""]",2025-01-29,/cb5NyNrqiCNNoDkA8FfxHAtypdG.jpg,8.127,637,18.3648,zh,2026-04-02T18:22:16.107504
1428990,This Is Not a Test,This Is Not a Test,"Sloane and four classmates take cover in Cortege High to escape a world plagued by the infected. As danger relentlessly pounds on the doors, Sloane begins to see the world through the eyes of those who actually want to live and takes matters into her own hands.","[""Thriller"", ""Horror""]","[""Olivia Holt"", ""Froy Gutierrez"", ""Carson MacCormac"", ""Corteon Moore"", ""Chloe Avakian"", ""Luke Macfarlane"", ""Krista Bridges"", ""Joelle Farrow""]","[""Adam MacDonald""]","[""high school"", ""based on novel or book"", ""post-apocalyptic future"", ""melancholy"", ""survival"", ""suicidal"", ""school"", ""zombie"", ""survival horror"", ""zombie apocalypse"", ""frantic""]",2025-10-17,/oZqxDDByIei1UVDgw7ZBXJCHHtI.jpg,5.908,38,7.2395,en,2026-04-02T18:22:16.498905
857598,Pushpa 2 - The Rule,పుష్పా 2 - The Rule,"As his smuggling empire grows, a brazen Pushpa longs for power and respect on his vengeful journey, while facing old rivals and new.","[""Action"", ""Drama"", ""Thriller"", ""Crime""]","[""Allu Arjun"", ""Rashmika Mandanna"", ""Fahadh Faasil"", ""Jagadeesh Bandari"", ""Rao Ramesh"", ""Sunil Varma"", ""Anasuya Bharadwaj"", ""Ajay""]","[""Sukumar""]","[""sequel"", ""ego clash""]",2024-12-04,/bhxZj3y59cK7JtGdV285dhDRaMe.jpg,6.345,132,2.8202,te,2026-04-02T18:22:16.837949
648705,Nishabdham,నిశ్శబ్దం,"Seattle PD is investigating the murder of a man and Sakshi, a deaf and mute artist, and her husband Antony, a renowned cello player, are related to it.","[""Thriller"", ""Horror""]","[""Anushka Shetty"", ""R. Madhavan"", ""Anjali"", ""Michael Madsen"", ""Subbaraju"", ""Srinivas Avasarala"", ""Shalini Pandey"", ""Will Ammann""]","[""Hemant Madhukar""]","[""haunted house"", ""cello"", ""female painter""]",2020-10-02,/uadBKw7qfUTxZXsOedOZQJPOdMH.jpg,5.2,20,1.1737,te,2026-04-02T18:22:17.145984
910850,MOBILE SUIT GUNDAM HATHAWAY The Sorcery of Nymph Circe,機動戦士ガンダム  閃光のハサウェイ キルケーの魔女,"The year is UC 105, twelve years after Char's Rebellion. ""Mafty"" has begun resisting the Federation government's tyrannical rule by assassinating its high-ranking officials. Its leader is actually Hathaway Noa, the son of Bright Noa, who fought in the One Year War alongside Amuro Ray.","[""Animation"", ""Science Fiction"", ""War"", ""Drama""]","[""Kensho Ono"", ""Reina Ueda"", ""Junichi Suwabe"", ""Soma Saito""]","[""Shukou Murase""]","[""based on novel or book"", ""sequel"", ""mecha"", ""anime"", ""real robot"", ""gundam""]",2026-01-30,/6YkVpc9Dn1L2FHNlLOybpSKeGc7.jpg,8.0,1,3.0558,ja,2026-04-02T18:22:17.659641
294413,Aagadu,ఆగడు,"Shankar, a trigger-happy encounter specialist with a tragic past, is posted to Bokkapatnam village , to halt the illegal operations of the influential don Damodar, whose dream project is to build a power plant also with whom Shankar has a personal score to settle.","[""Action"", ""Comedy"", ""Drama""]","[""Mahesh Babu"", ""Tamannaah Bhatia"", ""Sonu Sood"", ""Brahmanandam"", ""Rajendra Prasad"", ""Ashish Vidhyarthi"", ""Nassar"", ""M. S. Narayana""]","[""Sreenu Vaitla""]","[""corruption"", ""police"", ""revenge"", ""orphan"", ""construction"", ""power plant"", ""encounter""]",2014-09-19,/xDRDhFd4A9QSnJlE5hIJPVSyYuL.jpg,4.5,20,0.921,te,2026-04-02T18:22:18.539202
628241,Ala Vaikunthapurramuloo,అల వైకుంఠపురములో,"After growing up enduring criticism from his father, a young man finds his world shaken upon learning he was switched at birth with a millionaire's son.","[""Action"", ""Comedy"", ""Drama"", ""Family""]","[""Allu Arjun"", ""Pooja Hegde"", ""Murali Sharma"", ""Jayaram"", ""Sushanth"", ""Samuthirakani"", ""Tabu"", ""Rajendra Prasad""]","[""Trivikram Srinivas""]","[""coma"", ""exchange"", ""hospital"", ""class differences"", ""rich"", ""neglected child"", ""poor"", ""child exchange""]",2020-01-12,/goVGxWzvxs8oMNJ1Zc0QmfJlIzs.jpg,6.567,105,2.3943,te,2026-04-02T18:22:18.910481
804370,Arco,Arco,"10-year-old Arco lives in a far future. During his first flight in his rainbow suit, he loses control and falls into the past. Iris, a girl his age from 2075, comes to his rescue and tries by all means to help send him back to his era.","[""Animation"", ""Adventure"", ""Fantasy"", ""Family"", ""Science Fiction""]","[""Margot Ringard Oldra"", ""Oscar Tresanini"", ""Nathana\u00ebl Perrot"", ""Alma Jodorowsky"", ""Swann Arlaud"", ""Vincent Macaigne"", ""Louis Garrel"", ""William Lebghil""]","[""Ugo Bienvenu""]","[""time travel"", ""family relationships"", ""conspiracy theory"", ""absent parent"", ""environmental issues"", ""near future"", ""2070s"", ""independent film"", ""viagem no tempo"", ""lighthearted"", ""rainbow"", ""science fantasy"", ""male female friendship"", ""cheerful"", ""comforting"", ""21st century"", ""s\u00e9culo xxi"", ""arco-\u00edris""]",2025-10-22,/mWlvHFxTDhq9O5WSOHywa32QIez.jpg,7.467,151,8.9972,fr,2026-04-02T18:22:19.298001
1426964,State of Fear,Salve Geral: Irmandade,"As São Paulo erupts in an unprecedented wave of violence, a lawyer with underworld ties must strike a deal with the police to rescue her kidnapped niece.","[""Action"", ""Thriller"", ""Crime"", ""Drama""]","[""Naruna Costa"", ""Camilla Dami\u00e3o"", ""Seu Jorge"", ""David Santos"", ""Marc\u00e9lia Cartaxo"", ""Lee Taylor"", ""Enio Cavalcante"", ""Hermila Guedes""]","[""Pedro Morelli""]","[""romantic""]",2026-02-10,/3Eaqedg8MAlnP51GYY8MCSIdTnV.jpg,5.574,61,35.4589,pt,2026-04-02T18:22:19.689458
1005076,Duchess,Duchess,"A tough, working-class petty criminal is drawn into the treacherous world of diamond smuggling and morphs into an anti-heroine to be reckoned with in the murky underworld.","[""Action"", ""Crime"", ""Thriller""]","[""Charlotte Kirk"", ""Philip Winchester"", ""Colm Meaney"", ""Hoji Fortuna"", ""Stephanie Beacham"", ""Sean Pertwee"", ""Colin Egglesfield"", ""Pau Poch""]","[""Neil Marshall""]","[""criminal underworld"", ""vengeance"", ""power games"", ""illegal diamond trade""]",2024-08-01,/5TR7JlJbKucNSq84rkbnjLd1JB5.jpg,5.625,76,6.1944,en,2026-04-02T18:22:20.098771
896536,The Legend of Ochi,The Legend of Ochi,"In a remote village on the island of Carpathia, a shy farm girl named Yuri is raised to fear an elusive animal species known as ochi. But when Yuri discovers a wounded baby ochi has been left behind, she escapes on a quest to bring him home.","[""Family"", ""Fantasy"", ""Adventure""]","[""Helena Zengel"", ""Willem Dafoe"", ""Emily Watson"", ""Finn Wolfhard"", ""Razvan Stoica"", ""Carol Bors"", ""Andrei Antoniu Anghel"", ""David Andrei Baltatu""]","[""Isaiah Saxon""]","[""bite"", ""forest"", ""dysfunctional family"", ""creature"", ""children's adventure"", ""dreary"", ""interspecies friendship""]",2025-04-18,/qYyEelO4JfOwE0Ui5KsrCE0O8UA.jpg,6.068,277,6.1548,en,2026-04-02T18:22:20.506679
77338,The Intouchables,Intouchables,A true story of two men who should never have met – a quadriplegic aristocrat who was injured in a paragliding accident and a young man from the projects.,"[""Drama"", ""Comedy""]","[""Fran\u00e7ois Cluzet"", ""Omar Sy"", ""Anne Le Ny"", ""Audrey Fleurot"", ""Jos\u00e9phine de Meaux"", ""Clotilde Mollet"", ""Alba Ga\u00efa Bellugi"", ""Cyril Mendy""]","[""Olivier Nakache"", ""\u00c9ric Toledano""]","[""friendship"", ""male friendship"", ""based on true story"", ""masseuse"", ""aristocrat"", ""paragliding"", ""interracial friendship"", ""unlikely friendship"", ""duringcreditsstinger"", ""quadriplegic"", ""quadriplegia"", ""feel good""]",2011-11-02,/1QU7HKgsQbGpzsJbJK4pAVQV9F5.jpg,8.269,18256,13.0,fr,2026-04-02T18:22:20.904244
19995,Avatar,Avatar,"In the 22nd century, a paraplegic Marine is dispatched to the moon Pandora on a unique mission, but becomes torn between following orders and protecting an alien civilization.","[""Action"", ""Adventure"", ""Science Fiction""]","[""Sam Worthington"", ""Zoe Salda\u00f1a"", ""Sigourney Weaver"", ""Stephen Lang"", ""Michelle Rodriguez"", ""Giovanni Ribisi"", ""Joel David Moore"", ""CCH Pounder""]","[""James Cameron""]","[""paraplegic"", ""attachment to nature"", ""culture clash"", ""indigenous"", ""space travel"", ""space colony"", ""tribe"", ""alien planet"", ""distant future"", ""marine"", ""battle"", ""love affair"", ""scientist"", ""nature"", ""native peoples"", ""power relations"", ""tribal customs"", ""tribal people"", ""tribal chief"", ""cryonics""]",2009-12-16,/gKY6q7SjCkAU6FqvqWybDYgUKIF.jpg,7.6,33688,45.4703,en,2026-04-02T18:22:21.466231
249371,Spider and Rose,Spider and Rose,A young ambulance driver befriends an elderly woman.,"[""Comedy""]","[""Ruth Cracknell"", ""Simon Bossell"", ""Max Cullen"", ""Lewis Fitz-Gerald"", ""Jennifer Cluff"", ""Harry Tritton"", ""Heidi Lapaine"", ""Tina Bursill""]","[""Bill Bennett""]",[],1994-09-14,/q94j3i8pus7ZTBcEvolSBbRCG89.jpg,6.0,2,11.6828,en,2026-04-02T18:22:22.054294
1193501,Whistle,Whistle,"A misfit group of unwitting high school students stumble upon a cursed object, an ancient Aztec Death Whistle. They discover that blowing the whistle and the terrifying sound it emits will summon their future deaths to hunt them down.","[""Horror"", ""Mystery""]","[""Dafne Keen"", ""Sophie N\u00e9lisse"", ""Sky Yang"", ""Jhaleil Swaby"", ""Alissa Skovbye"", ""Percy Hynes White"", ""Stephen Kalyn"", ""Michelle Fairley""]","[""Corin Hardy""]","[""high school"", ""grave"", ""evil spirit"", ""school"", ""death"", ""whistle"", ""based on short story"", ""supernatural horror"", ""cautionary"", ""cursed object"", ""teen horror"", ""horror"", ""straightforward""]",2026-01-20,/eGxPyseSnEZBMJaopGfRUO9HSYx.jpg,5.976,207,86.2599,en,2026-04-02T18:22:22.324238
1447457,Golpes,Golpes,,"[""Crime"", ""Action"", ""Drama""]","[""Luis Tosar"", ""Jes\u00fas Carroza"", ""Cristina Alc\u00e1zar"", ""Carlos Bernardino"", ""Teresa Garz\u00f3n"", ""Cristalino"", ""Nando P\u00e9rez"", ""Jos\u00e9 Luis Rasero""]","[""Rafael Cobos""]","[""heist"", ""cine quinqui"", ""1980s""]",2025-10-22,/jDKla4N5XzjLVDl449E684YWx0g.jpg,5.625,8,8.5728,es,2026-04-02T18:22:22.708424
652837,"Josee, the Tiger and the Fish",ジョゼと虎と魚たち,"With dreams of diving abroad, Tsuneo gets a job assisting Josee, an artist whose imagination takes her far beyond her wheelchair. But when the tide turns against them, they push each other to places they never thought possible, and inspire a love fit for a storybook.","[""Animation"", ""Drama"", ""Romance""]","[""Taishi Nakagawa"", ""Kaya Kiyohara"", ""Yume Miyamoto"", ""Kazuyuki Okitsu"", ""Lynn"", ""Chiemi Matsutera"", ""Kanji Obana"", ""Shintarou Moriyama""]","[""Kotaro Tamura""]","[""based on novel or book"", ""paraplegic"", ""love"", ""slice of life"", ""relationship"", ""based on short story"", ""disability"", ""anime"", ""romantic"", ""comforting""]",2020-12-25,/z1D8xi9x4uEhyFruo7uEHXUMD4K.jpg,8.3,582,7.4395,ja,2026-04-02T18:22:23.159263
812583,Wake Up Dead Man: A Knives Out Mystery,Wake Up Dead Man: A Knives Out Mystery,"When young priest Jud Duplenticy is sent to assist charismatic firebrand Monsignor Jefferson Wicks, it’s clear that all is not well in the pews. After a sudden and seemingly impossible murder rocks the town, the lack of an obvious suspect prompts local police chief Geraldine Scott to join forces with renowned detective Benoit Blanc to unravel a mystery that defies all logic.","[""Thriller"", ""Mystery"", ""Comedy""]","[""Daniel Craig"", ""Josh O'Connor"", ""Glenn Close"", ""Josh Brolin"", ""Mila Kunis"", ""Jeremy Renner"", ""Kerry Washington"", ""Andrew Scott""]","[""Rian Johnson""]","[""detective"", ""investigation"", ""sequel"", ""murder"", ""whodunit"", ""murder mystery"", ""upstate new york"", ""amused"", ""comforting"", ""empathetic"", ""gentle"", ""hopeful""]",2025-11-26,/qCOGGi8JBVEZMc3DVby8rUivyXz.jpg,7.203,2280,15.0788,en,2026-04-02T18:22:23.572403
1318447,Apex,Apex,A grieving woman pushing her limits on a solo adventure in the Australian wild is ensnared in a twisted game with a cunning killer who thinks she's prey.,"[""Action"", ""Thriller""]","[""Charlize Theron"", ""Taron Egerton"", ""Eric Bana"", ""Caitlin Stasey"", ""Bessie Holland"", ""Zachary Garred""]","[""Baltasar Korm\u00e1kur""]","[""survival""]",2026-04-24,/5TGSFX6dxYfM2balJrFoSVB42Nv.jpg,0.0,0,6.851,en,2026-04-02T18:22:23.836108
181808,Star Wars: The Last Jedi,Star Wars: The Last Jedi,"Rey develops her newly discovered abilities with the guidance of Luke Skywalker, who is unsettled by the strength of her powers. Meanwhile, the Resistance prepares to do battle with the First Order.","[""Adventure"", ""Action"", ""Science Fiction""]","[""Mark Hamill"", ""Carrie Fisher"", ""Adam Driver"", ""Daisy Ridley"", ""John Boyega"", ""Oscar Isaac"", ""Andy Serkis"", ""Lupita Nyong'o""]","[""Rian Johnson""]","[""bunker"", ""space battle"", ""defeat"", ""failure"", ""sequel"", ""blunt"", ""space opera"", ""military operation""]",2017-12-13,/kOVEVeg59E0wsnXmF9nrh6OmWII.jpg,6.756,16192,34.7443,en,2026-04-02T18:22:24.261182
1585,It's a Wonderful Life,It's a Wonderful Life,"George Bailey has spent his entire life giving to the people of Bedford Falls.  All that prevents rich skinflint Mr. Potter from taking over the entire town is George's modest building and loan company.  But on Christmas Eve the business's $8,000 is lost and George's troubles begin.","[""Drama"", ""Family"", ""Fantasy""]","[""James Stewart"", ""Donna Reed"", ""Lionel Barrymore"", ""Thomas Mitchell"", ""Henry Travers"", ""Beulah Bondi"", ""Frank Faylen"", ""Ward Bond""]","[""Frank Capra""]","[""small town"", ""angel"", ""suicide attempt"", ""holiday"", ""bank"", ""great depression"", ""family business "", ""black and white"", ""nervous breakdown"", ""old house"", ""newlywed"", ""magic realism"", ""told in flashback"", ""alternative reality"", ""guardian angel"", ""high school dance"", ""christmas"", ""candid"", ""what if"", ""christmas eve""]",1946-12-20,/bSqt9rhDZx1Q7UZ86dBPKdNomp2.jpg,8.279,4838,8.5171,en,2026-04-02T18:22:24.661936
429617,Spider-Man: Far From Home,Spider-Man: Far From Home,"Peter Parker and his friends go on a summer trip to Europe. However, they will hardly be able to rest - Peter will have to agree to help Nick Fury uncover the mystery of creatures that cause natural disasters and destruction throughout the continent.","[""Action"", ""Adventure"", ""Science Fiction""]","[""Tom Holland"", ""Jake Gyllenhaal"", ""Samuel L. Jackson"", ""Marisa Tomei"", ""Jon Favreau"", ""Zendaya"", ""Jacob Batalon"", ""Tony Revolori""]","[""Jon Watts""]","[""venice, italy"", ""secret identity"", ""superhero"", ""school trip"", ""europe"", ""based on comic"", ""sequel"", ""destruction"", ""aftercreditsstinger"", ""duringcreditsstinger"", ""marvel cinematic universe (mcu)"", ""masked superhero"", ""tower of london"", ""teen superhero""]",2019-06-28,/4q2NNj4S5dG2RLF9CpXsej7yXl.jpg,7.396,16790,21.1259,en,2026-04-02T18:22:25.097392
1400381,"It's Never Over, Jeff Buckley","It's Never Over, Jeff Buckley","Rising musician Jeff Buckley had only released one album when he died suddenly in 1997. Now, never-before-seen footage, exclusive voice messages, and accounts from those closest to him offer a portrait of the captivating singer.","[""Documentary"", ""Music""]","[""Jeff Buckley"", ""Mary Guibert"", ""Ben Harper"", ""Aimee Mann"", ""Rebecca Moore"", ""Joan Wasser"", ""Mick Grondahl"", ""Parker Kindred""]","[""Amy J. Berg""]","[""documentary""]",2025-08-08,/rrKe8bC6UKFKvfZHvbwA9Bq5hkR.jpg,7.86,25,1.2849,en,2026-04-02T18:22:25.547662
1646142,Terrestrial,Terrestrial,,"[""Horror""]","[""Dane-randall bacon"", ""Deena Bacon"", ""Randall J. Bacon"", ""Rayden Bacon"", ""Derek Bega"", ""Matt Corboy"", ""Alex Farnham"", ""Kassem Gharaibeh""]","[""Alex Farnham""]",[],2024-10-13,/g4PBZlyVm2cWgL4jAy7WKEblB4t.jpg,6.5,2,47.314,en,2026-04-02T18:22:25.865489
87614,Sye,సై,"The story is set in the backdrop of a college that is riven by two groups led by Prithvi and Shashank. Though there is nothing malicious between the groups, they just can't see eye to eye on anything. The only thing common between the two are their abiding passion for rugby. Whenever a problem crops between the two, it is usually settled with a bitter scrum on the rugby field. As it happens, the college land falls into the hands of a local dadha Bikshu Yadav. This is good enough reason for the two groups to forge a common identity and fight for the land. Prithvi and Shashank bury the hatchet and get back the land. This is too much of a bitter pill for the dadha to swallow. And so he dares the students for a rugby match with his own group.","[""Drama"", ""Action""]","[""Nithiin"", ""Genelia D'Souza"", ""Pradeep Ram Singh Rawat"", ""Shashank"", ""Rajiv Kanakala"", ""Nassar"", ""Ajay"", ""Tanikella Bharani""]","[""S. S. Rajamouli""]","[""college""]",2004-09-26,/yetEKct1tQ1RDLQJKReaYirh5BI.jpg,6.375,16,1.7925,te,2026-04-02T18:22:26.172231
1519168,The Jester 2,The Jester 2,"When teen magician Max crosses paths with the sinister Jester on Halloween night, she must outsmart a supernatural killer whose magic is all too real and whose tricks always end up in blood.","[""Horror"", ""Thriller"", ""Crime""]","[""Michael Sheffield"", ""Kaitlyn Trentham"", ""Dingani Beza"", ""Hassen Kacem"", ""Jessica Ambuehl"", ""Charles Mckee"", ""Patrick Loree""]","[""Colin Krawchuk""]",[],2025-09-15,/47dsw1jSOV0Be5zmy7CtLhYpqU.jpg,6.324,54,5.0297,en,2026-04-02T18:22:26.594886
1424965,Ice Skater,Ice Skater,"A survival drama about an ice skater stranded on an ice floe at the Arctic Sea. When the ice floe starts to float towards south and melt, the ice skater must use all means necessary to survive.","[""Drama"", ""Thriller""]","[""Thea Sofie Loch N\u00e6ss"", ""Nikos Koukas"", ""Mimi Roivainen"", ""Jasmin Simonen""]","[""Taavi Vartia""]","[""lost at sea"", ""ice skater"", ""arctic survival""]",2026-02-24,/m93BKabB7Je8WQACed58BXeHNNR.jpg,5.2,13,20.5661,en,2026-04-02T18:22:26.980305
1101383,The End of Oak Street,The End of Oak Street,"After a mysterious cosmic event rips Oak Street from suburbia and transports their neighborhood to someplace unknown, a family soon discovers that their very survival depends on them sticking together as they navigate their now unrecognizable surroundings.","[""Science Fiction"", ""Mystery"", ""Thriller""]","[""Anne Hathaway"", ""Ewan McGregor"", ""Christian Convery"", ""Maisy Stella"", ""Jordan Alexa Davis"", ""P.J. Byrne"", ""Chris Coy""]","[""David Robert Mitchell""]",[],2026-08-12,/u9jha7bkttIrc5RO1TWeSn7QVyI.jpg,0.0,0,15.8288,en,2026-04-02T18:22:27.397507
81481,Silenced,도가니,"Based on actual events that took place at Gwangju Inhwa School for the hearing-impaired, where young deaf students were the victims of repeated sexual assaults by faculty members over a period of five years in the early 2000s.","[""Drama""]","[""Gong Yoo"", ""Jung Yu-mi"", ""Kim Hyeon-soo"", ""Jung In-seo"", ""Baek Su-ho"", ""Jang Kwang"", ""Kim Joo-ryoung"", ""Kim Min-sang""]","[""Hwang Dong-hyuk""]","[""child abuse"", ""rape"", ""based on novel or book"", ""deaf"", ""based on true story"", ""teacher student relationship"", ""disability"", ""sex crime"", ""south korea""]",2011-09-22,/mbMp0oIFmYnw0i5gzRoKt8cH5ve.jpg,8.141,757,4.8956,ko,2026-04-02T18:22:27.913177
552524,Lilo & Stitch,Lilo & Stitch,The wildly funny and touching story of a lonely Hawaiian girl and the fugitive alien who helps to mend her broken family.,"[""Family"", ""Science Fiction"", ""Comedy""]","[""Maia Kealoha"", ""Sydney Agudong"", ""Chris Sanders"", ""Zach Galifianakis"", ""Billy Magnussen"", ""Courtney B. Vance"", ""Amy Hill"", ""Tia Carrere""]","[""Dean Fleischer Camp""]","[""hawaii"", ""bullying"", ""dysfunctional family"", ""alien"", ""loss of job"", ""shape shifting alien"", ""family"", ""nostalgic"", ""evil alien"", ""orphan siblings"", ""extraterrestrial animal"", ""live action remake"", ""alien spaceship"", ""animal human friendship"", ""advanced technology"", ""hilarious"", ""whimsical""]",2025-05-17,/ckQzKpQJO4ZQDCN5evdpKcfm7Ys.jpg,7.19,2095,20.615,en,2026-04-02T18:22:28.320519
83533,Avatar: Fire and Ash,Avatar: Fire and Ash,"In the wake of the devastating war against the RDA and the loss of their eldest son, Jake Sully and Neytiri face a new threat on Pandora: the Ash People, a violent and power-hungry Na'vi tribe led by the ruthless Varang. Jake's family must fight for their survival and the future of Pandora in a conflict that pushes them to their emotional and physical limits.","[""Science Fiction"", ""Adventure"", ""Fantasy""]","[""Sam Worthington"", ""Zoe Salda\u00f1a"", ""Sigourney Weaver"", ""Stephen Lang"", ""Oona Chaplin"", ""Jack Champion"", ""Kate Winslet"", ""Cliff Curtis""]","[""James Cameron""]","[""witch"", ""clone"", ""space war"", ""tribe"", ""sequel"", ""alien"", ""transhumanism"", ""family"", ""space adventure"", ""family dynamics"", ""rival"", ""ambiguous"", ""oscar winner""]",2025-12-17,/bRBeSHfGHwkEpImlhxPmOcUsaeg.jpg,7.34,2132,499.5353,en,2026-04-02T18:22:28.720471
843342,Hamlet,Hamlet,"Set in a modern-day London of economic and political uncertainty, the story follows the intersecting themes of familial honor, moral duty and dynastic corruption.","[""Drama""]","[""Riz Ahmed"", ""Morfydd Clark"", ""Timothy Spall"", ""Art Malik"", ""Jasmine Jobson"", ""Sheeba Chaddha"", ""Joe Alwyn"", ""Julia Westcott-Hutton""]","[""Aneil Karia""]","[""london, england"", ""based on play or musical"", ""revenge"", ""fratricide"", ""hamlet"", ""regicide""]",2026-02-06,/7azHIOSrxo0VC5wYiwtGOnVehsH.jpg,5.0,5,2.8351,en,2026-04-02T18:22:29.147595
1193550,California Schemin',California Schemin',"In the late 1990s, Gavin Bain and Billy Boyd had their musical ambitions consistently ridiculed for having the 'wrong' accents, so they went for broke and reinvented themselves as Californian rappers. The duo re-recorded their own tracks with fake accents and turned up in London claiming to be an established duo on the Cali scene as well as childhood friends with Eminem. They quickly bagged themselves a record deal, a hefty sum in advances, and an appearance on MTV... until it all came crashing down.","[""Music"", ""Comedy"", ""Drama""]","[""S\u00e9amus McLean Ross"", ""Samuel Bottomley"", ""James McAvoy"", ""Lucy Halliday"", ""Amber Anderson"", ""Sonny Poon Tip"", ""Rebekah Murrell"", ""Jennifer Winn""]","[""James McAvoy""]","[""rap music"", ""hip-hop"", ""biography"", ""based on true story"", ""hoax"", ""1990s""]",2026-04-10,/2tYRbCPZVQD1AjZ6YGMRx71lbDU.jpg,0.0,0,1.8049,en,2026-04-02T18:22:30.333620
1367642,Reminders of Him,Reminders of Him,"When Diem's custodial grandparents adamantly refuse Kenna's attempts to see her daughter, Kenna discovers unexpected compassion, and then something truer and deeper, with former NFL player and local bar owner Ledger. As their secret romance develops, so do the dangers for both of them, leading Kenna toward heartbreak and, ultimately, the hope for a second chance.","[""Romance"", ""Drama""]","[""Maika Monroe"", ""Tyriq Withers"", ""Rudy Pankow"", ""Bradley Whitford"", ""Lauren Graham"", ""Zoe Kosovic"", ""Nicholas Duvernay"", ""Jennifer Robertson""]","[""Vanessa Caswill""]","[""wyoming, usa"", ""based on novel or book"", ""loss of loved one"", ""release from prison"", ""mistake"", ""car accident"", ""second chance"", ""ex-con"", ""child custody"", ""return to hometown"", ""romantic drama"", ""clich\u00e9"", ""forgiveness and reconciliation""]",2026-03-11,/7L6rceYgzQ0NeHD7PRDNrRoQ291.jpg,7.1,81,24.043,en,2026-04-02T18:22:30.664609
253533,Manam,మనం,"A married couple die in an accident, leaving behind a son. As he grows up and becomes successful, he comes across reincarnations of his father and mother as youngsters, and vows to bring them back together.","[""Comedy"", ""Drama"", ""Fantasy"", ""Family""]","[""Nagarjuna Akkineni"", ""Nageshwara Rao Akkineni"", ""Naga Chaitanya Akkineni"", ""Shriya Saran"", ""Samantha Ruth Prabhu"", ""Brahmanandam"", ""Ali Basha"", ""Posani Krishna Murali""]","[""Vikram Kumar""]","[""reincarnation"", ""karma""]",2014-05-23,/pas4iupGgxk0UuhiILiWHDSkMBC.jpg,7.119,59,1.4132,te,2026-04-02T18:22:31.004175
1259102,Eternity,Eternity,"In an afterlife where souls have one week to decide where to spend eternity, Joan is faced with the impossible choice between the man she spent her life with and her first love, who died young and has waited decades for her to arrive.","[""Romance"", ""Comedy"", ""Drama""]","[""Elizabeth Olsen"", ""Miles Teller"", ""Callum Turner"", ""Da'Vine Joy Randolph"", ""John Early"", ""Barry Primus"", ""Betty Buckley"", ""Darryl Scheelar""]","[""David Freyne""]","[""afterlife"", ""affectation"", ""melancholy"", ""romcom"", ""first love"", ""nostalgic"", ""questioning"", ""eternity"", ""speculative"", ""curious"", ""meditative"", ""mysterious"", ""vexed"", ""candid"", ""unassuming"", ""reflective"", ""wonder"", ""loving"", ""introspective"", ""inspirational""]",2025-11-26,/o8pg20G67BGmQvRkXwstNre062J.jpg,6.994,568,15.3433,en,2026-04-02T18:22:31.463385
1314398,Frieda's Case,Friedas Fall,"Chronicles the fate of Frieda Keller, a young seamstress in St. Gallen who, in 1904, is accused of murdering her 5-year-old son Ernstli.","[""Drama""]","[""Julia Buchmann"", ""Stefan Merki"", ""Rachel Braunschweig"", ""Maximilian Simonischek"", ""Rahel Hubacher"", ""Roger Bonjour"", ""Liliane Amuat"", ""Marlene Tanczik""]","[""Maria Brendle""]","[""switzerland"", ""based on true story"", ""misogyny"", ""illegitimate child"", ""seamstress"", ""infanticide"", ""courtroom drama"", ""1900s"", ""death of a child"", ""20th century"", ""systemic corruption"", ""based on real person""]",2025-10-30,/nPhO7N3IOjEiNQop4yBLQUWJNXL.jpg,6.6,4,1.6561,de,2026-04-02T18:22:31.857081
1418849,What Does That Nature Say to You,그 자연이 네게 뭐라고 하니,"A young poet drops his girlfriend off at her parents' house and is amazed by its size. He bumps into her father, meets her mother and sister, and they all end up spending a long day together; fueled by conversation, food and libations.","[""Drama""]","[""Ha Seong-guk"", ""Kwon Hae-hyo"", ""Cho Yun-hee"", ""Kang So-yi"", ""Park Mi-so""]","[""Hong Sang-soo""]",[],2025-05-14,/jnW2xfpB8BnHuHOiT7XA8EBSW9F.jpg,6.7,10,1.75,ko,2026-04-02T18:22:32.262388
587370,Tales from the Magic Garden,Pohádky po babičce,"Tom (4 years old), Suzanne (8) and Derek (10) spend the weekend with their grandparents. But nothing is as usual: Grandpa seems to be elsewhere; Tom wonders where Grandma has gone, she who always tells him incredible stories; Derek is hard at work renovating the old apple tree hut. So following in the footsteps of her ancestor, Suzanne improvises herself as a storyteller to illuminate the house with imaginary and wonderful stories and try to fill the absence of Grandmother. The movie is an adaptation of three tales written by Arnost Goldflam.","[""Animation"", ""Drama"", ""Family"", ""Fantasy""]","[""Zuzana Kronerov\u00e1"", ""Arno\u0161t Goldflam"", ""Mikul\u00e1\u0161 \u010c\u00ed\u017eek"", ""Zofie Hanova"", ""Alex Mojzis"", ""Miroslav Krobot"", ""Eli\u0161ka K\u0159enkov\u00e1"", ""Ivan Trojan""]","[""Jean-Claude Rozec"", ""Patrik Pa\u0161\u0161"", ""Leon Vidmar"", ""David S\u00fakup""]","[""stop motion""]",2025-05-18,/6LZJKktqh9jTL27vMU6oxzdvB3W.jpg,5.0,7,3.1378,cs,2026-04-02T18:22:32.686906
204395,Tadakha,తడాఖ,"A gentle and introverted young man is given employment in the police department, when his father, an inspector, dies of a sudden heart attack. In the line of duty, when he earns the wrath of a dangerous gangster, he and his brother must fight to defeat their powerful enemy. Will they succeed in doing so?","[""Action"", ""Romance"", ""Family""]","[""Naga Chaitanya Akkineni"", ""Sunil Varma"", ""Tamannaah Bhatia"", ""Andrea Jeremiah"", ""Ashutosh Rana"", ""Nagendra Babu"", ""Brahmanandam"", ""Vennela Kishore""]","[""Kishore Kumar""]",[],2013-05-10,/oYktMhyBKv5KExqxy6rrwH5n5kJ.jpg,4.0,7,0.9945,te,2026-04-02T18:22:33.075759
970348,The Old Oak,The Old Oak,"A pub landlord in a previously thriving mining community struggles to hold onto his pub. Meanwhile, tensions rise in the town when Syrian refugees are placed in the empty houses in the community.","[""Drama""]","[""Dave Turner"", ""Ebla Mari"", ""Claire Rodgerson"", ""Trevor Fox"", ""Chris McGlade"", ""Col Tait"", ""Jordan Louis"", ""Chrissie Robinson""]","[""Ken Loach""]","[""small town"", ""photographer"", ""refugee"", ""community"", ""working class"", ""sympathy"", ""syrian refugee"", ""north of england"", ""pub"", ""empathetic"", ""hopeful"", ""multi-ethnic community""]",2023-09-29,/xN293BKB0MDqpILmLCtGGYxQXKW.jpg,7.2,389,1.3719,en,2026-04-02T18:22:33.498865
673392,Radhe Shyam,రాధే శ్యామ్,"Vikramaditya, a world-renowned palmist, believes love does not exist in his stars, until he meets Prerana. But when destiny tries to pull them apart, will love prevail?","[""Drama"", ""Romance""]","[""Prabhas"", ""Pooja Hegde"", ""Sachin Khedekar"", ""Krishnam Raju"", ""Sathyaraj"", ""Jayaram"", ""Bhagyashree"", ""Jagapati Babu""]","[""Radha Krishna Kumar""]","[""europe"", ""romance""]",2022-03-10,/szAa23SWNIgJHsvSRyQrvyFT8ef.jpg,5.1,37,1.632,te,2026-04-02T18:22:33.838924
667257,Impossible Things,Cosas imposibles,"After the death of her abusive husband, Matilde finds her new best friend in Miguel, her young, insecure, and disoriented neighbor.","[""Family"", ""Drama""]","[""Nora Vel\u00e1zquez"", ""Benny Emmanuel"", ""Luisa Huertas"", ""Salvador Garcini"", ""Andr\u00e9s Delgado"", ""Gabriela Cartol"", ""Juan Carlos Medellin"", ""Ari Gallegos""]","[""Ernesto Contreras""]",[],2021-06-17,/t2Ew8NZ8Ci2kqmoecZUNQUFDJnQ.jpg,8.4,420,4.338,es,2026-04-02T18:22:34.107544
24188,Il Sorpasso,Il sorpasso,"Roberto, a shy law student in Rome, meets Bruno, a forty-year-old exuberant, capricious man, who takes him for a drive through the Roman and Tuscany countries in the summer. When their journey starts to blend into their daily lives though, the pair’s newfound friendship is tested.","[""Drama"", ""Comedy"", ""Adventure""]","[""Vittorio Gassman"", ""Jean-Louis Trintignant"", ""Catherine Spaak"", ""Claudio Gora"", ""Luciana Angiolillo"", ""Linda Sini"", ""Franca Polesello"", ""Bruna Simionato""]","[""Dino Risi""]","[""italian"", ""black and white"", ""summer"", ""seaside"", ""road movie""]",1962-12-05,/4h1ckrJQVcQYjeOkqS8i9BqZ9MI.jpg,8.216,829,1.2816,it,2026-04-02T18:22:34.501236
315009,Rudhramadevi,రుద్రమదేవి,"Rudraba, daughter of Ganapatideva, the emperor of the Kakatiya dynasty, was officially designated a son through the ancient Putrika ceremony and given the name Rudradeva so that she could succeed her father after his death. Despite opposition, she became of the most prominent rulers of the Kakatiya dynasty and one of the few ruling queens in Indian history.","[""History"", ""Action"", ""Drama""]","[""Anushka Shetty"", ""Allu Arjun"", ""Rana Daggubati"", ""Nithya Menen"", ""Catherine Tresa"", ""Aditi Chengappa"", ""Krishnam Raju"", ""Suman Talwar""]","[""Gunasekhar""]",[],2015-10-09,/v9PSBA5SzG42DGZ4aJb4R9B2aTY.jpg,5.222,36,1.093,te,2026-04-02T18:22:34.771192
1359490,(MAD)²,(MAD)²,"After his wedding turns into a disaster, Laddu and his pals — Manoj, Ashok and Damodar — find themselves traveling to Goa for another wild adventure.","[""Drama"", ""Romance"", ""Comedy""]","[""Sangeeth Shobhan"", ""Narne Nithin"", ""Ram Nithin"", ""Vishnu Oi"", ""Muralidhar Goud"", ""Karthikeya Samala"", ""Ravi Anthony"", ""Sunil Varma""]","[""Kalyan Shankar""]",[],2025-03-27,/cYGNd3oMRYsvM9gW4i0bzAclOUb.jpg,7.4,9,1.3229,te,2026-04-02T18:22:35.109555
1175174,Fackham Hall,Fackham Hall,"A new servant embarks on an unlikely relationship with the youngest daughter of a prominent English family. Simultaneously, rivalries are spilling over in the Davenport family, led by the Lord and Lady as they also weather the epic failure of the wedding of their eldest daughter to her caddish cousin.","[""Comedy""]","[""Thomasin McKenzie"", ""Ben Radcliffe"", ""Katherine Waterston"", ""Emma Laird"", ""Tom Goodman-Hill"", ""Ramon Tikaram"", ""Tim McMullan"", ""Anna Maxwell Martin""]","[""Jim O'Hanlon""]","[""social satire"", ""spoof"", ""long lost relative"", ""inheritance challenge"", ""marriage of alliance"", ""upstairs downstairs"", ""family estate"", ""english nobility"", ""cousin marriage"", ""historical comedy"", ""witty"", ""hilarious"", ""servant heiress relationship"", ""amused"", ""period comedy"", ""mockery humor""]",2025-12-05,/fwpdRe6WGmzqXFEJYJVepDQ6jrw.jpg,6.721,120,7.1221,en,2026-04-02T18:22:35.566006
1611398,Un hombre por semana,Un hombre por semana,A divorced woman reconstructs her life and opens herself to love. Her search for dating apps takes her through fun and unpredictable moments to discover self-love.,"[""Comedy"", ""Romance"", ""Drama""]","[""Ana de la Reguera"", ""Roberto Quijano"", ""Carlos 'Capi' P\u00e9rez"", ""Fernando \u00c1lvarez Rebeil"", ""Patricia Garza"", ""Epy V\u00e9lez"", ""Diego Guzm\u00e1n"", ""Kevin Bertram""]","[""Marco Polo Constandse"", ""Ana de la Reguera""]","[""amused"", ""mexican comedy""]",2026-01-08,/rHwOvosfDFRsjBihdh9dIHnMgbO.jpg,7.31,29,23.3703,es,2026-04-02T18:22:36.045772
1253000,Deathstalker,Deathstalker,"A powerful swordsman known as Deathstalker recovers a cursed amulet from a corpse-strewn battlefield. Marked by dark magic and hunted by monstrous assassins, he must face the rising evil and break the curse.","[""Fantasy"", ""Action"", ""Adventure""]","[""Daniel Bernhardt"", ""Christina Orjalo"", ""Paul Lazenby"", ""Nicholas Rice"", ""Patton Oswalt"", ""Nina Bergman"", ""John Clifford Talbot"", ""Jon Ambrose""]","[""Steven Kostanski""]","[""reboot"", ""macabre"", ""hopeless"", ""satirical"", ""sword and sorcery"", ""crowdfunded film"", ""whimsical"", ""clich\u00e9"", ""sarcastic"", ""tragic""]",2025-10-10,/nEI3DnzQC1afAjJOAizx6UX27pL.jpg,5.9,59,10.3772,en,2026-04-02T18:22:36.571197
1646221,Paul Smith: Pablo Live,Paul Smith: Pablo Live,"From one of the UK’s most viral stand-up comedians, in his debut special, “Paul Smith: Pablo Live” is the show you’ve all been waiting for. Filmed live at the 3Olympia Theatre in Dublin, it’s packed full of Smith’s signature, unflinching, laugh out loud comedy. Featuring a mix of his trademark audience roasting, razor-sharp wit and hilarious true stories of his everyday life, from spending money in the most irresponsible way possible, why boys are better than girls and raising kids without leading by example, this is the full, unfiltered Paul Smith experience, and you won't want to miss a minute of it.","[""Comedy""]","[""Paul Smith""]","[""Chris Howe""]",[],2026-04-17,,0.0,0,1.7272,en,2026-04-02T18:22:36.959978
898704,Desert Warrior,Desert Warrior,"An honorable and mysterious rogue, known as Hanzala, makes himself an enemy of the Emperor Kisra after he helps a fugitive king and princess in the desert.","[""Action"", ""Drama"", ""History""]","[""Anthony Mackie"", ""Aiysha Hart"", ""Ben Kingsley"", ""Ghassan Massoud"", ""Sharlto Copley"", ""Sami Bouajila"", ""Lamis Ammar"", ""G\u00e9za R\u00f6hrig""]","[""Rupert Wyatt""]","[""princess"", ""saudi arabia"", ""emperor"", ""concubine"", ""fugitive"", ""desert"", ""bandit"", ""female warrior"", ""tribes"", ""7th century"", ""father and daughter"", ""helping a fugitive"", ""change of fate"", ""rewrite your fate."", ""fate vs free will"", ""fate vs choice""]",2026-04-24,/cKJcTbwxT2aQK6sPN17K4SBkezp.jpg,0.0,0,1.6547,en,2026-04-02T18:22:37.532021
1511057,Roommates,Roommates,"When college freshman Devon asks cool, confident Celeste to be her roommate, a blossoming friendship quickly spirals into a war of passive aggression.","[""Comedy""]","[""Sadie Sandler"", ""Chloe East"", ""Billy Bryk"", ""Sarah Sherman"", ""Natasha Lyonne"", ""Nick Kroll"", ""Aidan Langford"", ""Carol Kane""]","[""Chandler Levack""]",[],2026-04-16,/eW1s6omXIfVkTlmKVe9y9Dwwt4u.jpg,0.0,0,1.5247,en,2026-04-02T18:22:37.932851
46738,Incendies,Incendies,"A mother's last wishes send twins Jeanne and Simon on a journey to Middle East in search of their tangled roots. Adapted from Wajdi Mouawad's acclaimed play, Incendies tells the powerful and moving tale of two young adults' voyage to the core of deep-rooted hatred, never-ending wars and enduring love.","[""Drama"", ""War"", ""Mystery""]","[""Lubna Azabal"", ""M\u00e9lissa D\u00e9sormeaux-Poulin"", ""Maxim Gaudette"", ""R\u00e9my Girard"", ""Allen Altman"", ""Abdelghafour Elaaziz"", ""Dominique Briand"", ""Fr\u00e9d\u00e9ric Paquet""]","[""Denis Villeneuve""]","[""middle east"", ""militia"", ""orphanage"", ""massacre"", ""twins"", ""will"", ""dark secret"", ""domineering"", ""search for truth"", ""lebanese civil war"", ""dark history"", ""lebanon"", ""traumatic past"", ""family secret"", ""intense"", ""horrified"", ""west asia""]",2010-09-17,/yH6DAQVgbyj72S66gN4WWVoTjuf.jpg,8.101,3205,6.1414,fr,2026-04-02T18:22:38.331017
454292,Saaho,సాహో,"A battle for power ensues as warring gangters thrive to gain possession of a ""black box"" that can make them richer than they already are, and an undercover cop intervenes with the help of his sharp intellect and an instinct to kill.","[""Action"", ""Adventure"", ""Thriller""]","[""Prabhas"", ""Shraddha Kapoor"", ""Neil Nitin Mukesh"", ""Chunky Panday"", ""Mandira Bedi"", ""Arun Vijay"", ""Murali Sharma"", ""Jackie Shroff""]","[""Sujeeth""]","[""truck"", ""gunfight"", ""motorcycle chase"", ""action hero"", ""sujeeth cinematic universe""]",2019-08-29,/abjWQwUakmBUecf73jiZDx5iex0.jpg,5.759,110,2.0656,te,2026-04-02T18:22:38.609827
56981,Brindavanam,బృందావనం,"Indu makes her boyfriend Krishna act like her friend Bhoomi's lover so that her family will stop searching for a groom. However, their lives takes a turn when Bhoomi falls in love with Krishna.","[""Action"", ""Romance"", ""Drama""]","[""N.T. Rama Rao Jr."", ""Kajal Aggarwal"", ""Samantha Ruth Prabhu"", ""Prakash Raj"", ""Srihari"", ""Brahmanandam"", ""Mukesh Rishi"", ""Venu Madhav""]","[""Vamshi Paidipally""]",[],2010-10-14,/8l2z3abBgXvIpQUEHLVt9sLMcCp.jpg,6.6,36,1.2264,te,2026-04-02T18:22:39.011584
913046,Shaakuntalam,శాకుంతలం,"Shakuntala, daughter of Meneka and Rishi Vishwamitra lives in forest with her teacher, Rishi Kanva. In the forest she meets King Dushyant, falls in love with him and the two get married. After she has their baby (Prince Bharata), Dushyant leaves her in the forest with a promise to come back for her soon. However, due to a sage's curse, Dushyant forgets all about Shakuntala, until destiny brings them together again.","[""Romance"", ""History"", ""Fantasy""]","[""Samantha Ruth Prabhu"", ""Dev Mohan"", ""Aditi Balan"", ""Ananya Nagalla"", ""Sachin Khedekar"", ""Gautami Tadimalla"", ""Prakash Raj"", ""Kabir Bedi""]","[""Gunasekhar""]",[],2023-04-14,/6YKaTWjZckGH5lb3cRFHWWIjVk2.jpg,4.2,6,1.0425,te,2026-04-02T18:22:39.290034
157336,Interstellar,Interstellar,The adventures of a group of explorers who make use of a newly discovered wormhole to surpass the limitations on human space travel and conquer the vast distances involved in an interstellar voyage.,"[""Adventure"", ""Drama"", ""Science Fiction""]","[""Matthew McConaughey"", ""Anne Hathaway"", ""Michael Caine"", ""Jessica Chastain"", ""Casey Affleck"", ""Wes Bentley"", ""Topher Grace"", ""Mackenzie Foy""]","[""Christopher Nolan""]","[""rescue"", ""future"", ""spacecraft"", ""race against time"", ""artificial intelligence (a.i.)"", ""nasa"", ""time warp"", ""dystopia"", ""expedition"", ""space travel"", ""wormhole"", ""famine"", ""hibernation"", ""black hole"", ""quantum mechanics"", ""family relationships"", ""space"", ""robot"", ""astronaut"", ""scientist""]",2014-11-05,/yQvGrMoipbRoddT0ZR8tPoR7NfX.jpg,8.469,39252,51.7435,en,2026-04-02T18:22:39.603442
56986,Khaleja,ఖలేజా,"A village is hounded by an unknown disease, decimating its population. The village priest prophesies that God's avatar will save them. Siddha goes in search of this supernatural potential and finds it in Seetarama Raju, a cab driver.","[""Action"", ""Fantasy"", ""Comedy""]","[""Mahesh Babu"", ""Shafi"", ""Prakash Raj"", ""Rao Ramesh"", ""Anushka Shetty"", ""Ali Basha"", ""Sunil Varma"", ""Tanikella Bharani""]","[""Trivikram Srinivas""]","[""prophecy"", ""village"", ""supernatural"", ""chosen one"", ""calamity"", ""premonition"", ""desert"", ""destiny"", ""savior"", ""plague"", ""messiah"", ""white savior"", ""suspenseful"", ""mystery and intrigue"", ""comedy mystery""]",2010-10-07,/rsQbJT4vjyQe6Mpry1i8Tnf86wp.jpg,7.339,62,1.6979,te,2026-04-02T18:22:39.883728
1654429,Crush The Wicked,扫恶,A detective and a vengeful survivor hunt a fugitive serial killer who resurfaces to commit one last desperate crime.,"[""Action"", ""Crime""]","[""Pan Binlong"", ""Bao Bei'er"", ""Zhao Runnan"", ""Clara Lee"", ""Zhou Dayong"", ""Yu Bolin"", ""Guo Ziheng"", ""Hou Haoran""]","[""Cheng Siyi""]",[],2026-03-20,/o4Bq8KtU9hNdxPQOQFlgOC82HRp.jpg,0.0,0,4.8079,zh,2026-04-02T18:22:40.359489
1171101,Kuberaa,కుబేర,"A ruthless billionaire, Neeraj, uses beggars as benamis to launder money, with the help of a disgraced civil submit servant, Deepak. One of the beggars, Deva, escapes with ₹10,000 crores and becomes the target of a deadly manhunt. He meets Sameera, who joins him in his mission to use the money to uplift society's poor. With Deepak's help, Deva fights back.","[""Crime"", ""Thriller"", ""Drama""]","[""Dhanush"", ""Nagarjuna Akkineni"", ""Jim Sarbh"", ""Rashmika Mandanna"", ""K. Bhagyaraj"", ""Dalip Tahil"", ""Sunaina"", ""Shravani""]","[""Sekhar Kammula""]","[""rags to riches"", ""political thriller""]",2025-06-19,/xjLC5DeA4FQTBv4xe8r3wYqh8lu.jpg,6.9,18,1.8063,te,2026-04-02T18:22:40.697859
896669,Veera Simha Reddy,వీరసింహారెడ్డి,"Jai Simha Reddy, a businessman in Turkey and doting son of Meenakshi falls in love with Eesha. On the verge of his marriage, Jai comes to know the secret about his father Veera Simha Reddy who comes to Turkey to settle the marriage, which is when Jai meets his father for the first time. Things take a drastic turn around when Veera's  past follows him to Turkey.","[""Action"", ""Drama""]","[""Nandamuri Balakrishna"", ""Varalaxmi Sarathkumar"", ""Duniya Vijay"", ""Honey Rose"", ""Lal"", ""Shruti Haasan"", ""Naveen Chandra"", ""P. Ravi Shankar""]","[""Gopichand Malineni""]",[],2023-01-12,/4xBFmIiIqbzEes6Nnh27Q1jOKBa.jpg,4.7,22,1.4096,te,2026-04-02T18:22:40.970203
1150622,Extra Ordinary Man,ఎక్స్‌ట్రా ఆర్డినరీ మ్యాన్,"Abhi, from his childhood, revels in the art of playing other people. His mother recognizes his extraordinary talent, propelling him into the world of acting. As he matures, he becomes a sought-after junior artist, always relegated to the background. The lines between reel and real life blur as Abhi faces a complex situation at home, with a supportive mother and a nagging and concerned father. A chance encounter with Likitha , the MD of a company, leads to love, and Abhi finds himself playing the role of a CEO. However, a conniving director presents an intriguing script, introducing Abhi to Nero, a self-absorbed and evil character with conquest on his mind.","[""Action"", ""Drama""]","[""Nithiin"", ""Sreeleela"", ""Rao Ramesh"", ""Rohini"", ""Sampath Raj"", ""Dr. Rajasekhar"", ""Sudev Nair"", ""Brahmaji""]","[""Vakkantham Vamsi""]",[],2023-12-07,/bOym2XLkyDcYVvX5sZ6YYm19xXT.jpg,5.1,7,1.2154,te,2026-04-02T18:22:41.358517
640674,Wandering Footsteps,Wandering Footsteps,"Hal Whitney, an irresponsible young millionaire, befriends Timothy Payne, a wise old college professor whose life had been ruined by alcohol. After ""adopting"" Timothy as his father, Hal introduces him to his sweetheart, Helen Maynard. The outraged Helen breaks their engagement, certain that Timothy will be a bad influence on her hard-drinking fiancé. However, both men assist in each other's reformation, and Hal is soon reunited with Helen, while Timothy marries Hal's mother, Elizabeth, whom he had loved in his youth.","[""Drama""]","[""Alec B. Francis"", ""Estelle Taylor"", ""Bryant Washburn"", ""Eugenie Besserer"", ""Ethel Wales""]","[""Phil Rosen""]","[""library of congress""]",1926-06-14,,0.0,0,22.1918,en,2026-04-02T18:22:42.050888
999075,Left-Handed Girl,左撇子女孩,"A mother and her two daughters move to Taipei to open a noodle stand at a vibrant night market, but family secrets and tradition test their fresh start.","[""Drama""]","[""Ma Shih-Yuan"", ""Janel Tsai"", ""Nina Ye"", ""Brando Huang"", ""Akio Chen"", ""Chao Xin-Yan"", ""Hsia Teng-hung"", ""Alvin Lin""]","[""Shih-Ching Tsou""]","[""dysfunctional family"", ""single mother"", ""meerkat"", ""taipei"", ""mother and daughter"", ""sisters"", ""night market"", ""grandmother's birthday"", ""noodles""]",2025-09-17,/hfuxIKRCNsecLmoDdO0HJ1YUvv1.jpg,7.385,148,5.5347,zh,2026-04-02T18:22:42.471047
886436,Agent,ఏజెంట్,"Ramakrishna aka Ricky's only one goal in life is to be a RAW recruitee and undertake some Planet-saving mission. Mahadev, RAW head, ropes him in for the most important mission ever known and unknown to even the Prime Minister of India. Ricky must tame The God, the megalomaniacal lynchpin of a giant-sized crime syndicate.","[""Action"", ""Thriller""]","[""Akhil Akkineni"", ""Mammootty"", ""Dino Morea"", ""Sakshi Vaidya"", ""Sampath Raj"", ""Murali Sharma"", ""Posani Krishna Murali"", ""Varalaxmi Sarathkumar""]","[""Surender Reddy""]",[],2023-04-27,/ezFe7IZ6xbNdaq4VQglpOIip8qd.jpg,4.0,6,1.4796,te,2026-04-02T18:22:42.845289
56996,Athidhi,అతిథి,"While the nation is terrorized by a slew of kidnappings and murders, a young woman falls in love with a mysterious man; not realizing that he is the one who went to jail for the murder of her parents, thirteen years earlier.","[""Action"", ""Thriller""]","[""Mahesh Babu"", ""Amrita Rao"", ""Brahmanandam"", ""Nassar"", ""Ravi Prakash"", ""Ashish Vidhyarthi"", ""Kota Srinivasa Rao"", ""Sunil Varma""]","[""Surender Reddy""]","[""loss of loved one"", ""adoption"", ""survival"", ""murder"", ""orphan"", ""falling in love"", ""incarceration"", ""mystery villain"", ""loss of parents"", ""death of parents""]",2007-10-18,/jD5qUBrYWzpFNgn4i9xZU2k3n1A.jpg,5.8,15,3.6028,te,2026-04-02T18:22:43.129652
1314481,The Devil Wears Prada 2,The Devil Wears Prada 2,"Miranda Priestly navigates her career amid the decline of traditional magazine publishing. She faces off against Emily Charlton, her one-time assistant, now a high-powered executive for a luxury group, with advertising dollars that Priestly desperately needs.","[""Drama"", ""Comedy""]","[""Meryl Streep"", ""Anne Hathaway"", ""Emily Blunt"", ""Stanley Tucci"", ""Kenneth Branagh"", ""Simone Ashley"", ""Tracie Thoms"", ""Tibor Feldman""]","[""David Frankel""]","[""new york city"", ""based on novel or book"", ""sequel"", ""fashion"", ""fashion magazine"", ""dramedy"", ""magazine editor"", ""fashion industry"", ""fashionista""]",2026-04-29,/p35IoKfBtJDNiWJMO8ZEtIMZSfW.jpg,0.0,0,13.9753,en,2026-04-02T18:22:43.431479
1582770,Dhurandhar: The Revenge,धुरंधर: द रिवेंज,"As rival gangs, corrupt officials and a ruthless Major Iqbal close in, Hamza's mission for his country spirals into a bloody personal war where the line between patriot and monster disappears in the streets of Lyari.","[""Action"", ""Crime"", ""Thriller""]","[""Ranveer Singh"", ""Arjun Rampal"", ""R. Madhavan"", ""Sanjay Dutt"", ""Sara Arjun"", ""Rakesh Bedi"", ""Gaurav Gera"", ""Manav Gohil""]","[""Aditya Dhar""]","[""undercover"", ""propaganda"", ""espionage"", ""politics"", ""spy"", ""traitor"", ""patriotism"", ""nationalism"", ""gore"", ""gang leader"", ""pakistan"", ""sequel"", ""betrayal"", ""conspiracy"", ""torture"", ""soldier"", ""india"", ""interrogation"", ""terrorist attack"", ""undercover operation""]",2026-03-18,/ptTwQES14pr5c3aZvJg56YlYgb1.jpg,7.6,43,76.2922,hi,2026-04-02T18:22:43.739307
1470130,The Mortuary Assistant,The Mortuary Assistant,"Rebecca Owens, a recent mortuary science graduate takes a night shift job at River Fields Mortuary. Initially, the job seems straightforward — embalming bodies, completing paperwork, and keeping things tidy. But once Rebecca starts working the night shift, things take a dark turn.","[""Horror"", ""Mystery""]","[""Willa Holland"", ""Paul Sparks"", ""John Adams"", ""Mark Steger"", ""Shelly Gibson"", ""Emily Bennett"", ""Keena Ferguson""]","[""Jeremiah Kipp""]","[""night shift"", ""based on video game"", ""mortuary"", ""macabre"", ""desperate"", ""supernatural horror"", ""psychological horror"", ""callous""]",2026-02-13,/1J8OvKva6G6tsk3ZGXeptU037z8.jpg,4.625,24,18.838,en,2026-04-02T18:22:44.047461
1365683,Primavera,Primavera,"In 18th-century Venice, 20-year-old violin virtuoso Cecilia lives at the Pièta orphanage, where, despite her talent, she remains confined, knowing that marriage is the only way out. Yet, her life takes a turn after she meets Antonio Vivaldi, a brilliant and ambitious composer who becomes the new violin teacher. Guided by Vivaldi and his music, Cecilia finds the strength to challenge the destiny that once seemed inevitable.","[""Music"", ""Drama"", ""History""]","[""Tecla Insolia"", ""Michele Riondino"", ""Fabrizia Sacchi"", ""Andrea Pennacchi"", ""Valentina Bell\u00e8"", ""Stefano Accorsi"", ""Alessandro Bressanello"", ""Miko Jarry""]","[""Damiano Michieletto""]","[""venice, italy"", ""orphanage"", ""violin"", ""orphan"", ""18th century"", ""based on real person""]",2025-12-05,/6Giqb3a9ITCKhlkNeWtfzGWOxU0.jpg,6.8,37,1.4815,it,2026-04-02T18:22:44.494616
1275574,O' Romeo,ओ रोमियो,"What fate awaits a stonehearted gangster and bloodthirsty womaniser when true love claims him, helpless and unguarded? A gang war that shakes the entire underworld and crime syndicate to their very roots. A forbidden love; the tale of an unrequited passion.","[""Romance"", ""Action"", ""Drama""]","[""Shahid Kapoor"", ""Triptii Dimri"", ""Avinash Tiwary"", ""Nana Patekar"", ""Hussain Dalal"", ""Farida Jalal"", ""Vikrant Massey"", ""Anubha Fatehpuria""]","[""Vishal Bhardwaj""]","[""based on novel or book"", ""based on true story"", ""organized crime"", ""gang warfare"", ""romantic thriller""]",2026-02-13,/aTnIGrfVv03FIDsNDuabNsp9yFM.jpg,4.8,6,7.807,hi,2026-04-02T18:22:44.981231
517814,Capernaum,کفرناحوم,"After running away from his negligent parents, committing a violent crime and being sentenced to five years in jail, a hardened, streetwise 12-year-old Lebanese boy sues his parents in protest of the life they have given him.","[""Drama""]","[""Zain Al Rafeea"", ""Yordanos Shifera"", ""Boluwatife Treasure Bankole"", ""Kawsar Al Haddad"", ""Fadi Kamel Yousef"", ""Cedra Izzam"", ""Alaa Chouchnieh"", ""Elias Khoury""]","[""Nadine Labaki""]","[""child abuse"", ""slum"", ""refugee"", ""neglect"", ""child bride"", ""lawsuit"", ""undocumented immigrant"", ""poverty"", ""life in the slums"", ""slum dwellers""]",2018-09-20,/mFnfTVADj8yOxwzprYOmTPselk8.jpg,8.137,1950,6.8211,ar,2026-04-02T18:22:45.388293
863931,GodFather,గాడ్‌ఫాదర్‌,"The sudden demise of the celebrated leader PKR leaves the ruling party in a political crisis and shakes up the family. The party has to elect a leader, and more than one player is in contention. Everyone’s intentions are blurred, and loyalties are in question. Brahma is a game changer in this squabble. Who will succeed as the leader and become the CM?","[""Action"", ""Drama""]","[""Chiranjeevi"", ""Nayanthara"", ""Satyadev Kancharana"", ""Salman Khan"", ""Tanya Ravichandran"", ""Samuthirakani"", ""Brahmaji"", ""Murali Sharma""]","[""Mohan Raja""]","[""remake""]",2022-10-05,/im4u5huiePz0PKFWF4Thb7Tc3db.jpg,5.9,18,1.4905,te,2026-04-02T18:22:45.714151
851644,20th Century Girl,20세기 소녀,"In 1999, a teen girl keeps close tabs on a boy in school on behalf of her deeply smitten best friend – then she gets swept up in a love story of her own.","[""Romance"", ""Drama""]","[""Kim Yoo-jung"", ""Byeon Woo-seok"", ""Park Jung-woo"", ""Roh Yoon-seo"", ""Kim Sung-kyung"", ""Jeong Seok-yong"", ""Yoon Yi-reh"", ""Jeon Hye-won""]","[""Bang Woo-ri""]","[""friendship"", ""love triangle"", ""coming of age"", ""unrequited love"", ""teenage girl"", ""tearjerker"", ""first love"", ""city life"", ""1990s"", ""depressed"", ""romantic"", ""compassionate""]",2022-10-06,/od22ftNnyag0TTxcnJhlsu3aLoU.jpg,8.144,800,7.7128,ko,2026-04-02T18:22:46.232846
1406652,Audition 109,짱구,,"[""Comedy"", ""Drama""]","[""Jung Woo"", ""Krystal Jung"", ""Shin Seung-ho"", ""Hyun Bong-sik"", ""Jo Beom-gyu"", ""Kwon So-hyun"", ""Son Byung-ho"", ""Gim Jin-uk""]","[""Jung Woo"", ""Oh Seong-ho""]","[""sequel""]",2026-04-22,/ayrF0Bb4VWUdi3wqBjq5j8wwaGD.jpg,0.0,0,1.2027,ko,2026-04-02T18:22:46.616758
1480382,The Voice of Hind Rajab,صوت هند رجب,"January 29, 2024. Red Crescent volunteers receive an emergency call. A five-year old girl is trapped in a car under fire in Gaza, pleading for rescue. While trying to keep her on the line, they do everything they can to get an ambulance to her. Her name was Hind Rajab.","[""Drama""]","[""Hind Rajab"", ""Motaz Malhees"", ""Saja Kilani"", ""Amer Hlehel"", ""Clara Khoury"", ""Nesbat Serhan"", ""Ramy Brahem""]","[""Kaouther Ben Hania""]","[""palestinian-israeli conflict"", ""palestine"", ""war crimes"", ""zionism"", ""based on true story"", ""child in peril"", ""gaza strip"", ""gaza"", ""devastating"", ""israeli war crimes"", ""horrified"", ""crimes against civilians"", ""2020s"", ""palestinian genocide"", ""gaza massacres"", ""colonial genocide"", ""settler genocide"", ""genocide of indigenous peoples"", ""hind rajab""]",2025-09-10,/q7M8kQB46T11vmDMD6E239jsqTz.jpg,8.1,242,19.5206,ar,2026-04-02T18:22:47.064278
1726,Iron Man,Iron Man,"After being held captive in an Afghan cave, billionaire engineer Tony Stark creates a unique weaponized suit of armor to fight evil.","[""Action"", ""Science Fiction"", ""Adventure""]","[""Robert Downey Jr."", ""Terrence Howard"", ""Jeff Bridges"", ""Gwyneth Paltrow"", ""Leslie Bibb"", ""Shaun Toub"", ""Faran Tahir"", ""Clark Gregg""]","[""Jon Favreau""]","[""middle east"", ""superhero"", ""arms dealer"", ""malibu"", ""based on comic"", ""aftercreditsstinger"", ""marvel cinematic universe (mcu)"", ""counterterrorism"", ""exhilarated""]",2008-04-30,/78lPtwv72eTNqFW9COBYI0dWDJa.jpg,7.656,27905,18.9005,en,2026-04-02T18:22:47.564386
1406657,Scarlet,果てしなきスカーレット,"After failing to avenge her father's murder, Princess Scarlet, wakes up in the ""Land of the Dead."" In this world filled with madness, if she does not achieve her revenge against her nemesis and reach the ""No End Place,"" she will become ""Void"" and cease to exist. Can Scarlet find a way to live at the end of her endless journey?","[""Animation"", ""Action"", ""Drama"", ""Science Fiction""]","[""Mana Ashida"", ""Masaki Okada"", ""Yutaka Matsushige"", ""Kotaro Yoshida"", ""Koji Yakusho"", ""Masachika Ichimura"", ""Yuki Saito"", ""Shota Sometani""]","[""Mamoru Hosoda""]","[""princess"", ""time travel"", ""revenge"", ""anime""]",2025-11-21,/2O2tOyS4kvO9GtFPHpWmbXvfRQv.jpg,7.0,51,17.4734,ja,2026-04-02T18:22:47.878178
1480387,undertone,undertone,The host of a popular paranormal podcast becomes haunted by terrifying recordings mysteriously sent her way.,"[""Horror"", ""Mystery""]","[""Nina Kiri"", ""Adam DiMarco"", ""Mich\u00e8le Duquet"", ""Keana Bastidas"", ""Jeff Yung"", ""Ryan Turner"", ""Brian Quintero"", ""Marisol D\u2019Andrea""]","[""Ian Tuason""]","[""supernatural"", ""haunted house"", ""evil spirit"", ""fear"", ""demon"", ""entity"", ""death"", ""caregiver"", ""dying mother"", ""evil"", ""demonic spirit"", ""supernatural horror"", ""psychological"", ""podcast"", ""pregnant"", ""psychological horror"", ""suspenseful"", ""horror"", ""intense"", ""horrified""]",2026-03-12,/1wREWUEHzjDWSreNFbFLDO7YEaM.jpg,6.167,24,3.9022,en,2026-04-02T18:22:48.349667
3780,Red Beard,赤ひげ,"Aspiring to an easy job as personal physician to a wealthy family, Noboru Yasumoto is disappointed when his first post after medical school takes him to a small country clinic under the gruff doctor Red Beard. Yasumoto rebels in numerous ways, but Red Beard proves a wise and patient teacher. He gradually introduces his student to the unglamorous side of the profession, ultimately assigning him to care for a prostitute rescued from a local brothel.","[""Drama""]","[""Toshir\u014d Mifune"", ""Y\u016bz\u014d Kayama"", ""Tsutomu Yamazaki"", ""Reiko Dan"", ""Miyuki Kuwano"", ""Ky\u014dko Kagawa"", ""Tatsuyoshi Ehara"", ""Terumi Niki""]","[""Akira Kurosawa""]","[""uniform"", ""career"", ""small town"", ""japan"", ""brothel"", ""heal"", ""lunatic asylum"", ""rural area"", ""clinic"", ""doctor"", ""psychiatrist"", ""intern"", ""jidaigeki"", ""edo period""]",1965-03-04,/iYNH3Re0JSypoYaWvZtERUnNaJL.jpg,8.1,403,4.0274,ja,2026-04-02T18:22:48.749696
810693,Jujutsu Kaisen 0,劇場版 呪術廻戦 0,"Yuta Okkotsu is a nervous high school student who is suffering from a serious problem—his childhood friend Rika has turned into a curse and won't leave him alone. Since Rika is no ordinary curse, his plight is noticed by Satoru Gojo, a teacher at Jujutsu High, a school where fledgling exorcists learn how to combat curses. Gojo convinces Yuta to enroll, but can he learn enough in time to confront the curse that haunts him?","[""Animation"", ""Action"", ""Fantasy""]","[""Megumi Ogata"", ""Kana Hanazawa"", ""Yuichi Nakamura"", ""Takahiro Sakurai"", ""Mikako Komatsu"", ""Koki Uchiyama"", ""Tomokazu Seki"", ""Mitsuo Iwata""]","[""Sunghoo Park""]","[""supernatural"", ""exorcism"", ""paranormal"", ""prequel"", ""tragedy"", ""curse"", ""based on manga"", ""spirit"", ""demon"", ""school life"", ""shounen"", ""anime""]",2021-12-24,/23oJaeBh0FDk2mQ2P240PU9Xxfh.jpg,8.1,1688,13.4621,ja,2026-04-02T18:22:49.178090
3782,Ikiru,生きる,"Kanji Watanabe is a middle-aged man who has worked in the same monotonous bureaucratic position for decades. Learning he has cancer, he starts to look for the meaning of his life.","[""Drama""]","[""Takashi Shimura"", ""Haruo Tanaka"", ""Nobuo Kaneko"", ""Bokuzen Hidari"", ""Miki Odagiri"", ""Shinichi Himori"", ""Minoru Chiaki"", ""Minosuke Yamada""]","[""Akira Kurosawa""]","[""dying and death"", ""japan"", ""bureaucracy"", ""age difference"", ""praise"", ""office"", ""night life"", ""sense of life"", ""playground"", ""obsequies"", ""swing"", ""loneliness"", ""office politics"", ""black and white"", ""co-workers relationship"", ""infatuation"", ""wake"", ""public works"", ""bureaucrat"", ""thoughts of retirement""]",1952-10-09,/dgNTS4EQDDVfkzJI5msKuHu2Ei3.jpg,8.3,1323,6.7666,ja,2026-04-02T18:22:49.458270
1734,The Mummy Returns,The Mummy Returns,"Rick and Evelyn O’Connell, along with their 8-year-old son Alex, discover the key to the legendary Scorpion King’s might: the fabled Bracelet of Anubis. Unfortunately, a newly resurrected Imhotep has designs on the bracelet as well, and isn’t above kidnapping its new bearer, Alex, to gain control of Anubis’s otherworldly army.","[""Adventure"", ""Action"", ""Fantasy""]","[""Brendan Fraser"", ""Rachel Weisz"", ""John Hannah"", ""Oded Fehr"", ""Arnold Vosloo"", ""Patricia Vel\u00e1squez"", ""Freddie Boath"", ""Dwayne Johnson""]","[""Stephen Sommers""]","[""egypt"", ""pyramid"", ""son"", ""mummy"", ""nile"", ""sequel"", ""tomb"", ""ancient egypt"", ""1930s"", ""egyptian tomb"", ""good versus evil"", ""witty""]",2001-05-04,/kdJsW7hcy1lrj7tdMPycTAQPAiR.jpg,6.395,7572,11.5331,en,2026-04-02T18:22:49.866165
1400515,RRR: Behind & Beyond,ఆర్‌ఆర్‌ఆర్‌: బిహైండ్‌ అండ్‌ బియాండ్‌,"An in-depth look at the making of S.S. Rajamouli's magnum opus, RRR, with behind-the-scenes footage and exclusive interviews. Explores the vision, challenges, and dedication involved in creating this cinematic phenomenon.","[""Documentary""]","[""S. S. Rajamouli"", ""N.T. Rama Rao Jr."", ""Ram Charan"", ""Ajay Devgn"", ""Alia Bhatt"", ""M.M. Keeravaani"", ""Alison Doody"", ""Rama Rajamouli""]","[""S. S. Rajamouli""]","[""filmmaking""]",2024-12-20,/g2drmlviqoEBZSfVeuASPWMv10S.jpg,7.0,6,1.0793,te,2026-04-02T18:22:50.128466
1171145,Crime 101,Crime 101,"When an elusive thief whose high-stakes heists unfold along the iconic 101 freeway in Los Angeles eyes the score of a lifetime, with hopes of this being his final job, his path collides with a disillusioned insurance broker who is facing her own crossroads. Determined to crack the case, a relentless detective closes in on the operation, raising the stakes even higher.","[""Crime"", ""Thriller""]","[""Chris Hemsworth"", ""Mark Ruffalo"", ""Halle Berry"", ""Barry Keoghan"", ""Monica Barbaro"", ""Nick Nolte"", ""Corey Hawkins"", ""Jennifer Jason Leigh""]","[""Bart Layton""]","[""robbery"", ""based on novel or book"", ""jewelry"", ""los angeles, california"", ""police detective"", ""diamond heist"", ""insurance"", ""lapd"", ""motorcycle chase"", ""jewel robbery"", ""ford mustang"", ""assertive"", ""bewildered"", ""callous"", ""antwerp diamonds""]",2026-02-11,/tVvpFIoteRHNnoZMhdnwIVwJpCA.jpg,6.957,257,261.1322,en,2026-04-02T18:22:50.426694
52944,Don Seenu,డాన్ శీను,"This story is all about a ambitious boy named Seenu (Ravi Teja) who dreams of becoming a don. He always likes to be called as ‘Don’ Seenu since childhood due to the strong influence of the Amitabh Bachchan starrer ‘Don’. He grows up with just one passion - that of becoming the World's No: 1 Don. Thanks to his enterprising nature, he gains access to the cream of the city's dons, and uses his cleverness to play off the top two - Machiraju (Sayaji Shinde) and Narsing (Sri Hari), fierce rivals - against each other.","[""Comedy"", ""Drama"", ""Action""]","[""Ravi Teja"", ""Shriya Saran"", ""Anjana Sukhani"", ""Mahesh Manjrekar"", ""Sayaji Shinde"", ""Srihari"", ""Brahmanandam"", ""John Kokken""]","[""Gopichand Malineni""]",[],2010-08-06,/xzG4qy5yqq5LJWV8FqIAENTeM8X.jpg,5.3,16,1.3181,te,2026-04-02T18:22:50.852078
1171153,Köln 75,Köln 75,"The true story of Vera Brandes, teenage patron saint of the 1970s Cologne music scene, who risked everything to organize the greatest solo concert in music history: Keith Jarrett’s legendary Köln Concert.","[""Drama"", ""History"", ""Music""]","[""Mala Emde"", ""John Magaro"", ""Michael Chernus"", ""J\u00f6rdis Triebel"", ""Alexander Scheer"", ""Ulrich Tukur"", ""Susanne Wolff"", ""Patrick Joswig""]","[""Ido Fluk""]","[""jazz"", ""cologne, germany""]",2025-03-13,/oMeg1capgysYPHVOnZq7HfoIXzE.jpg,7.2,43,2.1925,en,2026-04-02T18:22:51.467359
11986,Betty Blue,37°2 le matin,A lackadaisical handyman and aspiring novelist tries to support his younger girlfriend as she slowly succumbs to madness.,"[""Drama"", ""Romance""]","[""Jean-Hugues Anglade"", ""B\u00e9atrice Dalle"", ""G\u00e9rard Darmon"", ""Consuelo De Haviland"", ""Cl\u00e9mentine C\u00e9lari\u00e9"", ""Jacques Mathou"", ""Vincent Lindon"", ""Catherine D'At""]","[""Jean-Jacques Beineix""]","[""self-destruction"", ""kiss"", ""mental breakdown"", ""self-inflicted injury"", ""borderline personality disorder"", ""femme fatale""]",1986-04-09,/dGkxgj2ozlD4yRtsJL35EUXegFv.jpg,7.2,457,2.7569,fr,2026-04-02T18:22:52.061216
1367763,Lilly Lives Alone,Lilly Lives Alone,"Guided by the ghost of her daughter, a guilt-ridden mother plunges into madness through the course of drug-fueled fever dream.","[""Horror"", ""Thriller""]","[""Shannon Beeby"", ""Ryan Jonze"", ""Erin Way"", ""Jeffrey Combs"", ""John Henry Whitaker"", ""Jerry Basham"", ""Karla Mason"", ""Ellianna Kellam""]","[""Martin Melnick""]",[],2025-08-22,/w6aIZIGNlGqTvfRaRG1p2FlBXJl.jpg,6.167,6,25.4734,en,2026-04-02T18:22:52.447474
1341137,A Great Awakening,A Great Awakening,"A GREAT AWAKENING tells the true story of an unlikely friendship between the Reverend George Whitefield and Benjamin Franklin that resulted in one of the most defining moments in American history. With the colonies on the brink of collapse, the Reverend George Whitefield ignites the first Great Awakening, uniting an entire generation with his thundering and faithful sermons and proclamations of liberty. In a miraculous turn of events, one of Whitefield’s closest friends and greatest promoters becomes none other than Benjamin Franklin. With the nation’s freedom hanging in the balance, the founders discover true liberty cannot only be written into law - it must be awakened in the hearts of the people.","[""Drama"", ""History""]","[""John Paul Sneed"", ""Jonathan Blair"", ""JT Schaeffer"", ""Josh Bates"", ""Joe Dignoti"", ""Stephen Foster Harris"", ""Zac Johnson"", ""Matt Meyer""]","[""Joshua Enck""]",[],2026-04-03,/rd7BsFaHO7JaYlz3WHUvqHjgm60.jpg,0.0,0,7.7935,en,2026-04-02T18:22:53.114792
796368,Jathi Ratnalu,జాతిరత్నాలు,"Three young men leave their village to find decent jobs in the city. However, they find themselves in a pickle when a minister blackmails them for a lost mobile phone.","[""Comedy"", ""Crime""]","[""Naveen Polishetty"", ""Priyadarshi Pullikonda"", ""Rahul Ramakrishna"", ""Faria Abdullah"", ""Murali Sharma"", ""Brahmaji"", ""Brahmanandam"", ""Tanikella Bharani""]","[""Anudeep""]",[],2021-03-11,/7MzvmgHRmhbJH1UZJhRCkAtxvEy.jpg,7.2,25,1.0357,te,2026-04-02T18:22:53.514592
1087192,How to Train Your Dragon,How to Train Your Dragon,"On the rugged isle of Berk, where Vikings and dragons have been bitter enemies for generations, Hiccup stands apart, defying centuries of tradition when he befriends Toothless, a feared Night Fury dragon. Their unlikely bond reveals the true nature of dragons, challenging the very foundations of Viking society.","[""Fantasy"", ""Family"", ""Action"", ""Adventure""]","[""Mason Thames"", ""Nico Parker"", ""Gerard Butler"", ""Nick Frost"", ""Gabriel Howell"", ""Julian Dennison"", ""Bronwyn James"", ""Harry Trevaldwyn""]","[""Dean DeBlois""]","[""flying"", ""vikings (norsemen)"", ""remake"", ""dragon"", ""battle"", ""warrior"", ""live action remake"", ""based on young adult novel"", ""reminiscent""]",2025-06-06,/41dfWUWtg1kUZcJYe6Zk6ewxzMu.jpg,7.923,2696,20.8601,en,2026-04-02T18:22:53.949687
620249,The Legend of Hei,罗小黑战记,"When cat spirit Luo Xiaohei's home is deforested by humans, he must find a new one. He runs into a group of other spirit creatures who take him under their wing with dreams of reconquering the land they say is rightfully theirs. However, they run into a human known as Wuxian who separates Luo Xiaohei from the other spirits and the two go on a journey, with the cat spirit learning to control his abilities as well as forming his own thoughts on whether or not he should ally with the spirits or the humans.","[""Animation"", ""Fantasy"", ""Action""]","[""Shan Xin"", ""Liu Mingyue"", ""Hao Xianghai"", ""Ding Dang"", ""Yuntu Cao"", ""Sheng Feng"", ""Chen Siyu""]","[""MTJJ""]","[""monster"", ""magic"", ""cat"", ""shapeshifting"", ""dilemma"", ""betrayal"", ""animals"", ""environmental"", ""journey"", ""anime"", ""wandering""]",2019-08-27,/4jfbKKLpqts3i2h2obkrONcjTg1.jpg,8.3,448,5.8403,zh,2026-04-02T18:22:54.325283
1601243,Oscar Shaw,Oscar Shaw,"After retiring from the police force, a relentless detective haunted by the tragic loss of his closest friend sets out on a perilous quest for vengeance, seeking redemption and fighting to restore justice to the streets he once swore to protect.","[""Action"", ""Crime"", ""Thriller"", ""Western""]","[""Michael Jai White"", ""Tyrese Gibson"", ""Isaiah Washington"", ""Andrew C. English Jr."", ""Cecile Cubil\u00f3"", ""Jeanette Josue"", ""Hiro Ortiz"", ""James Choi""]","[""R. Ellis Frazier"", ""Justin Nesbitt""]",[],2026-01-09,/tsE3nySukwrfUjouz8vzvKTcXNC.jpg,6.556,27,33.5601,en,2026-04-02T18:22:55.241249
1390300,Over Your Dead Body,Over Your Dead Body,"A dysfunctional couple head to a remote cabin to ""reconnect"", but each has secret intentions to kill the other.","[""Comedy"", ""Action"", ""Thriller""]","[""Jason Segel"", ""Samara Weaving"", ""Timothy Olyphant"", ""Juliette Lewis"", ""Paul Guilfoyle"", ""Keith Jardine"", ""Kayla Jenee Radomski"", ""Nikolai Kinski""]","[""Jorma Taccone""]","[""remake"", ""dysfunctional marriage"", ""cabin"", ""couple""]",2026-04-24,/l5iroeWTrP9tspGYQonagH7Tcds.jpg,0.0,0,2.4764,en,2026-04-02T18:22:55.749392
255709,Hope,소원,"After 8-year-old So-won narrowly survives a brutal sexual assault, her family labors to help her heal while coping with their own rage and grief.","[""Drama""]","[""Sul Kyung-gu"", ""Uhm Ji-won"", ""Lee Re"", ""Kim Sang-ho"", ""Kim Hae-sook"", ""Ra Mi-ran"", ""Kwon Tae-won"", ""Kang Shin-chul""]","[""Lee Joon-ik""]","[""child abuse"", ""hope"", ""based on true story"", ""sexual assault"", ""south korea""]",2013-10-02,/x9yjkm9gIz5qI5fJMUTfBnWiB2o.jpg,8.396,830,7.265,ko,2026-04-02T18:22:56.159822
999136,Do Not Enter,Do Not Enter,"A group of young explorers investigates an old abandoned hotel, only to encounter a strange supernatural being and a competing group looking for a legendary hidden treasure.","[""Horror""]","[""Francesca Reale"", ""Nicholas Hamilton"", ""Adeline Rudolph"", ""Jake Manley"", ""Shane Paul McGhie"", ""Javier Botet"", ""Laurence O'Fuarain"", ""Brennan Keel Cook""]","[""Marc Klasfeld""]","[""hotel"", ""new jersey"", ""based on novel or book"", ""supernatural creature"", ""million in cash"", ""urban exploration"", ""abandoned building"", ""urban explorers"", ""supernatural horror"", ""abandoned hotel""]",2026-03-19,/stM9N7eJmHKLmFR59JG4tLdN7Wk.jpg,5.205,44,109.7742,en,2026-04-02T18:22:56.485757
1246945,JEKKA,JEKKA,"In the horror thriller ""JEKKA,"" the Monroe coffee plantation is haunted by a curse after the grandmother of an indigenous girl injects her blood into the thorns of a devil tree, cursing the family's bloodline and land. Dr. Bruce Monroe, accused of heinous crimes, meets his demise, and 20 years later, his daughter Gabriela inherits the plantation. Upon her return, she unwittingly activates the curse, unleashing violent nightmares that come to life. As Gabriela confronts the haunting legacy of her family's past, she must find a way to break the curse's hold before it consumes her. ""JEKKA"" is a harrowing blend of supernatural horror and psychological thriller as Gabriela fights to survive the malevolent forces unleashed upon her family's lands.","[""Horror"", ""Thriller""]","[""Harlys Becerra"", ""Jessie Camacho"", ""Kesia Elwin"", ""Blanca Lissette Cruz"", ""Modesto Lacen"", ""lyrik Cruz"", ""Melanie Marantes"", ""Melody Rivera""]","[""Charlie Ivon Maisonet""]","[""haunting"", ""curse"", ""family legacy"", ""dark mysteries"", ""rituals"", ""supernatural horror"", ""nightmares"", ""psychological suspense thriller""]",,/cgZaSitv7nIzMUjS3p70GhH83ul.jpg,0.0,0,25.6952,en,2026-04-02T18:22:56.900922
18148,Tokyo Story,東京物語,"The elderly Shukishi and his wife, Tomi, take the long journey from their small seaside village to visit their adult children in Tokyo. Their elder son, Koichi, a doctor, and their daughter, Shige, a hairdresser, don't have much time to spend with their aged parents, and so it falls to Noriko, the widow of their younger son who was killed in the war, to keep her in-laws company.","[""Drama""]","[""Chish\u016b Ry\u016b"", ""Chieko Higashiyama"", ""Setsuko Hara"", ""Haruko Sugimura"", ""So Yamamura"", ""Kuniko Miyake"", ""Ky\u014dko Kagawa"", ""Eijir\u014d T\u014dno""]","[""Yasujir\u014d Ozu""]","[""fish"", ""beach"", ""dreams"", ""baby"", ""coma"", ""parent child relationship"", ""peace"", ""boat"", ""cake"", ""office"", ""baseball"", ""classroom"", ""class"", ""lantern"", ""lie"", ""marriage"", ""tea"", ""ambition"", ""retirement"", ""swing""]",1953-11-03,/g2YbTYKpY7N2yDSk7BfXZ18I5QV.jpg,8.166,1204,4.7488,ja,2026-04-02T18:22:57.696549
1308388,Hunting Matthew Nichols,Hunting Matthew Nichols,"Twenty-three years after her brother mysteriously disappeared, a documentary filmmaker sets out to solve his missing person's case. But when a disturbing piece of evidence is revealed, she comes to believe that her brother might still be alive.","[""Horror"", ""Mystery"", ""Thriller""]","[""Markian Tarasiuk"", ""Ryan Alexander McDonald"", ""Miranda MacDougall"", ""Christine Willes"", ""Susinn McFarlen"", ""Izzy Bull Bear"", ""James Ross"", ""Trevor Carroll""]","[""Markian Tarasiuk""]","[""canada"", ""mockumentary"", ""true crime"", ""missing person"", ""found footage"", ""british columbia"", ""horror"", ""mystery"", ""thriller"", ""vancouver island""]",2026-04-10,/d6I1mvnGUaU57kSFeXxNWlQB934.jpg,0.0,0,2.0365,en,2026-04-02T18:22:58.104112
38628,Dhee,ఢీ,Babloo (Vishnu) likes to have fun and is always getting in trouble so his father (Chandramohan) gets him a job with Shanker Goud (Srihari). Shanker Goud and Bhallu are rivals and Bhallu is determined to kill Shanker Goud's sister Pooja (Genelia D'Souza). Babloo falls in love with Pooja but Shanker is planning an arranged marriage for her with Ajay (Akash) so Babloo and Pooja elope. The rest of the story is about how Babloo saves Pooja from Bhallu.,"[""Comedy"", ""Action""]","[""Vishnu Manchu"", ""Srihari"", ""Genelia D'Souza"", ""Brahmanandam"", ""Chandramohan"", ""Ajay"", ""Sunil Varma"", ""Tanikella Bharani""]","[""Sreenu Vaitla""]",[],2007-04-13,/pi39lj9U806VIj6EHUScSTpjGLt.jpg,6.7,10,1.1295,te,2026-04-02T18:22:58.441092
456431,Raja the Great,రాజా ది గ్రేట్,Raja is a blind man who's trained by his head constable mother to use his disability to his advantage. Lucky is the pampered daughter of a police officer and they're each other's whole world. What happens when Lucky's world is shaken by a goon Deva? How does Raja fit into this picture?,"[""Action"", ""Comedy""]","[""Ravi Teja"", ""Mehreen Pirzada"", ""Srinivasa Reddy"", ""Vivan Bhatena"", ""Radikaa Sarathkumar"", ""Tanikella Bharani"", ""Sampath Raj"", ""Prakash Raj""]","[""Anil Ravipudi""]","[""blind man""]",2017-10-18,/jJCAmTsphSfPiYQc4LsYKpdAhTK.jpg,6.0,27,0.9831,te,2026-04-02T18:22:58.949604
227056,Ramayya Vasthavayya,రామయ్యా వస్తావయ్యా,"Nandu, a happy-go-lucky college student falls head over heels in love with Akarsha and goes all out to woo her. But only after Akarsha falls for him does she realize that he has revenge on his mind.","[""Drama"", ""Action""]","[""N.T. Rama Rao Jr."", ""Samantha Ruth Prabhu"", ""Shruti Haasan"", ""Mukesh Rishi"", ""Rao Ramesh"", ""Kota Srinivasa Rao"", ""Vidyullekha Raman"", ""P. Ravi Shankar""]","[""Harish Shankar""]",[],2013-10-10,/t8VCRPMkHQd7fWD9QuPloI9RgSj.jpg,4.2,15,1.2446,te,2026-04-02T18:22:59.712810
1443572,L'Œuvre invisible,L'Œuvre invisible,"This profile of director Alexandre Trannoy is profoundly moving. But you would be forgiven for asking 'Alexandre who?' because Trannoy never completed a single film in his 30-year career, despite working on multiple projects and with illustrious names like Jean Rochefort, Anouk Aimée, Lino Ventura and Marlene Dietrich. A fascinating study of a noble dreamer.","[""Documentary""]","[""Jean Rochefort"", ""Anouk Aim\u00e9e"", ""Claude Lelouch"", ""Jacques Perrin"", ""Jean-Claude Carri\u00e8re"", ""\u00c9douard Baer"", ""Michel Boujut""]","[""Avril Tembouret"", ""Vladimir Rodionov""]",[],2026-04-08,/Ag6PNIKAglnvbS4ht0orDaMlMw5.jpg,0.0,0,2.2793,fr,2026-04-02T18:23:00.153706
1206008,Ella McCay,Ella McCay,"An idealistic young politician juggles familial issues and a challenging work life while preparing to take over the job of her mentor, the state’s longtime incumbent governor.","[""Comedy"", ""Drama""]","[""Emma Mackey"", ""Jamie Lee Curtis"", ""Jack Lowden"", ""Kumail Nanjiani"", ""Ayo Edebiri"", ""Spike Fearn"", ""Julie Kavner"", ""Rebecca Hall""]","[""James L. Brooks""]","[""politics"", ""aunt"", ""dysfunctional family"", ""political scandal"", ""governer"", ""absurd"", ""ambiguous"", ""baffled"", ""woman""]",2025-12-11,/iQCtK477yqp6xnHHrQG2P0lXoow.jpg,5.515,101,6.0874,en,2026-04-02T18:23:00.552513
1304313,Lee Cronin's The Mummy,Lee Cronin's The Mummy,"The young daughter of a journalist disappears into the desert without a trace—eight years later, the broken family is shocked when she is returned to them, as what should be a joyful reunion turns into a living nightmare.","[""Horror"", ""Mystery""]","[""Jack Reynor"", ""Laia Costa"", ""May Calamawy"", ""Natalie Grace"", ""Veronica Falc\u00f3n"", ""Shylo Molina"", ""Billie Roy"", ""May Elghety""]","[""Lee Cronin""]","[""journalist"", ""monster"", ""pyramid"", ""investigation"", ""supernatural"", ""mummy"", ""possession"", ""disappearance"", ""curse"", ""tomb"", ""scorpion"", ""reboot"", ""dark fantasy"", ""supernatural horror"", ""body horror"", ""horror""]",2026-04-15,/lTQoEczVEnkuxHFEGgWYfJB98tL.jpg,0.0,0,13.4684,en,2026-04-02T18:23:00.820212
1306368,The Rip,The Rip,"Trust frays when a team of Miami cops discovers millions in cash inside a run-down stash house, calling everyone — and everything — into question.","[""Action"", ""Thriller"", ""Crime""]","[""Matt Damon"", ""Ben Affleck"", ""Teyana Taylor"", ""Steven Yeun"", ""Catalina Sandino Moreno"", ""Sasha Calle"", ""Kyle Chandler"", ""Scott Adkins""]","[""Joe Carnahan""]","[""miami, florida"", ""police"", ""investigation"", ""shootout"", ""dirty cop"", ""trust"", ""attic"", ""sting operation"", ""cartel"", ""hidden money"", ""fbi agent"", ""drug money"", ""violence""]",2026-01-13,/eZo31Dhl5BQ6GfbMNf3oU0tUvPZ.jpg,7.059,1446,46.0873,en,2026-04-02T18:23:01.112298
171776,Sparks,Sparks,A masked vigilante who discovers the dark side to heroism. Going after the nation's most notorious super criminal leaves Sparks' life and reputation in ruins.,"[""Action"", ""Thriller""]","[""Chase Williamson"", ""Ashley Bell"", ""Clancy Brown"", ""Jake Busey"", ""William Katt"", ""Marina Squerciati"", ""Clint Howard"", ""Scott Rinker""]","[""Todd Burrows"", ""Christopher Folino""]","[""superhero"", ""based on comic"", ""based on graphic novel"", ""pulp"", ""neo-noir""]",2013-03-01,/59X0So2x1HGEGXr91kqe4YaMhW0.jpg,4.814,102,24.6234,en,2026-04-02T18:23:01.691381
399106,Piper,Piper,"A mother bird tries to teach her little one how to find food by herself. In the process, she encounters a traumatic experience that she must overcome in order to survive.","[""Family"", ""Animation""]",[],"[""Alan Barillaro""]","[""fear"", ""anxious"", ""playful"", ""short film"", ""assertive"", ""shorebird"", ""fledgling""]",2016-06-16,/5fu2d809jepLwEpES7wggiECLoQ.jpg,8.149,1719,1.786,en,2026-04-02T18:23:02.242994
1103621,How to Make Millions Before Grandma Dies,หลานม่า,"M, a university dropout low on money and luck, volunteers to take care of his terminally ill grandmother, in the hope of pocketing an inheritance.","[""Drama""]","[""Putthipong Assaratanakul"", ""Usha Seamkhum"", ""Sanya Kunakorn"", ""Sarinrat Thomas"", ""Pongsatorn Jongwilas"", ""Tontawan Tantivejakul"", ""Duangporn Oapirat"", ""Himawari Tajiri""]","[""Pat Boonnitipat""]","[""mother"", ""father"", ""family relationships"", ""coming of age"", ""tearjerker"", ""grandmother"", ""personal relationships"", ""caregiver patient relationship"", ""age-gap relationship"", ""heartfelt"", ""intimate"", ""life"", ""south asian family"", ""sentimental"", ""adoring"", ""instructive"", ""sympathetic""]",2024-04-04,/9Xa0Grd2jq2lM2gqcoTB4F9TjMd.jpg,8.121,381,4.2247,th,2026-04-02T18:23:02.641258
569094,Spider-Man: Across the Spider-Verse,Spider-Man: Across the Spider-Verse,"After reuniting with Gwen Stacy, Brooklyn’s full-time, friendly neighborhood Spider-Man is catapulted across the Multiverse, where he encounters the Spider Society, a team of Spider-People charged with protecting the Multiverse's very existence. But when the heroes clash on how to handle a new threat, Miles finds himself pitted against the other Spiders and must set out on his own to save those he loves most.","[""Animation"", ""Action"", ""Adventure"", ""Science Fiction""]","[""Shameik Moore"", ""Hailee Steinfeld"", ""Brian Tyree Henry"", ""Luna Lauren V\u00e9lez"", ""Jake Johnson"", ""Oscar Isaac"", ""Jason Schwartzman"", ""Issa Rae""]","[""Justin K. Thompson"", ""Kemp Powers"", ""Joaquim Dos Santos""]","[""new york city"", ""hero"", ""double life"", ""sacrifice"", ""secret identity"", ""superhero"", ""villain"", ""portal"", ""based on comic"", ""sequel"", ""romance"", ""alter ego"", ""alternate dimension"", ""parenting"", ""family"", ""alternate version"", ""super power"", ""brooklyn, new york city"", ""superhero team"", ""spider bite""]",2023-05-31,/8Vt6mWEReuy4Of61Lnj5Xj704m8.jpg,8.331,8396,26.8603,en,2026-04-02T18:23:03.135428
677638,We Bare Bears: The Movie,We Bare Bears: The Movie,"When Grizz, Panda, and Ice Bear's love of food trucks and viral videos get out of hand, the brothers are now chased away from their home and embark on a trip to Canada, where they can live in peace.","[""Animation"", ""Adventure"", ""Family"", ""Comedy"", ""TV Movie""]","[""Eric Edelstein"", ""Bobby Moynihan"", ""Demetri Martin"", ""Marc Evan Jackson"", ""Jason Lee"", ""Patton Oswalt"", ""Lo Mutuc"", ""Ellie Kemper""]","[""Daniel Chong""]","[""canada"", ""grizzly bear"", ""villain"", ""polar bear"", ""road trip"", ""panda"", ""slice of life"", ""fugitive"", ""police chase"", ""agent"", ""talking animal"", ""good versus evil"", ""based on tv series""]",2020-06-30,/khtIr0Gxtz52T10RRQZ42o1a5Ry.jpg,7.8,842,26.6833,en,2026-04-02T18:23:03.579129
1242898,Predator: Badlands,Predator: Badlands,"Cast out from his clan, a young Predator finds an unlikely ally in a damaged android and embarks on a treacherous journey in search of the ultimate adversary.","[""Action"", ""Science Fiction"", ""Adventure""]","[""Elle Fanning"", ""Dimitrius Schuster-Koloamatangi"", ""Ravi Narayan"", ""Michael Homick"", ""Stefan Grube"", ""Reuben De Jong"", ""Cameron Brown"", ""Alison Wright""]","[""Dan Trachtenberg""]","[""survival"", ""outcast"", ""alien planet"", ""team up"", ""intense"", ""hostile alien wilderness"", ""relentless hunt"", ""intense creature combat""]",2025-11-05,/erTRAi241eYF4K8KoGGOI8kFPox.jpg,7.703,2522,56.4489,en,2026-04-02T18:23:04.252455
1140498,Is This Thing On?,Is This Thing On?,"As their marriage quietly unravels, Alex faces middle age and an impending divorce, seeking new purpose in the New York comedy scene while Tess confronts the sacrifices she made for their family—forcing them to navigate co-parenting, identity, and whether love can take a new form.","[""Comedy"", ""Drama""]","[""Will Arnett"", ""Laura Dern"", ""Andra Day"", ""Bradley Cooper"", ""Christine Ebersole"", ""Ciar\u00e1n Hinds"", ""Amy Sedaris"", ""Sean Hayes""]","[""Bradley Cooper""]","[""new york city"", ""stand-up comedy""]",2025-12-19,/YD6QzcokTMe3EViM0hLbNCxf4y.jpg,6.489,95,6.1819,en,2026-04-02T18:23:04.569857
313106,Doctor Who: The Day of the Doctor,Doctor Who: The Day of the Doctor,"In 2013, something terrible is awakening in London's National Gallery; in 1562, a murderous plot is afoot in Elizabethan England; and somewhere in space an ancient battle reaches its devastating conclusion. All of reality is at stake as the Doctor's own dangerous past comes back to haunt him.","[""Science Fiction"", ""Adventure""]","[""Matt Smith"", ""David Tennant"", ""John Hurt"", ""Jenna Coleman"", ""Billie Piper"", ""William Hartnell"", ""Patrick Troughton"", ""Jon Pertwee""]","[""Nick Hurran""]","[""time travel"", ""time machine"", ""alien"", ""tv special"", ""war""]",2013-11-23,/6c0CjymaupC5xerJCemuaSV4CLj.jpg,8.2,766,2.2893,en,2026-04-02T18:23:04.998855
1160981,Hear Me: Our Summer,청설,"A job seeking dreamer Yong-jun works part-time at his parents' lunch box house. Yeo-reum lives only to support for hearing-impaired swimmer sister. One day, Yong-jun meets Yeo-reum while delivering lunch boxes and falls in love at the first sight. Yeo-reum slowly opens her heart to warm-hearted Yong-jun.","[""Romance"", ""Drama""]","[""Hong Kyung"", ""Roh Yoon-seo"", ""Kim Min-ju"", ""Jung Yong-ju"", ""Jeong Hye-young"", ""Hyun Bong-sik"", ""An Min-young"", ""Go Gyeong-man""]","[""Cho Sun-ho""]","[""remake"", ""calm"", ""admiring"", ""clich\u00e9"", ""comforting""]",2024-11-06,/dNCp17yK9L0pANvKTb6tWECQj4Q.jpg,7.8,35,3.7399,ko,2026-04-02T18:23:05.467449
634649,Spider-Man: No Way Home,Spider-Man: No Way Home,"Peter Parker is unmasked and no longer able to separate his normal life from the high-stakes of being a super-hero. When he asks for help from Doctor Strange the stakes become even more dangerous, forcing him to discover what it truly means to be Spider-Man.","[""Action"", ""Adventure"", ""Science Fiction""]","[""Tom Holland"", ""Zendaya"", ""Benedict Cumberbatch"", ""Jacob Batalon"", ""Jon Favreau"", ""Jamie Foxx"", ""Willem Dafoe"", ""Alfred Molina""]","[""Jon Watts""]","[""new york city"", ""hero"", ""showdown"", ""magic"", ""loss of loved one"", ""secret identity"", ""superhero"", ""villain"", ""portal"", ""based on comic"", ""sequel"", ""vigilante"", ""superhero team"", ""masked vigilante"", ""spider web"", ""alternative reality"", ""aftercreditsstinger"", ""duringcreditsstinger"", ""marvel cinematic universe (mcu)"", ""masked superhero""]",2021-12-15,/1g0dhYtq4irTY1GPXvft6k4YLjm.jpg,7.934,21728,73.0632,en,2026-04-02T18:23:05.847253
315162,Puss in Boots: The Last Wish,Puss in Boots: The Last Wish,"Puss in Boots discovers that his passion for adventure has taken its toll: He has burned through eight of his nine lives, leaving him with only one life left. Puss sets out on an epic journey to find the mythical Last Wish and restore his nine lives.","[""Animation"", ""Adventure"", ""Fantasy"", ""Comedy"", ""Family""]","[""Antonio Banderas"", ""Salma Hayek Pinault"", ""Harvey Guill\u00e9n"", ""Wagner Moura"", ""Florence Pugh"", ""Olivia Colman"", ""Ray Winstone"", ""Samson Kayo""]","[""Joel Crawford""]","[""fairy tale"", ""sequel"", ""talking dog"", ""spin off"", ""aftercreditsstinger"", ""talking cat"", ""fear of death"", ""comforting""]",2022-12-07,/kuf6dutpsT0vSVehic3EZIqkOBt.jpg,8.201,8711,14.1113,en,2026-04-02T18:23:06.262614
329505,Lola's Secret,Il peccato di Lola,Young man has his dreams come true when the sexy new maid seduces him. But she also has a secret that leads to trouble.,"[""Drama"", ""Comedy"", ""Horror""]","[""Donatella Damiani"", ""Scott Coffey"", ""Gabriele Tinti"", ""Peter Boom"", ""Jacques Stany"", ""Maurice Poli"", ""Sandra Mantegna""]","[""Bruno Gaburro""]","[""sexploitation"", ""maid"", ""seductress"", ""voyeur"", ""sexual exploration"", ""erotic movie""]",1984-05-04,/qaJ4iQngrLbyz9OgaQkJLppDN6m.jpg,6.9,68,35.1866,it,2026-04-02T18:23:06.699091
575265,Mission: Impossible - The Final Reckoning,Mission: Impossible - The Final Reckoning,"Ethan Hunt and team continue their search for the terrifying AI known as the Entity — which has infiltrated intelligence networks all over the globe — with the world's governments and a mysterious ghost from Hunt's past on their trail. Joined by new allies and armed with the means to shut the Entity down for good, Hunt is in a race against time to prevent the world as we know it from changing forever.","[""Action"", ""Thriller"", ""Adventure""]","[""Tom Cruise"", ""Hayley Atwell"", ""Ving Rhames"", ""Simon Pegg"", ""Esai Morales"", ""Pom Klementieff"", ""Henry Czerny"", ""Holt McCallany""]","[""Christopher McQuarrie""]","[""mask"", ""artificial intelligence (a.i.)"", ""diving"", ""submarine"", ""espionage"", ""spy"", ""nuclear missile"", ""fake identity"", ""secret agent"", ""stunt"", ""sequel"", ""secret government organization"", ""infiltration"", ""terrorist plot"", ""fictional government agency"", ""misinformation"", ""government agency"", ""based on tv series"", ""absurd"", ""arrogant""]",2025-05-17,/z53D72EAOxGRqdr7KXXWp9dJiDe.jpg,7.171,2671,25.3329,en,2026-04-02T18:23:07.123958
630566,Clouds,Clouds,"Young musician Zach Sobiech discovers his cancer has spread, leaving him just a few months to live. With limited time, he follows his dream and makes an album, unaware that it will soon be a viral music phenomenon.","[""Music"", ""Drama"", ""Romance""]","[""Fin Argus"", ""Sabrina Carpenter"", ""Madison Iseman"", ""Neve Campbell"", ""Tom Everett Scott"", ""Lil Rel Howery"", ""Summer H. Howell"", ""Vivien Endicott Douglas""]","[""Justin Baldoni""]","[""life and death"", ""based on true story"", ""terminal illness"", ""cancer"", ""aspiring musician""]",2020-10-09,/2YvT3pdGngzpbAuxamTz4ZlabnT.jpg,8.239,1045,3.7974,en,2026-04-02T18:23:07.527939
1832,Dogma,Dogma,An abortion clinic worker with a special heritage is called upon to save the existence of humanity from being negated by two renegade angels trying to exploit a loophole and reenter Heaven.,"[""Fantasy"", ""Comedy"", ""Adventure""]","[""Ben Affleck"", ""Matt Damon"", ""Linda Fiorentino"", ""Salma Hayek Pinault"", ""Jason Lee"", ""Jason Mewes"", ""Alan Rickman"", ""Chris Rock""]","[""Kevin Smith""]","[""angel"", ""wisconsin"", ""dark comedy"", ""satire"", ""church service"", ""religion"", ""church"", ""aftercreditsstinger"", ""duringcreditsstinger""]",1999-10-04,/oxhHl2YokTqcP44QK5tiTgjgLgk.jpg,6.922,2785,4.0077,en,2026-04-02T18:23:07.953143
1140521,The Magic Faraway Tree,The Magic Faraway Tree,"A modern family relocates to the countryside where the children discover a magical tree with eccentric residents. They're transported to fantastical lands, rekindling their family bond through adventures.","[""Family"", ""Fantasy"", ""Adventure""]","[""Andrew Garfield"", ""Claire Foy"", ""Nicola Coughlan"", ""Jessica Gunning"", ""Rebecca Ferguson"", ""Hiran Abeysekera"", ""Phoenix Laroche"", ""Delilah Bennett-Cardy""]","[""Ben Gregor""]","[""tree"", ""based on children's book"", ""children's adventure"", ""estranged family""]",2026-03-26,/mtS8mW6aLuartATut8TrD39zTIG.jpg,7.667,3,6.9001,en,2026-04-02T18:23:08.376114
894762,Karthikeya 2,కార్తికేయ 2,"Before the Kalyug begins, Lord Krishna hands over an anklet that holds the answer to all of world’s miseries. Years later a doctor finds himself in the thick of things when the pursuit for the anklet carries on. A doctor with a curious mind, Karthikeya, aka Karthik, believes in pursuing the truth. The quest leads Karthik to discover the power of the ancient Indian belief system and the essence of Krishna.","[""Mystery"", ""Adventure"", ""Thriller"", ""Action""]","[""Nikhil Siddhartha"", ""Anupama Parameswaran"", ""Srinivasa Reddy"", ""Harsha Chemudu"", ""Adithya Menon"", ""Praveen"", ""Satya"", ""Tulasi""]","[""Chandoo Mondeti""]","[""truth"", ""krishna"", ""ancient india"", ""power""]",2022-08-13,/fKKoQndNfbDOLfYM1Zogt7miGF1.jpg,6.146,24,1.6695,te,2026-04-02T18:23:08.755501
1234731,Anaconda,Anaconda,"A group of friends facing mid-life crises head to the rainforest with the intention of remaking their favorite movie from their youth, only to find themselves in a fight for their lives against natural disasters, giant snakes and violent criminals.","[""Adventure"", ""Comedy"", ""Horror""]","[""Jack Black"", ""Paul Rudd"", ""Steve Zahn"", ""Thandiwe Newton"", ""Daniela Melchior"", ""Selton Mello"", ""Ice Cube"", ""Ione Skye""]","[""Tom Gormican""]","[""snake"", ""animal attack"", ""amazon rainforest"", ""film in film"", ""jungle"", ""reptile"", ""anaconda"", ""reboot"", ""animal horror"", ""meta"", ""amused"", ""bold""]",2025-12-24,/hBxN6dwrANN1ic3a4G9x6JZcR3C.jpg,5.882,897,65.9851,en,2026-04-02T18:23:09.173270
1419053,ChaO,ChaO,"In a futuristic world where humans and mermaids coexist, the life of mild-mannered office worker Stephan is upended when he is suddenly proposed to by Chao — a princess from the mermaid kingdom. With no time to make sense of what's happening, Stephan soon finds himself living with the unpredictable, wholehearted Chao, and her sincere love begins to break down his emotional barriers.","[""Animation"", ""Fantasy"", ""Romance""]","[""Ouji Suzuka"", ""Anna Yamada"", ""Kavka Shishido"", ""Yuuichirou Umehara"", ""Kenta Miyake"", ""Shunsei \u014cta"", ""Anna Tsuchiya"", ""Kunihiro Kawashima""]","[""Yasuhiro Aoki""]","[""princess"", ""marriage proposal"", ""mermaid"", ""futuristic society"", ""anime"", ""interspecies romance"", ""love story"", ""coexistence"", ""urban fantasy""]",2025-08-15,/mhatkIu25HQ4orQTunuFNQZzrFl.jpg,8.0,2,2.8877,ja,2026-04-02T18:23:09.623453
1244975,The Orphans,Les Orphelins,"Gab and Driss, childhood friends on bad terms since they left the orphanage, now have opposite lives - one is a cop with the IGPN, the other a fixer for thugs. When their first love dies in a suspicious accident, her 17-year-old daughter, Leïla, takes Gab's gun and sets off on the trail of a powerful organization willing to do anything to cover the case up. Forced to team up, the orphans must stop her before she crosses a line she can't return from...","[""Action""]","[""Alban Lenoir"", ""Dali Benssalah"", ""Sonia Fa\u00efdi"", ""Anouk Grinberg"", ""Romain Levi"", ""Suzanne Cl\u00e9ment"", ""Naidra Ayadi"", ""Guillaume Soubeyran""]","[""Olivier Schneider""]","[""exhilarated""]",2025-08-20,/5WtE3XOgnYRkB5vagppTX9TdUOj.jpg,6.267,75,5.9115,fr,2026-04-02T18:23:10.067728
540468,Geetha Govindam,గీత గోవిందం,"Vijay Govind, a young college lecturer who dreams of marriage falls for Geetha, a level-headed woman who's wary of strangers and isn't easy to convince. While things seem to go smoothly, Vijay makes a terrible mistake which not only derails any hope for his love story, but also potential repercussions with his family.","[""Romance""]","[""Vijay Deverakonda"", ""Rashmika Mandanna"", ""Vennela Kishore"", ""Subbaraju"", ""Rahul Ramakrishna"", ""Annapoorna"", ""Giri Babu"", ""Ravi Prakash""]","[""Parasuram Petla""]",[],2018-08-15,/sTreb0ajewXqeIqAyZ0IWtafoB5.jpg,7.0,79,2.9761,te,2026-04-02T18:23:10.503678
85813,Murari,మురారి,"A family is haunted by a goddess's curse, claiming the life of a male every 48 years due to an ancestral sin.","[""Drama"", ""Romance"", ""Thriller"", ""Family""]","[""Mahesh Babu"", ""Sonali Bendre"", ""Lakshmi"", ""Sukumari"", ""Kaikala Satyanarayana"", ""Ravi Babu"", ""Shivaji Raja"", ""Prakash Raj""]","[""Pasupuleti Krishna Vamsi""]","[""sacrifice"", ""supernatural"", ""redemption"", ""romcom"", ""pilgrimage"", ""family relationships"", ""curse"", ""falling in love"", ""family curse"", ""feelings"", ""revelations"", ""family conflicts"", ""rituals"", ""secret"", ""charming romances and delightful chemistry"", ""traditions""]",2001-02-17,/uVpP7prS0DKqxxVkjz2jFjiasbG.jpg,6.7,21,1.4584,te,2026-04-02T18:23:10.983628
632632,Given,映画 ギヴン,"Haruki secretly had feelings for Akihiko for years, but Akihiko was still in a relationship with his roommate, the violinist Ugetsu Murata. Haruki, Akihiko, and Ugetsu's love clashes and starts to move forward.","[""Animation"", ""Drama"", ""Music"", ""Romance""]","[""Takuya Eguchi"", ""Masatomo Nakazawa"", ""Shogo Yano"", ""Yuma Uchida"", ""Shintaro Asanuma""]","[""Hikaru Yamaguchi""]","[""high school"", ""love triangle"", ""bisexuality"", ""slice of life"", ""tragedy"", ""based on manga"", ""relationship"", ""lgbt"", ""anime"", ""gay relationship"", ""boys' love (bl)"", ""band""]",2020-08-22,/pegCub2zdYD5As43AOmGsIctuKc.jpg,8.3,413,4.3424,ja,2026-04-02T18:23:11.389368
1242937,The Dreadful,The Dreadful,"In medieval England, Anne and her domineering mother-in-law Morwen struggle to survive on the outskirts of society. But when a man from Anne's past returns from war, a curse begins to take shape through a mysterious knight and threatens to destroy them all.","[""Horror""]","[""Sophie Turner"", ""Kit Harington"", ""Marcia Gay Harden"", ""Laurence O'Fuarain"", ""Jonathan Howard"", ""Catherine McDonough"", ""Zachary Cohen"", ""Isidro-Lucking Dylan""]","[""Natasha Kermani""]","[""angry"", ""dreary""]",2026-02-20,/nhhJkYau8nQMFgauvOudDjwj9vA.jpg,6.263,59,7.1113,en,2026-04-02T18:23:11.703065
995133,"The Boy, the Mole, the Fox and the Horse","The Boy, the Mole, the Fox and the Horse","The unlikely friendship of a boy, a mole, a fox and a horse traveling together in the boy's search for home.","[""Animation"", ""Family"", ""Adventure"", ""Fantasy""]","[""Jude Coward Nicoll"", ""Tom Hollander"", ""Idris Elba"", ""Gabriel Byrne""]","[""Peter Baynton"", ""Charlie Mackesy""]","[""friendship"", ""hope"", ""fox"", ""horse"", ""based on children's book"", ""kindness"", ""family"", ""candid"", ""hand drawn animation"", ""short film"", ""courage"", ""appreciative"", ""dignified"", ""hopeful""]",2022-12-25,/wAKBWRhMmBtrCCuqmFwPm2RGTph.jpg,8.2,700,4.2497,en,2026-04-02T18:23:12.116191
24382,Big Deal on Madonna Street,I soliti ignoti,"Best friends Peppe and Mario are thieves, but they're not very good at it. Still, Peppe thinks that he's finally devised a master heist that will make them rich. With the help of some fellow criminals, he plans to dig a tunnel from a rented apartment to the pawnshop next door, where they can rob the safe. But his plan is far from foolproof, and the fact that no one in the group has any experience digging tunnels proves to be the least of their problems.","[""Comedy"", ""Crime""]","[""Vittorio Gassman"", ""Renato Salvatori"", ""Memmo Carotenuto"", ""Rossana Rory"", ""Carla Gravina"", ""Claudia Cardinale"", ""Marcello Mastroianni"", ""Tot\u00f2""]","[""Mario Monicelli""]","[""boxer"", ""heist"", ""burglary"", ""safecracker"", ""tunnel""]",1958-07-26,/f5OxD8Nl0pR3DcYHtYhHRfpsmjl.jpg,8.1,771,1.3499,it,2026-04-02T18:23:12.622016
18239,The Twilight Saga: New Moon,The Twilight Saga: New Moon,"Forks, Washington resident Bella Swan is reeling from the departure of her vampire love, Edward Cullen, and finds comfort in her friendship with Jacob Black, a werewolf. But before she knows it, she's thrust into a centuries-old conflict, and her desire to be with Edward at any cost leads her to take greater and greater risks.","[""Adventure"", ""Fantasy"", ""Drama"", ""Romance""]","[""Kristen Stewart"", ""Robert Pattinson"", ""Taylor Lautner"", ""Dakota Fanning"", ""Michael Sheen"", ""Ashley Greene"", ""Rachelle Lefevre"", ""Billy Burke""]","[""Chris Weitz""]","[""moon"", ""based on novel or book"", ""vampire"", ""teen movie"", ""werewolf"", ""interspecies romance"", ""based on young adult novel"", ""supernatural power"", ""good versus evil"", ""vampire human love""]",2009-11-18,/k2qTooPlHffgNABNWxeJdGMglPK.jpg,5.989,9676,8.8397,en,2026-04-02T18:23:12.955742
85824,Sainikudu,సైనికుడు,"Siddharth strives to help flood victims and saves the relief material from falling into the wrong hands. This sets off a war between him and a corrupt politician, which leads to many twists and turns.","[""Action"", ""Drama""]","[""Mahesh Babu"", ""Trisha Krishnan"", ""Irrfan Khan"", ""Prakash Raj"", ""Kota Srinivasa Rao"", ""Nassar"", ""Telangana Shakuntala"", ""Dharmavarupu Subramanyam""]","[""Gunasekhar""]","[""rescue"", ""politics"", ""kidnapping"", ""political activism"", ""natural disaster"", ""fugitive"", ""corrupt politician"", ""social justice"", ""political thriller"", ""youth power"", ""manhunt"", ""good versus evil"", ""testimony"", ""floods"", ""disaster scenario""]",2006-11-30,/v3MVD3hPzrca73ZaHcHrV3SDrNq.jpg,6.3,16,1.1173,te,2026-04-02T18:23:13.549812
44865,The Grandmaster,一代宗師,"Ip Man's peaceful life in Foshan changes after Gong Yutian seeks an heir for his family in Southern China. Ip Man then meets Gong Er who challenges him for the sake of regaining her family's honor. After the Second Sino-Japanese War, Ip Man moves to Hong Kong and struggles to provide for his family. In the mean time, Gong Er chooses the path of vengeance after her father was killed by Ma San.","[""Action"", ""Drama"", ""History""]","[""Tony Leung Chiu-wai"", ""Zhang Ziyi"", ""Chang Chen"", ""Zhao Benshan"", ""Xiao Shenyang"", ""Song Hye-kyo"", ""Wang Qingxiang"", ""Max Zhang""]","[""Wong Kar-Wai""]","[""martial arts"", ""kung fu"", ""biography"", ""kung fu master"", ""mischievous"", ""vibrant""]",2013-01-10,/ydBVVIscL6TsX5hYztA5YpBCwJ3.jpg,6.623,973,5.26,zh,2026-04-02T18:23:13.939064
1062722,Frankenstein,Frankenstein,"Dr. Victor Frankenstein, a brilliant but egotistical scientist, brings a creature to life in a monstrous experiment that ultimately leads to the undoing of both the creator and his tragic creation.","[""Drama"", ""Fantasy"", ""Horror""]","[""Oscar Isaac"", ""Jacob Elordi"", ""Christoph Waltz"", ""Mia Goth"", ""Felix Kammerer"", ""Charles Dance"", ""David Bradley"", ""Lars Mikkelsen""]","[""Guillermo del Toro""]","[""monster"", ""based on novel or book"", ""supernatural"", ""surgeon"", ""mad scientist"", ""reanimation"", ""macabre"", ""burlesque"", ""father son relationship"", ""mother son relationship"", ""frankenstein""]",2025-10-17,/g4JtvGlQO7DByTI6frUobqvSL3R.jpg,7.652,3246,23.5608,en,2026-04-02T18:23:14.357120
1218374,Сказочные выходные,Сказочные выходные,An ordinary Russian family goes to a digital detox hotel in the Murom region on the day when hordes of fabulous monsters suddenly begin to materialize in the real world. The only weapon against them is a mobile application.,"[""Family"", ""Comedy"", ""Fantasy"", ""Adventure""]","[""Lyudmila Artemeva"", ""Oksana Akinshina"", ""Roman Kurtsyn"", ""Roman Kulyasov"", ""Mikhail Orlov"", ""Veronika Zvereva"", ""Veronika Zhuravleva"", ""Arina Kolakhmetova""]","[""Alexander Babaev""]",[],2026-04-16,/hYjeLbHb6QzwryJNXBZiE8tbAiS.jpg,0.0,0,1.3685,ru,2026-04-02T18:23:14.811075
1285965,Dangerous Animals,Dangerous Animals,"A savvy and free-spirited surfer is abducted by a shark-obsessed serial killer. Held captive on his boat, she must figure out how to escape before he carries out a ritualistic feeding to the sharks below.","[""Horror"", ""Thriller""]","[""Hassie Harrison"", ""Jai Courtney"", ""Josh Heuston"", ""Rob Carlton"", ""Ella Newton"", ""Liam Greinke"", ""Ali Basoka"", ""Mike Goldman""]","[""Sean Byrne""]","[""shark attack"", ""animal attack"", ""tape"", ""serial killer"", ""creature"", ""shark"", ""held captive"", ""survival horror"", ""tape recording \u00a0"", ""killer shark"", ""ritual sacrifice"", ""animal horror"", ""anxious"", ""cautionary"", ""female surfer"", ""psychological horror"", ""suspenseful"", ""horror"", ""sinister"", ""bitter""]",2025-06-05,/9tk3Si960hg4E49eMt81dS7Qe9Z.jpg,6.449,511,5.8333,en,2026-04-02T18:23:15.257099
1222479,Mirai,మిరాయి,"Following the historic Kalinga battle, where King Ashoka of the Maurya dynasty emerged as the winner, he chose to walk the path of peace instead of continuing warfare. Yet, the kingdom appointed nine warriors to protect some ancient scriptures rumored to have the ability to make someone divine or godlike.","[""Action"", ""Adventure"", ""Fantasy""]","[""Teja Sajja"", ""Manchu Manoj"", ""Ritika Nayak"", ""Raj Zutshi"", ""Rana Daggubati"", ""Shriya Saran"", ""Jayaram"", ""Jagapati Babu""]","[""Karthik Ghattamaneni""]","[""mirai collection""]",2025-09-12,/gVzWHYThVODV5MgccDoyQxPFXve.jpg,6.2,18,1.8771,te,2026-04-02T18:23:15.669235
26451,Investigation of a Citizen Above Suspicion,Indagine su un cittadino al di sopra di ogni sospetto,"Rome, Italy. After committing a heinous crime, a senior police officer exposes evidence incriminating him because his moral commitment prevents him from circumventing the law and the social order it protects.","[""Drama"", ""Thriller""]","[""Gian Maria Volont\u00e9"", ""Florinda Bolkan"", ""Gianni Santuccio"", ""Orazio Orlando"", ""Sergio Tramonti"", ""Arturo Dominici"", ""Aldo Rendine"", ""Massimo Foschi""]","[""Elio Petri""]","[""police brutality"", ""rome, italy"", ""black humor"", ""social satire"", ""sexual sadism"", ""masochist"", ""crime investigation"", ""political repression"", ""power abuse"", ""kafkaesque""]",1970-10-16,/vPTZwlq1IC4o1DCsEZEl2uGljzm.jpg,8.17,860,1.7382,it,2026-04-02T18:23:16.067229
110420,Wolf Children,おおかみこどもの雨と雪,"After her werewolf lover unexpectedly dies in an accident, a woman must find a way to raise the son and daughter that she had with him. However, their inheritance of their father's traits prove to be a challenge for her.","[""Animation"", ""Family"", ""Drama"", ""Fantasy""]","[""Haru Kuroki"", ""Yukito Nishii"", ""Aoi Miyazaki"", ""Takao Osawa"", ""Momoka Ohno"", ""Amon Kabe"", ""Takuma Hiraoka"", ""Megumi Hayashibara""]","[""Mamoru Hosoda""]","[""wolf"", ""forest"", ""death of father"", ""growing up"", ""rural area"", ""werewolf"", ""single mother"", ""adult animation"", ""werewolf child"", ""farming community"", ""farming"", ""anime"", ""mother son relationship"", ""mother daughter relationship"", ""brother sister relationship""]",2012-07-21,/3Nllh6JgcrFdtOn6iFOWHudNInd.jpg,8.22,2449,6.279,ja,2026-04-02T18:23:16.474429
894803,Sita Ramam,సీతా రామం,"Afreen, a rebellious Pakistani student sets ablaze the car of an Indian in London. Angered Afreen returns to Pakistan to ask for money from her grandfather that she has to pay in a month's time as damages. However, she gets to know that he is no more and the only thing he has left for her is a letter-delivering task, written by Ram to Sita. As Afreen sets out to find Ram, there begins her journey of discovering the secret behind the 20-year-old letter.","[""History"", ""Romance"", ""Drama""]","[""Dulquer Salmaan"", ""Mrunal Thakur"", ""Rashmika Mandanna"", ""Sumanth"", ""Gautham Vasudev Menon"", ""Tharun Bhascker"", ""Vennela Kishore"", ""Shatru""]","[""Hanu Raghavapudi""]","[""loving"", ""love in war"", ""pure love"", ""intense"", ""romantic"", ""classic"", ""admiring"", ""awestruck"", ""vibrant"", ""pure heart""]",2022-08-05,/t1O94ZBzsQXJihtVkrsStRLyUDR.jpg,7.748,103,2.6404,te,2026-04-02T18:23:16.745404
989017,Waltair Veerayya,వాల్తేరు వీరయ్య,"A notorious smuggler Waltair Veerayya is hired by a CI Seethapathi, reaches Malaysia with the ostensible mission of kidnapping a drug mafia leader named Solomon, who escaped India after wreaking havoc on the RAW agents and local policemen. Veerayya manages to pummel Solomon, who is fiercely protected by his ruthless gang-lord brother Kaala. Tables are turned, when Veerayya reveals that he shares a turbulent past with Kaala & an ACP Vikram Sagar who is hell-bent on ending his smuggling activities.","[""Action"", ""Drama""]","[""Chiranjeevi"", ""Shruti Haasan"", ""Ravi Teja"", ""Catherine Tresa"", ""Bobby Simha"", ""Prakash Raj"", ""Rajendra Prasad"", ""Vennela Kishore""]","[""Bobby Kolli""]",[],2023-01-13,/g4mx225pbBH5i0KSjc3t1pO5hIy.jpg,5.3,30,1.5233,te,2026-04-02T18:23:17.074266
1451867,Ghost Elephants,Ghost Elephants,"In Angola's mist-shrouded highlands, three KhoiSan master trackers embark on a spiritual quest to rediscover the legendary ""ghost elephants"" of Lisima, creatures presumed lost but remembered in ancestral trance, ritual, and memory.","[""Documentary""]","[""Werner Herzog"", ""Steve Boyes"", ""Kerllen Costa"", ""Xui"", ""Xui Dawid"", ""Kobus"", ""Gary Trower"", ""Jordana Meyer""]","[""Werner Herzog""]","[""elephant"", ""human animal relationship"", ""spiritual journey"", ""spiritual quest"", ""angola"", ""obsessive quest"", ""animal documentary"", ""elephants"", ""wildlife documentary"", ""elephant hero"", ""trance state"", ""on the brink of extinction""]",2026-02-27,/h2zN5Oo89DjwY9Q4F8zto5MlnNb.jpg,6.8,16,2.0404,en,2026-04-02T18:23:17.481462
1891,The Empire Strikes Back,The Empire Strikes Back,"The epic saga continues as Luke Skywalker, in hopes of defeating the evil Galactic Empire, learns the ways of the Jedi from aging master Yoda. But Darth Vader is more determined than ever to capture Luke. Meanwhile, rebel leader Princess Leia, cocky Han Solo, Chewbacca, and droids C-3PO and R2-D2 are thrown into various stages of capture, betrayal and despair.","[""Adventure"", ""Action"", ""Science Fiction""]","[""Mark Hamill"", ""Harrison Ford"", ""Carrie Fisher"", ""Billy Dee Williams"", ""Anthony Daniels"", ""David Prowse"", ""Peter Mayhew"", ""Kenny Baker""]","[""Irvin Kershner""]","[""rebellion"", ""android"", ""spacecraft"", ""asteroid"", ""rebel"", ""space battle"", ""snowstorm"", ""space colony"", ""swamp"", ""sequel"", ""space opera"", ""nostalgic"", ""arctic"", ""excited""]",1980-05-20,/nNAeTmF4CtdSgMDplXTDPOpYzsX.jpg,8.392,18219,10.286,en,2026-04-02T18:23:17.883923
1429348,The Stranger,L'Étranger,"In 1930s Algeria, the daily life of an indifferent Frenchman is shaken by the death of his mother and a fateful encounter on a beach.","[""Drama"", ""Crime""]","[""Benjamin Voisin"", ""Rebecca Marder"", ""Pierre Lottin"", ""Denis Lavant"", ""Swann Arlaud"", ""Christophe Malavoy"", ""Nicolas Vaude"", ""Jean-Charles Clichet""]","[""Fran\u00e7ois Ozon""]","[""philosophical""]",2025-10-29,/11lx7Isd86SIPeNuWlAPjYTfr57.jpg,6.8,125,3.2692,fr,2026-04-02T18:23:18.393009
618344,Justice League Dark: Apokolips War,Justice League Dark: Apokolips War,"Earth is decimated after intergalactic tyrant Darkseid has devastated the Justice League in a poorly executed war by the DC Super Heroes. Now the remaining bastions of good – the Justice League, Teen Titans, Suicide Squad and assorted others – must regroup, strategize and take the war to Darkseid in order to save the planet and its surviving inhabitants.","[""Animation"", ""Action"", ""Adventure"", ""Fantasy""]","[""Matt Ryan"", ""Jerry O'Connell"", ""Taissa Farmiga"", ""Jason O'Mara"", ""Rosario Dawson"", ""Stuart Allan"", ""Rebecca Romijn"", ""Rainn Wilson""]","[""Matt Peters"", ""Christina Sotta""]","[""superhero"", ""based on comic"", ""hopeless"", ""depressing"", ""bitter"", ""disrespectful"", ""dc animated movie universe (dcamu)""]",2020-05-05,/c01Y4suApJ1Wic2xLmaq1QYcfoZ.jpg,8.2,1556,4.9729,en,2026-04-02T18:23:18.796027
24428,The Avengers,The Avengers,"When an unexpected enemy emerges and threatens global safety and security, Nick Fury, director of the international peacekeeping agency known as S.H.I.E.L.D., finds himself in need of a team to pull the world back from the brink of disaster. Spanning the globe, a daring recruitment effort begins!","[""Science Fiction"", ""Action"", ""Adventure""]","[""Robert Downey Jr."", ""Chris Evans"", ""Mark Ruffalo"", ""Chris Hemsworth"", ""Scarlett Johansson"", ""Jeremy Renner"", ""Tom Hiddleston"", ""Clark Gregg""]","[""Joss Whedon""]","[""new york city"", ""superhero"", ""shield"", ""based on comic"", ""alien invasion"", ""superhero team"", ""aftercreditsstinger"", ""duringcreditsstinger"", ""marvel cinematic universe (mcu)""]",2012-04-25,/RYMX2wcKCBAr24UyPD7xwmjaTn.jpg,7.984,36882,56.6245,en,2026-04-02T18:23:19.322141
1333100,Attack on Titan: THE LAST ATTACK,劇場版「進撃の巨人」完結編 THE LAST ATTACK,"A colossal-sized omnibus film bringing together the last two episodes of Attack on Titan in the franchise's first-ever theatrical experience. After venturing beyond the walls and separated from his comrades, Eren finds himself inspired by this new truth and plots the ""Rumbling,"" a terrifying plan to eradicate every living thing in the world. With the fate of the world hanging in the balance, a motley crew of Eren's former comrades and enemies scramble to halt his deadly mission. The only question is, can they stop him?","[""Animation"", ""Action"", ""Adventure"", ""Drama""]","[""Yuki Kaji"", ""Yui Ishikawa"", ""Marina Inoue"", ""Hiroshi Kamiya"", ""Yu Shimamura"", ""Romi Park"", ""Yoshimasa Hosoya"", ""Kisho Taniyama""]","[""Yuichiro Hayashi""]","[""dystopia"", ""giant monster"", ""compilation"", ""based on manga"", ""aftercreditsstinger"", ""edited from tv series"", ""shounen"", ""anime"", ""suspenseful"", ""complicated"", ""powerful"", ""straightforward"", ""tragic""]",2024-03-20,/wgwldDDlTDDMrluOMkpSA8lyKjv.jpg,8.737,169,7.2731,ja,2026-04-02T18:23:19.929641
22383,The Professionals,The Professionals,An arrogant Texas millionaire hires four adventurers to rescue his kidnapped wife from a notorious Mexican bandit.,"[""Western"", ""Adventure"", ""Action""]","[""Burt Lancaster"", ""Lee Marvin"", ""Robert Ryan"", ""Woody Strode"", ""Jack Palance"", ""Claudia Cardinale"", ""Ralph Bellamy"", ""Joe De Santis""]","[""Richard Brooks""]","[""rescue"", ""plan"", ""mexico"", ""kidnapping"", ""desert"", ""mexican bandit"", ""escape plan"", ""bazat pe carte""]",1966-11-01,/sH4Clw7QrtH23xl9o4sOpHNkRIz.jpg,7.09,333,30.0642,en,2026-04-02T18:23:20.352903
73583,Ready,రెడీ,"A brave man decides to kidnap his friend's beloved from a forced marriage, but ends up abducting the wrong bride. Ironically, the bride he kidnapped is ecstatic because she was already planning an escape. On the run, they fall in love, but in order to get married, they must convince their families.","[""Family"", ""Action"", ""Comedy""]","[""Ram Pothineni"", ""Genelia D'Souza"", ""Brahmanandam"", ""Tanikella Bharani"", ""Sunil Varma"", ""Chandramohan"", ""Nassar"", ""Kota Srinivasa Rao""]","[""Sreenu Vaitla""]",[],2008-06-19,/7OMenpYP2riOMS4FVdFgrTrYntc.jpg,5.6,18,1.1713,te,2026-04-02T18:23:20.644077
1634301,Vanaveera,Vanaveera,A descendant of the Vanara clan is pushed into conflict when a modern-day Ravana seizes his only bike for an election rally. What starts as a petty injustice soon erupts into a fierce fight for self-respect and dignity.,"[""Action"", ""Drama""]","[""Chammak Chandra"", ""Simran Choudhary"", ""Nandu Vijay Krishna""]",[],[],2026-02-13,/oBYExKI8E3bTzQjPkofhpV2EJon.jpg,7.25,4,54.1853,te,2026-04-02T18:23:20.977408
10098,The Kid,The Kid,A tramp cares for a boy after he's abandoned as a newborn by his mother. Later the mother has a change of heart and aches to be reunited with her son.,"[""Comedy"", ""Drama""]","[""Charlie Chaplin"", ""Jackie Coogan"", ""Carl Miller"", ""Edna Purviance"", ""Albert Austin"", ""Beulah Bains"", ""Nellie Bly Baker"", ""Henry Bergman""]","[""Charlie Chaplin""]","[""angel"", ""suicide attempt"", ""fistfight"", ""slapstick comedy"", ""black and white"", ""class differences"", ""foundling"", ""silent film"", ""dream sequence"", ""semi autobiographical"", ""car theft"", ""illegitimate child"", ""unwed mother"", ""abandoned baby"", ""out of wedlock child"", ""hilarious""]",1921-01-21,/A9NWYyn7eX0H9XIjaOvfWJ9mCGA.jpg,8.142,2342,2.7815,en,2026-04-02T18:23:21.699703
1279865,A New Dawn,花緑青が明ける日に,"Keitaro lives in a fireworks factory that is about to be shut down. He is determined to unravel the mystery of the Shuhari, a mythical firework created by his father before he disappeared without a trace – and launch it before the factory closes.","[""Animation"", ""Drama""]","[""Riku Hagiwara"", ""Kotone Furukawa"", ""Miyu Irino"", ""Takashi Okabe""]","[""Yoshitoshi Shinomiya""]","[""factory"", ""fireworks"", ""anime""]",2026-03-06,/58U7ySFEPWuWisIyMaNQkdNmUHN.jpg,0.0,0,1.56,ja,2026-04-02T18:23:22.096802
1650558,Abot Langit,Abot Langit,"The relationship of a couple is tested when the girl’s first official flight pairs her with a confident senior pilot, jealousy and power dynamics surface in the training ground. The girl is now torn between her present relationship and new temptation she can’t resist.","[""Romance""]","[""Aliya Raymundo"", ""JC Tan"", ""Jio Yoshida"", ""Zel Fernandez"", ""Jetleline Esquivel"", ""Aziely Gonzales"", ""Rosalind Pajarillo"", ""Christine Abesamis""]","[""Topel Lee""]","[""sexy""]",2026-03-13,/5lVYe4aSimWdxJINKwq9s68TZ2G.jpg,5.0,1,31.3042,tl,2026-04-02T18:23:22.482896
1243006,H Is for Hawk,H Is for Hawk,"After losing her beloved father, Helen finds herself saved by an unlikely friendship with a stubborn hawk named Mabel. Through the bond, Helen rediscovers the beauty of being alive.","[""Drama""]","[""Claire Foy"", ""Brendan Gleeson"", ""Angus Cooper"", ""Sam Spruell"", ""Josh Dylan"", ""Eden Hamilton"", ""Denise Gough"", ""Lindsay Duncan""]","[""Philippa Lowthorpe""]","[""loss of loved one"", ""cambridge"", ""grief"", ""based on memoir or autobiography"", ""hawk"", ""falconry""]",2025-11-26,/lIS8Ow290hwNtS8VEeboYGV30Dx.jpg,7.026,19,1.5412,en,2026-04-02T18:23:22.889996
1275779,Disclosure Day,Disclosure Day,"If you found out we weren’t alone, if someone showed you, proved it to you, would that frighten you?","[""Science Fiction"", ""Thriller"", ""Mystery""]","[""Emily Blunt"", ""Josh O'Connor"", ""Colin Firth"", ""Eve Hewson"", ""Colman Domingo"", ""Wyatt Russell"", ""Henry Lloyd-Hughes"", ""Elizabeth Marvel""]","[""Steven Spielberg""]","[""alien invasion""]",2026-06-10,/7RYO0KTXIJ0rS0LqnCQLxeNR3P3.jpg,0.0,0,7.9409,en,2026-04-02T18:23:23.312436
1234821,Jurassic World Rebirth,Jurassic World Rebirth,"Five years after the events of Jurassic World Dominion, covert operations expert Zora Bennett is contracted to lead a skilled team on a top-secret mission to secure genetic material from the world's three most massive dinosaurs. When Zora's operation intersects with a civilian family whose boating expedition was capsized, they all find themselves stranded on an island where they come face-to-face with a sinister, shocking discovery that's been hidden from the world for decades.","[""Science Fiction"", ""Adventure"", ""Action""]","[""Scarlett Johansson"", ""Mahershala Ali"", ""Jonathan Bailey"", ""Rupert Friend"", ""Manuel Garcia-Rulfo"", ""Luna Blaise"", ""David Iacono"", ""Audrina Miranda""]","[""Gareth Edwards""]","[""island"", ""secret mission"", ""tyrannosaurus rex"", ""spinosaurus"", ""sequel"", ""stranded"", ""dinosaur"", ""family"", ""genetic experiment"", ""mosasaurus"", ""indifferent""]",2025-07-01,/1RICxzeoNCAO5NpcRMIgg1XT6fm.jpg,6.3,3147,30.6866,en,2026-04-02T18:23:23.717210
1058694,Radical,Radical,"In a Mexican border town plagued by neglect, corruption, and violence, a frustrated teacher tries an unorthodox new method to break through his students’ apathy and unlock their curiosity, their potential... and perhaps even their genius.","[""Drama""]","[""Eugenio Derbez"", ""Daniel Haddad"", ""Jennifer Trejo"", ""Mia Fernanda Solis"", ""Danilo Guardiola Escobar"", ""Gilberto Barraza"", ""V\u00edctor Estrada"", ""Manuel M\u00e1rquez""]","[""Christopher Zalla""]","[""usa\u2013mexico border"", ""border town"", ""teachers and students""]",2023-10-19,/lOAJYpX608aT0ApIv63ZTnol27Y.jpg,8.322,495,4.8839,es,2026-04-02T18:23:24.035725
1288072,Keeper,Keeper,"Liz and Malcolm escape for a romantic anniversary weekend at a secluded cabin. When Malcolm suddenly returns to the city, Liz finds herself isolated and in the presence of an unspeakable evil that reveals the cabin's horrifying secrets.","[""Horror"", ""Mystery""]","[""Tatiana Maslany"", ""Rossif Sutherland"", ""Birkett Turton"", ""Eden Weiss"", ""Cassandra Ebner"", ""Tess Degenstein"", ""Erin Boyes"", ""Gina Vultaggio""]","[""Osgood Perkins""]","[""ritual"", ""cake"", ""supernatural"", ""woods"", ""cabin"", ""torture"", ""couple"", ""taunting"", ""anniversary"", ""folk horror"", ""supernatural horror"", ""psychological horror"", ""horror""]",2025-11-12,/mbGHijUc0C3fcM12l6ro6FgxIvg.jpg,5.629,198,8.0693,en,2026-04-02T18:23:24.474876
339849,Not Without Hope,Not Without Hope,A group of friends' fishing boat capsizes off the coast of Mexico and they're left alone stranded at sea and struggling for survival.,"[""Thriller"", ""Drama""]","[""Zachary Levi"", ""Josh Duhamel"", ""Quentin Plair"", ""Terrence Terrell"", ""Marshall Cook"", ""JoBeth Williams"", ""Floriana Lima"", ""Jessica Blackmore""]","[""Joe Carnahan""]","[""sentimental"", ""defiant"", ""tragic""]",2025-12-04,/w5WJMJ6DWPFK0Gx0Ongh0FZBAlK.jpg,6.2,50,4.7347,en,2026-04-02T18:23:24.950752
1930,The Amazing Spider-Man,The Amazing Spider-Man,"Peter Parker is an outcast high schooler abandoned by his parents as a boy, leaving him to be raised by his Uncle Ben and Aunt May. Like most teenagers, Peter is trying to figure out who he is and how he got to be the person he is today. As Peter discovers a mysterious briefcase that belonged to his father, he begins a quest to understand his parents' disappearance – leading him directly to Oscorp and the lab of Dr. Curt Connors, his father's former partner. As Spider-Man is set on a collision course with Connors' alter ego, The Lizard, Peter will make life-altering choices to use his powers and shape his destiny to become a hero.","[""Action"", ""Adventure"", ""Science Fiction""]","[""Andrew Garfield"", ""Emma Stone"", ""Rhys Ifans"", ""Denis Leary"", ""Martin Sheen"", ""Sally Field"", ""Irrfan Khan"", ""Campbell Scott""]","[""Marc Webb""]","[""experiment"", ""loss of loved one"", ""superhero"", ""based on comic"", ""vigilante"", ""teenage girl"", ""teenage boy"", ""super power"", ""spider bite"", ""masked vigilante"", ""reboot"", ""genetic engineering"", ""social outcast"", ""death of husband"", ""duringcreditsstinger"", ""virus"", ""teen superhero"", ""teenage angst"", ""vigilante justice""]",2012-06-23,/jexoNYnPd6vVrmygwF6QZmWPFdu.jpg,6.731,18348,20.9954,en,2026-04-02T18:23:25.389017
63372,Shakti,శక్తి,"The central minister's daughter who secretly goes on a trip is targeted by some evil Egyptians who want her and a holy diamond in their custody, while a guide gets linked to the fight as he protects her from all possible dangers.","[""Action"", ""Fantasy""]","[""N.T. Rama Rao Jr."", ""Ileana D'Cruz"", ""Prabhu"", ""Sonu Sood"", ""Brahmanandam"", ""Jackie Shroff"", ""Manjari Fadnnis"", ""S. P. Balasubramaniam""]","[""Meher Ramesh""]","[""daughter"", ""temple"", ""diamond"", ""fight"", ""sword"", ""son"", ""tourist guide"", ""gunfight"", ""protector"", ""adopted child"", ""journey"", ""trident"", ""ganges"", ""stabbed""]",2011-04-01,/eycV5IA0TFc5wHtWmke7SpqXI8u.jpg,3.3,13,1.1501,te,2026-04-02T18:23:25.659689
1392527,Renoir,ルノワール,"In 1987 Tokyo, a quirky and sensitive 11-year-old girl copes with a terminally ill father and stressed-out working mother while encountering various adults dealing with their own struggles.","[""Drama""]","[""Yui Suzuki"", ""Hikari Ishida"", ""Lily Franky"", ""Ayumu Nakajima"", ""Yuumi Kawai"", ""Ryota Bando"", ""Charlie St. Cyr"", ""Jeffrey Rowe""]","[""Chie Hayakawa""]","[""coming of age"", ""female protagonist""]",2025-06-20,/4VEFRIKge0iDjv8hT1BZEx2qG4h.jpg,6.7,13,1.9103,ja,2026-04-02T18:23:26.063106
63376,Mr. Perfect,Mr. పర్‌ఫెక్ట్,"Vicky breaks his engagement with Priya, his childhood friend, after he learns that she is making many compromises for his sake. However, time makes him realise the need for compromises in life.","[""Romance"", ""Comedy""]","[""Prabhas"", ""Kajal Aggarwal"", ""Taapsee Pannu"", ""Murali Mohan"", ""Prakash Raj"", ""Sayaji Shinde"", ""Brahmanandam"", ""Master Bharath""]","[""Dasaradh""]","[""love""]",2011-04-21,/pUYe5umIwPWUNWLQ7gfghHR7nCX.jpg,6.5,36,0.996,te,2026-04-02T18:23:26.479687
460699,Nene Raju Nene Mantri,నేనే రాజు నేనే మంత్రి,"Nene Raju Nene Mantri is the story of Radha Jogendra and the love of his life, Radha. His whole world revolves around her and he can go to any lengths to make her happy. But what happens when such profound love takes the shape of cavernous ambition?","[""Action"", ""Romance"", ""Thriller""]","[""Rana Daggubati"", ""Kajal Aggarwal"", ""Catherine Tresa"", ""Navdeep"", ""Ashutosh Rana"", ""Ravi Joshi"", ""Jayaprakash Reddy"", ""Posani Krishna Murali""]","[""Teja""]","[""corrupt politician"", ""political satire"", ""political thriller""]",2017-08-11,/gn5fMSKTBweRVGGBDksAIhIhR6v.jpg,6.6,21,3.2321,te,2026-04-02T18:23:26.934261
92060,Michael Jackson's Thriller,Michael Jackson's Thriller,"A night at the movies turns terrifying when Michael and his date are attacked by zombies. Released at the height of Thriller’s success, the short film redefined the music video, broke racial barriers, and became the first inducted into the U.S. National Film Registry.","[""Horror"", ""Thriller"", ""Music""]","[""Michael Jackson"", ""Ola Ray"", ""Vincent Price"", ""Cynthia Garris"", ""Mick Garris"", ""Hanala Sagal"", ""Forrest J. Ackerman"", ""Reed Armstrong""]","[""John Landis""]","[""dancing"", ""date"", ""narration"", ""music video"", ""zombie"", ""werewolf"", ""graveyard""]",1983-11-14,/dYHGoPMkZMVuBA4EydmDQMo1EEv.jpg,8.215,740,2.783,en,2026-04-02T18:23:27.326409
1341341,4 Kids Walk Into a Bank,4 Kids Walk Into a Bank,"After losing her mother, Paige's grandfather steps into to become a more responsible guardian. But when a group of criminals show up at their door demanding that Paige's grandpa join them for one last job, she's faced with a decision: let her newly reformed grandpa dip back into his criminal ways, or enlist her three best friends to do the job first.","[""Crime"", ""Comedy"", ""Mystery""]","[""Liam Neeson"", ""Spike Fearn"", ""Jim Sturgess"", ""Talia Ryder"", ""Deacon Phillippe"", ""Whitney Peak"", ""Jack Dylan Grazer"", ""Caylee Cowan""]","[""Frankie Shaw""]","[""heist"", ""dead mother"", ""bank robbery"", ""based on graphic novel"", ""one last job"", ""bank heist"", ""reformed criminal"", ""grandfather granddaughter relationship"", ""criminals"", ""best friends"", ""parental guardian"", ""black comedy"", ""ex criminal""]",2026-04-16,/lQXsh3LCs7NjLPMCkWvI0xV4r0I.jpg,0.0,0,2.2457,en,2026-04-02T18:23:27.719977
1505183,Village of the Dead,Dusun Mayit,"Four hikers become trapped in a mysterious village after getting lost in a mountain foot market said to be an interdimensional gateway. There, the world turns strange—graveyards with no headstones, grinning bald figures, puppets with no puppeteer, and cult rituals dancing atop corpses. It all leads to one chilling truth: those who are trapped can never leave. The village is preparing a dark ritual to fill the hamlet with the dead. Faced with harrowing choices, can they survive—and make it home alive?","[""Adventure"", ""Horror"", ""Mystery""]","[""Amanda Manopo"", ""Ersya Aurelia"", ""Fahad Haydra"", ""Randy Martin"", ""Anya Zen"", ""Bambang Gundul"", ""Yessi Kenyang"", ""Rafly""]","[""Rizal Mantovani""]","[""village"", ""mountain"", ""supernatural"", ""climbing"", ""corpse"", ""trapped"", ""ghost"", ""hamlet"", ""myth"", ""haunted"", ""terror"", ""student"", ""based on twitter thread"", ""unseen""]",2025-12-31,/zRdt7gbicDBKmbRY3XN2r5yWoQ9.jpg,3.0,1,2.5698,id,2026-04-02T18:23:28.398415
1228710,Star Wars: The Mandalorian and Grogu,Star Wars: The Mandalorian and Grogu,"The evil Empire has fallen, and Imperial warlords remain scattered throughout the galaxy. As the fledgling New Republic works to protect everything the Rebellion fought for, they have enlisted the help of legendary Mandalorian bounty hunter Din Djarin and his young apprentice Grogu.","[""Action"", ""Adventure"", ""Science Fiction""]","[""Pedro Pascal"", ""Sigourney Weaver"", ""Jeremy Allen White"", ""Jonny Coyne"", ""Dave Filoni"", ""Steve Blum"", ""Martin Scorsese"", ""Hemky Madera""]","[""Jon Favreau""]","[""galaxy"", ""bounty hunter"", ""space opera"", ""based on tv series""]",2026-05-20,/7QujwMB124KqSPbWlLRHBO5wygE.jpg,0.0,0,5.9023,en,2026-04-02T18:23:28.804653
1400743,DJ Ahmet,Диџеј Ахмет,"15-year-old Ahmet, from a remote Yuruk village in North Macedonia, finds refuge in music while navigating his father’s expectations, a conservative community, and his first experience with love — a girl already promised to someone else.","[""Drama"", ""Music"", ""Comedy""]","[""Arif Jakup"", ""Agush Agushev"", ""Dora Akan Zlatanova"", ""Aksel Mehmet"", ""Selpin Kerim"", ""Elhame Bilal"", ""Metin \u0130brahim"", ""Adem Karaga""]","[""Georgi M. Unkovski""]","[""arranged marriage"", ""teenage boy"", ""macedonia"", ""hilarious""]",2025-08-28,/1qQq52OGWBLG8RUqcrphzI6DZKp.jpg,6.875,20,2.3742,mk,2026-04-02T18:23:29.241590
858024,Hamnet,Hamnet,"The powerful story of love and loss that inspired the creation of Shakespeare's timeless masterpiece, Hamlet.","[""Drama"", ""Romance"", ""History""]","[""Jessie Buckley"", ""Paul Mescal"", ""Emily Watson"", ""Joe Alwyn"", ""Jacobi Jupe"", ""Noah Jupe"", ""Olivia Lynes"", ""Justine Mitchell""]","[""Chlo\u00e9 Zhao""]","[""based on novel or book"", ""grief"", ""historical fiction"", ""death in family"", ""motherhood"", ""woman director"", ""16th century"", ""period film"", ""wistful"", ""depressing"", ""based on real person""]",2025-11-26,/vbeyOZm2bvBXcbgPD3v6o94epPX.jpg,7.7,1155,21.8104,en,2026-04-02T18:23:29.520951
1220522,Dacoit,Dacoit,"A man is convicted for a crime he didn't commit owing to a betrayal by his better half. He hunts her down seeking vengeance, as their stories intertwine with a series of robberies.","[""Action"", ""Romance"", ""Thriller""]","[""Adivi Sesh"", ""Mrunal Thakur"", ""Anurag Kashyap"", ""Prakash Raj"", ""Sunil Varma"", ""Atul Kulkarni"", ""Zayn Marie Khan"", ""Kamakshi Bhaskarla""]","[""Shaneil Deo""]",[],2026-04-10,/7N7uRi2bJ5l8IUYMY0avwJhg05o.jpg,0.0,0,2.0497,hi,2026-04-02T18:23:29.915348
249772,1: Nenokkadine,1 - నేనొక్కడినే,A rock star must overcome his psychological inhibitions to seek revenge for his parents' death.,"[""Action"", ""Thriller"", ""Mystery""]","[""Mahesh Babu"", ""Kriti Sanon"", ""Nassar"", ""Kelly Dorji"", ""Pradeep Ram Singh Rawat"", ""Anand"", ""Anu Hasan"", ""Sayaji Shinde""]","[""Sukumar""]","[""london, england"", ""rock star"", ""identity"", ""hallucination"", ""identity crisis"", ""crime boss"", ""illusion"", ""revenge"", ""memory"", ""psychological thriller"", ""assumed dead"", ""psychological disorder"", ""green revolution"", ""belfast""]",2014-01-10,/dYpqpA7BsDHeyAGs9AAEPhZmbck.jpg,6.6,92,1.1678,te,2026-04-02T18:23:30.310889
604079,The Long Walk,The Long Walk,"In a dystopian 1970s America, fifty teenage boys take part in a deadly annual walking contest, forced to maintain a minimum pace or be executed, until only one survivor remains.","[""Science Fiction"", ""Thriller"", ""Horror""]","[""Cooper Hoffman"", ""David Jonsson"", ""Garrett Wareing"", ""Tut Nyuot"", ""Charlie Plummer"", ""Ben Wang"", ""Jordan Gonzalez"", ""Joshua Odjick""]","[""Francis Lawrence""]","[""suicide"", ""based on novel or book"", ""competition"", ""dystopia"", ""male friendship"", ""bullying"", ""coming of age"", ""survival"", ""psychological thriller"", ""teenage boy"", ""survival horror"", ""psychological horror"", ""dystopian sci-fi""]",2025-09-10,/wobVTa99eW0ht6c1rNNzLkazPtR.jpg,6.916,1281,12.8217,en,2026-04-02T18:23:30.600742
1337264,Wrongful Death 2: Bloodlines,Wrongful Death 2: Bloodlines,"After being employed by the Senator's wife to find the killer of their daughter, a determined detective begins an investigation in which the only evidence he finds are new waves of murders with no sign pointing to the identity of the killer.","[""Thriller"", ""Mystery"", ""Crime""]","[""Chris Moss"", ""Michael Par\u00e9"", ""Bai Ling"", ""Silvia Spross"", ""Costas Mandylor"", ""Jenny Paris"", ""Alona Hertha"", ""Massi Furlan""]","[""Vjekoslav Katu\u0161in""]","[""sequel"", ""death of daughter""]",2025-08-29,/3TQvn1Vx2oa0knUMajQgcMCo8vK.jpg,8.5,2,5.406,en,2026-04-02T18:23:31.046134
83889,Businessman,బిజినెస్ మాన్,"Just as the cops have declared the end of Mafia in Mumbai, a man named Surya arrives in the city with the intentions of conquering it.","[""Action"", ""Crime""]","[""Mahesh Babu"", ""Kajal Aggarwal"", ""Prakash Raj"", ""Sayaji Shinde"", ""Nassar"", ""Dharmavarupu Subramanyam"", ""Mahesh Balraj"", ""Ayesha Shiva""]","[""Puri Jagannadh""]","[""corruption"", ""loss of loved one"", ""gangster"", ""anti hero"", ""murder"", ""vigilante"", ""organized crime"", ""extortion"", ""mafia"", ""orphan"", ""corrupt politician"", ""gun violence"", ""rise to power"", ""political corruption"", ""crime syndicate"", ""mumbai"", ""violence"", ""intense"", ""powerful""]",2012-01-13,/hLF5o53irg0ZVV4ecLptkLgiTXq.jpg,7.178,59,2.2208,te,2026-04-02T18:23:31.433741
823219,Flow,Straume,"A solitary cat, displaced by a great flood, finds refuge on a boat with various species and must navigate the challenges of adapting to a transformed world together.","[""Animation"", ""Adventure"", ""Fantasy"", ""Family""]",[],"[""Gints Zilbalodis""]","[""ocean"", ""cat"", ""boat"", ""dystopia"", ""dog"", ""ruins"", ""flood"", ""lemur"", ""kids"", ""bird"", ""3d animation"", ""no dialogue"", ""teamwork"", ""fantasy"", ""capybara"", ""adventure"", ""admiring"", ""complicated""]",2024-08-29,/zME0Ul0w48MKkYBnFRn40M5qgLh.jpg,8.09,2709,15.2013,lv,2026-04-02T18:23:32.057878
798645,The Running Man,The Running Man,"Desperate to save his sick daughter, working-class Ben Richards is convinced by The Running Man's charming but ruthless producer to enter the deadly competition game as a last resort. But Ben's defiance, instincts, and grit turn him into an unexpected fan favorite — and a threat to the entire system. As ratings skyrocket, so does the danger, and Ben must outwit not just the Hunters, but a nation addicted to watching him fall.","[""Action"", ""Thriller"", ""Science Fiction""]","[""Glen Powell"", ""William H. Macy"", ""Lee Pace"", ""Michael Cera"", ""Emilia Jones"", ""Daniel Ezra"", ""Jayme Lawson"", ""Sean Hayes""]","[""Edgar Wright""]","[""based on novel or book"", ""game show"", ""survival"", ""on the run"", ""biting"", ""near future"", ""anxious"", ""suspenseful"", ""dystopian future"", ""dystopian sci-fi""]",2025-11-11,/dKL78O9zxczVgjtNcQ9UkbYLzqX.jpg,6.759,1344,33.6495,en,2026-04-02T18:23:32.466811
1632181,Socias por accidente,Socias por accidente,Two women discover they were both scammed by the same man (who also got them pregnant). They form an alliance to take revenge.,"[""Comedy""]","[""Angelique Boyer"", ""B\u00e1rbara de Regil"", ""Diego Klein"", ""Gabriela Platas"", ""Isabella Camil"", ""Laura Flores""]","[""Ihtzi Hurtado""]",[],2026-03-12,/4f9uATxSIqKYXW2NEXbew5wFvc2.jpg,5.25,4,9.8145,es,2026-04-02T18:23:33.457265
63414,Darling,డార్లింగ్,"Prabha prepares to meet Nandini, his childhood friend, at a reunion party organised by his father. However, things take a turn when Nisha, a gangster's daughter, falls in love with him.","[""Drama"", ""Romance""]","[""Prabhas"", ""Kajal Aggarwal"", ""Prabhu"", ""Tulasi"", ""Ahuti Prasad"", ""Chandramohan"", ""M. S. Narayana"", ""Dharmavarupu Subramanyam""]","[""A. Karunakaran""]",[],2010-04-23,/lUPhjbTUbOdprc9waFcB47bmKKE.jpg,6.5,31,1.2204,te,2026-04-02T18:23:33.959823
1357759,Girl,女孩,"Hsiao-lee, a young girl, finds solace in her friendship with Li-li, who embodies the dreams Hsiao-lee had suppressed. However, Hsiao-lee's aspirations are challenged by her mother's past, which mirrors her own struggles and traps her in a cycle of despair.","[""Drama""]","[""Roy Chiu"", ""9m88"", ""Bai Xiao-Ying"", ""Audrey Lin"", ""Lai Yu-fei"", ""Esther Liu"", ""Bamboo Chen"", ""Liu Kuan-ting""]","[""Shu Qi""]","[""1980s""]",2025-10-31,/ntCbuPFFBO6rRcOktSPTmeX0iuf.jpg,7.1,7,2.2805,zh,2026-04-02T18:23:34.524063
374720,Dunkirk,Dunkirk,"The story of the miraculous evacuation of Allied soldiers from Belgium, Britain, Canada and France, who were cut off and surrounded by the German army from the beaches and harbour of Dunkirk between May 26th and June 4th 1940 during World War II.","[""War"", ""Action"", ""Drama""]","[""Fionn Whitehead"", ""Tom Hardy"", ""Mark Rylance"", ""Kenneth Branagh"", ""Cillian Murphy"", ""Barry Keoghan"", ""Harry Styles"", ""Aneurin Barnard""]","[""Christopher Nolan""]","[""army"", ""beach"", ""france"", ""allies"", ""raf (royal air force)"", ""military officer"", ""world war ii"", ""evacuation"", ""pilot"", ""british army"", ""rescue mission"", ""europe"", ""based on true story"", ""royal navy"", ""survival"", ""historical fiction"", ""soldier"", ""private"", ""military"", ""dunkirk""]",2017-07-19,/b4Oe15CGLL61Ped0RAS9JpqdmCt.jpg,7.45,17422,32.6561,en,2026-04-02T18:23:35.061019
245700,Mr. Turner,Mr. Turner,"Eccentric British painter J.M.W. Turner  lives his last 25 years with gusto and secretly becomes involved with a seaside landlady, while his faithful housekeeper bears an unrequited love for him.","[""History"", ""Drama""]","[""Timothy Spall"", ""Dorothy Atkinson"", ""Marion Bailey"", ""Paul Jesson"", ""Lesley Manville"", ""Martin Savage"", ""Ruth Sheen"", ""David Horovitch""]","[""Mike Leigh""]","[""painter""]",2014-10-31,/rnVhl1PFSOoW5c6UhZJZt5TV98p.jpg,6.546,580,30.2732,en,2026-04-02T18:23:35.464346
1191876,From the Ashes,From the Ashes,"Jailed for her husband's crime, a woman discovers that her only way out is to solve riddles from her mysterious past.","[""Drama""]","[""Jeanne Neilson"", ""Paul du Toit"", ""Syreeta Banks"", ""Jeremy John Wells"", ""Lucy Capri"", ""Debbie Sutcliffe"", ""Dolores Dermody""]","[""Jeremy Wiles""]","[""riddle"", ""false imprisonment"", ""independent film""]",2027-06-01,/aEUH2ECoZHvSmoMzJpca0STF2CZ.jpg,0.0,0,22.9968,en,2026-04-02T18:23:35.855184
1265609,War Machine,War Machine,"On one last grueling mission during Army Ranger training, a combat engineer must lead his unit in a fight against a giant otherworldly killing machine.","[""Action"", ""Science Fiction"", ""Thriller""]","[""Alan Ritchson"", ""Dennis Quaid"", ""Stephan James"", ""Jai Courtney"", ""Esai Morales"", ""Blake Richardson"", ""Keiynan Lonsdale"", ""Jack Patten""]","[""Patrick Hughes""]","[""military training"", ""anxious"", ""military sci-fi"", ""critical"", ""u.s. army ranger""]",2026-02-12,/tlPgDzwIE7VYYIIAGCTUOnN4wI1.jpg,7.279,1268,152.6074,en,2026-04-02T18:23:36.201903
63434,Sri Ramadasu,శ్రీ రామదాసు,"A devoted musician and saint sacrifices worldly comforts to construct a temple for Lord Rama, facing trials and spiritual challenges in this biographical story.","[""Drama"", ""History"", ""Music""]","[""Nagarjuna Akkineni"", ""Sneha"", ""Suman Talwar"", ""Archana"", ""Nageshwara Rao Akkineni"", ""Sujatha"", ""Brahmanandam"", ""Nassar""]","[""K Raghavendra Rao""]","[""biographical""]",2006-03-31,/tfrCahpowc20REYqGdOxbniaFSm.jpg,5.4,5,1.2049,te,2026-04-02T18:23:36.607353
1167307,David,David,"From the songs of his mother’s heart to the whispers of a faithful God, David’s story begins in quiet devotion. When the giant Goliath rises to terrorize a nation, a young shepherd armed with only a sling, a few stones, and unshakable faith steps forward. Pursued by power and driven by purpose, his journey tests the limits of loyalty, love, and courage—culminating in a battle not just for a crown, but for the soul of a kingdom.","[""Animation"", ""Family"", ""Drama"", ""Music""]","[""Brandon Engman"", ""Brian Stivale"", ""Shahar Taboch"", ""Aaron Tavaler"", ""Hector"", ""Miri Mesika"", ""Jack Wagman"", ""Jonathan Shaboo""]","[""Phil Cunningham"", ""Brent Dawes""]","[""bible"", ""musical"", ""prophet"", ""david vs. goliath"", ""independent film"", ""bible prophecy"", ""biblical epic""]",2025-12-14,/7lFG1WrCwAxBfyGK8ahlBVzXno7.jpg,8.079,120,40.4798,en,2026-04-02T18:23:37.093076
34763,Aarya 2,ఆర్య 2,"Two young boys staying together at an orphanage become friends. One of them is adopted by a wealthy family and grows up to become the owner of a software company. He provides employment for his friend, but when they both fall in love with the same young woman, conflict emerges.","[""Romance"", ""Comedy"", ""Action""]","[""Allu Arjun"", ""Kajal Aggarwal"", ""Navdeep"", ""Brahmanandam"", ""Mukesh Rishi"", ""Ajay"", ""Shraddha Das"", ""Sayaji Shinde""]","[""Sukumar""]","[""best friend"", ""friends in love""]",2009-11-27,/kjbbx8kV6pNhNXX9aRsVDwyEJbm.jpg,6.733,45,1.069,te,2026-04-02T18:23:37.427139
40909,Vikramarkudu,విక్రమార్కుడు,"A thief's life changes after he discovers a little girl who claims he is her father, and what follows is violence after a gang hunting for his lookalike closes in on him.","[""Action"", ""Drama""]","[""Ravi Teja"", ""Baby Neha"", ""Anushka Shetty"", ""Ajay"", ""Vineet Kumar"", ""Brahmanandam"", ""Rajiv Kanakala"", ""Ruthika""]","[""S. S. Rajamouli""]","[""dual role""]",2006-06-23,/b0yLhLXvlPS5uwyacBVNnR4KoOZ.jpg,6.5,34,1.2723,te,2026-04-02T18:23:37.732807
550864,Devadas,దేవదాస్,"A sincere doctor Das works at a private clinic, where he meets the dreaded don Deva who arrives injured. After the treatment, Das and Deva form a deep friendship until Deva's mafia background and gruesome history causes a rift in their bond.","[""Action"", ""Comedy"", ""Drama""]","[""Nagarjuna Akkineni"", ""Nani"", ""Rashmika Mandanna"", ""Aakanksha Singh"", ""Kunal Kapoor"", ""Naveen Chandra"", ""Murali Sharma"", ""Vennela Kishore""]","[""Sriram Adittya""]",[],2018-09-27,/gKXUai8TVBIwkMCNIXSF6f7K6WG.jpg,6.1,17,1.1648,te,2026-04-02T18:23:38.118477
1628116,BTS: THE RETURN,BTS: 더 리턴,"They're back! BTS gathers in LA to record their album ""Arirang"" in this documentary offering unprecedented access to the band as they enter a new era.","[""Documentary"", ""Music""]","[""RM"", ""Jin"", ""SUGA"", ""j-hope"", ""Jimin"", ""V"", ""Jung Kook""]","[""Bao Nguyen""]","[""behind the scenes"", ""boy band"", ""k-pop"", ""music documentary""]",2026-03-27,/9CNUWleZWN9EGMZjvaSTcxmAAGg.jpg,7.643,13,16.65,ko,2026-04-02T18:23:38.460823
1220564,The Secret Agent,O Agente Secreto,"Brazil, 1977. Marcelo, a technology expert in his early 40s, is on the run. Hoping to reunite with his son, he travels to Recife during Carnival but soon realizes that the city is not the safe haven he was expecting.","[""Crime"", ""Drama"", ""Thriller""]","[""Wagner Moura"", ""T\u00e2nia Maria"", ""Alice Carvalho"", ""Maria Fernanda C\u00e2ndido"", ""Gabriel Leone"", ""Udo Kier"", ""Carlos Francisco"", ""Thom\u00e1s Aquino""]","[""Kleber Mendon\u00e7a Filho""]","[""police"", ""professor"", ""1970s"", ""secret agent"", ""dictatorship"", ""on the run"", ""recife"", ""brazilian politics"", ""brazil"", ""introspective"", ""archives"", ""ditadura militar brasileira""]",2025-07-23,/rZqolYhxMEe6TZZTjSmFw9crDTD.jpg,7.344,572,10.7994,pt,2026-04-02T18:23:38.865753
1462229,Pegasus 3,飞驰人生3,"Bearing the glory of being the ""King of Bayanbulak,"" Zhang Chi once again embarks on his racing journey, aiming not only to win the race but also to achieve something beyond the competition itself.","[""Drama"", ""Comedy""]","[""Teng Shen"", ""Yin Zheng"", ""Johnny Huang"", ""Zhang Benyu"", ""Wei Xiang"", ""Sha Yi"", ""Adam Fan"", ""Sun Yizhou""]","[""Han Han""]",[],2026-02-17,/hypEABFazVTU4zTZYcVFmaPYdIH.jpg,7.111,18,3.8197,zh,2026-04-02T18:23:39.665924
1220566,Eagles of the Republic,Eagles of the Republic,"George Fahmy, Egypt's most adored actor, is pressured to star in a film commissioned by the highest authorities. He reluctantly accepts and finds himself thrown into the inner circle of power. Like moth drawn to flame, he begins an affair with the mysterious wife of the general overseeing the project.","[""Thriller"", ""Drama""]","[""Fares Fares"", ""Lyna Khoudri"", ""Zineb Triki"", ""Amr Waked"", ""Cherien Dabis"", ""Ahmed Khairi"", ""Nael Ali"", ""Sherwan Haji""]","[""Tarik Saleh""]",[],2025-09-19,/f9MzpMfbBL4PknhKqoQpIUdskTl.jpg,6.8,35,1.5458,ar,2026-04-02T18:23:40.369460
829402,Ultraman: Rising,Ultraman: Rising,"A star athlete reluctantly returns home to take over his father's duties as Ultraman, shielding Tokyo from giant monsters as he becomes a legendary hero.","[""Animation"", ""Science Fiction"", ""Family"", ""Action""]","[""Christopher Sean"", ""Gedde Watanabe"", ""Tamlyn Tomita"", ""Keone Young"", ""Julia Harriman"", ""Rob Fukuzaki"", ""Frank Buckley"", ""Fran\u00e7ois Chau""]","[""Shannon Tindle""]","[""hero"", ""superhero"", ""villain"", ""family relationships"", ""parenthood"", ""baseball player"", ""kaiju"", ""duringcreditsstinger"", ""supervillain"", ""imaginative"", ""kyodai hero"", ""3d animation"", ""science fiction"", ""ultraman"", ""heartfelt"", ""monsters"", ""henshin heroes"", ""adventure"", ""rousing""]",2024-06-14,/j886YEkIUsiImY53px5VHKD4lRa.jpg,8.095,370,3.1655,en,2026-04-02T18:23:40.834488
1628123,BTS THE COMEBACK LIVE | ARIRANG,BTS 컴백 라이브: ARIRANG,BTS is back. The iconic group returns to the stage for a live reunion concert to perform legendary hits and unveil brand-new tracks.,"[""Music""]","[""RM"", ""Jin"", ""SUGA"", ""j-hope"", ""Jimin"", ""V"", ""Jung Kook""]","[""Hamish Hamilton"", ""Cameron Whitelaw""]","[""concert"", ""comeback"", ""live"", ""boy band"", ""live music"", ""k-pop"", ""seoul, south korea"", ""event"", ""music live""]",2026-03-21,/tztql23n2UCoM76KyCSKoZxVUL1.jpg,9.297,74,10.0577,ko,2026-04-02T18:23:41.219481
1439713,Mana ShankaraVaraPrasad Garu,మన శంకర వరప్రసాద్ గారు,"National security officer Vara Prasad, protecting his estranged wife and kids from a vengeful ex-cop, sees it as a chance to rebuild their relationship after six years apart.","[""Action"", ""Comedy"", ""Mystery""]","[""Chiranjeevi"", ""Nayanthara"", ""Venkatesh"", ""Catherine Tresa"", ""Harsha Vardhan"", ""Abhinav Gomatam"", ""Sachin Khedekar"", ""Sharat Saxena""]","[""Anil Ravipudi""]",[],2026-01-11,/sfj6SLSzbzHN2633HcqabHFJz5y.jpg,6.1,19,1.2483,te,2026-04-02T18:23:41.521885
1314786,Agent Zeta,Zeta,"Four Spanish ex-intelligence officers are assassinated simultaneously worldwide. The CNI discovers all participated in the covert ""Operation Ciénaga"" decades ago in Colombia. Zeta, the CNI's best operative, must hunt and protect the sole survivor, facing his deadliest global mission yet. Top Colombian agent Alfa will join Zeta, seemingly knowing more about ""Ciénaga""'s secrets than him.","[""Drama"", ""Thriller""]","[""Mario Casas"", ""Mariela Garriga"", ""Luis Zahera"", ""Nora Navas"", ""Christian Tapp\u00e1n"", ""Cristina Uma\u00f1a"", ""Ricardo de Barreiro"", ""Luisa Vides Galiano""]","[""Dani de la Torre""]","[""spy thriller""]",2026-03-20,/1cKLG9KMoCjsgFB8Nw1EuglteVi.jpg,6.603,87,58.5615,es,2026-04-02T18:23:41.842556
1613798,Venganza,Venganza,"The brutal murder of the wife of “Toro,” a military hero in the special forces, turns him into a man with a single purpose: revenge. After a stroke of fate makes him a millionaire, Carlos transforms his fortune into an arsenal and, together with his closest soldiers, sets out to hunt down those responsible.","[""Action"", ""Thriller""]","[""Omar Chaparro"", ""Alejandro Speitzer"", ""Paola Nu\u00f1ez"", ""Natalia Soli\u00e1n"", ""Luis Alberti"", ""Iazua Larios"", ""Lizeth Selene"", ""Gustavo S\u00e1nchez Parra""]","[""Rodrigo Valdes""]",[],2026-02-26,/ggJGx8fwwy21gEIXYusIlHcUn8z.jpg,8.0,2,7.3287,es,2026-04-02T18:23:42.343639
262119,Legend,లెజెండ్,"Krishna, who lives in Dubai, falls in love with Sneha. He comes to India to seek the blessings of his grandmother, unaware that don Jeetendra's gang is seeking revenge.","[""Action"", ""Drama""]","[""Nandamuri Balakrishna"", ""Jagapati Babu"", ""Sonal Chauhan"", ""Radhika Apte"", ""Kaveri"", ""Brahmanandam"", ""Suman Talwar"", ""Suhasini Maniratnam""]","[""Boyapati Srinu""]",[],2014-03-28,/lTpOAlifsZtWH8ZV6I3oR3jGzSZ.jpg,5.8,16,1.0551,te,2026-04-02T18:23:42.739001
1181678,¿Quieres ser mi hijo?,¿Quieres ser mi hijo?,"Lu, a conformist woman in her forties, learns that her 15-year partner has been having extramarital affairs. Starting from scratch, she gets involved in an unexpected relationship with a young womanizer.","[""Comedy"", ""Romance""]","[""Ludwika Paleta"", ""Juanpa Zurita"", ""Hern\u00e1n Mendoza"", ""Harold Azuara"", ""Agust\u00edn Arana"", ""Yuriria del Valle"", ""Karla Rico"", ""Jorge Gidi""]","[""Ihtzi Hurtado""]",[],2023-09-21,/9GuvODahvuFqdhuZ16aBLR4UJoP.jpg,8.551,306,7.5942,en,2026-04-02T18:23:43.027548
454639,Masters of the Universe,Masters of the Universe,"After being separated for 15 years, the Sword of Power leads Prince Adam back to Eternia, where he discovers his home shattered under the fiendish rule of Skeletor. To save his family and his world, Adam must join forces with his closest allies, Teela and Duncan/Man-At-Arms, and embrace his true destiny as He-Man — the most powerful man in the universe.","[""Action"", ""Fantasy"", ""Science Fiction""]","[""Nicholas Galitzine"", ""Camila Mendes"", ""Alison Brie"", ""Idris Elba"", ""Jared Leto"", ""Sam C. Wilson"", ""Haf\u00fe\u00f3r J\u00fal\u00edus Bj\u00f6rnsson"", ""Kojo Attah""]","[""Travis Knight""]","[""skeleton"", ""superhero"", ""alien planet"", ""based on toy"", ""super power"", ""sword and planet"", ""sword and sorcery""]",2026-06-03,/nm2ianYVp7OXElUZVeeAbNTqBLr.jpg,0.0,0,11.1856,en,2026-04-02T18:23:43.418313
102382,The Amazing Spider-Man 2,The Amazing Spider-Man 2,"For Peter Parker, life is busy. Between taking out the bad guys as Spider-Man and spending time with the person he loves, Gwen Stacy, high school graduation cannot come quickly enough. Peter has not forgotten about the promise he made to Gwen’s father to protect her by staying away, but that is a promise he cannot keep. Things will change for Peter when a new villain, Electro, emerges, an old friend, Harry Osborn, returns, and Peter uncovers new clues about his past.","[""Action"", ""Adventure"", ""Science Fiction""]","[""Andrew Garfield"", ""Emma Stone"", ""Jamie Foxx"", ""Dane DeHaan"", ""Colm Feore"", ""Felicity Jones"", ""Paul Giamatti"", ""Sally Field""]","[""Marc Webb""]","[""experiment"", ""obsession"", ""secret identity"", ""superhero"", ""based on comic"", ""sequel"", ""electrocution"", ""super power"", ""masked superhero"", ""teen superhero""]",2014-04-16,/bU7nTmvmy0h3VUP01v1T2imgH6N.jpg,6.529,14089,23.1468,en,2026-04-02T18:23:43.877059
645105,Ciao UFO,再見UFO,"Wah Fu Estate in Aberdeen is the home of many urban legends, but few were as outlandish as the one that happened in the 1980s: One night, residents turned their heads to the sky and saw a giant UFO hovering above them for five minutes. No one else could prove or explain the odd phenomenon, but it becomes the pivotal event for three young people in this long-awaited return to form for director Patrick Leung (La Brassiere, Simply Actors). This charming sci-fi comedy also marks the reunion of Tsui Tien-you, Wong Younam and Charlene Choi, who co-starred in 2002 teen comedy hit Summer Breeze of Love.","[""Drama""]","[""Chui Tien-You"", ""Wong Yau-Nam"", ""Charlene Choi Chuek-Yin"", ""Michelle Wai Si-Nga"", ""Ng Siu-Hin"", ""Rachel Leung"", ""Joey Leung Cho-Yiu"", ""Michael Ning""]","[""Patrick Leung Pak-Kin""]",[],2025-12-25,/qIrbprGedVYaL9lXvcsFzVgq31U.jpg,8.0,3,1.7409,cn,2026-04-02T18:23:44.306858
679919,Acharya,ఆచార్య,"Acharya, a middle-aged Naxalite-turned-social reformer, launches a fight against the Endowments Department over misappropriation and embezzlement of temple funds and donations.","[""Action"", ""Drama""]","[""Chiranjeevi"", ""Ram Charan"", ""Sonu Sood"", ""Jisshu Sengupta"", ""Ajay"", ""Nassar"", ""Pooja Hegde"", ""Tanikella Bharani""]","[""Koratala Siva""]",[],2022-04-29,/hVgTZdg25d8RN2hIHbqSTijdeX1.jpg,4.1,22,1.5531,te,2026-04-02T18:23:44.781880
1083381,Backrooms,Backrooms,A strange doorway appears in the basement of a furniture showroom.,"[""Horror"", ""Mystery"", ""Science Fiction""]","[""Chiwetel Ejiofor"", ""Renate Reinsve"", ""Mark Duplass"", ""Finn Bennett"", ""Lukita Maxwell"", ""Avan Jogia"", ""Philip Granger"", ""Chelah Horsdal""]","[""Kane Parsons""]","[""monster"", ""found footage"", ""1990s"", ""other dimension"", ""based on web series"", ""liminal"", ""liminal space"", ""analog horror"", ""sci-fi horror"", ""backrooms""]",2026-05-27,/5jk9d9Hx5TbHhrewfZdubmkLSKj.jpg,0.0,0,19.9047,en,2026-04-02T18:23:45.223484
1511417,Bāhubali: The Epic,Bāhubali: The Epic,"When a mysterious child is found by a tribal couple near a roaring waterfall, they raise him as their own. As he grows, Sivudu is drawn to the world beyond the cliffs, where he discovers the ancient kingdom of Mahishmati, ruled by a cruel tyrant, haunted by rebellion, and bound to his past. What begins as a quest for love soon unravels a legacy of betrayal, sacrifice, and a forgotten prince.","[""Action"", ""Drama""]","[""Prabhas"", ""Rana Daggubati"", ""Anushka Shetty"", ""Ramya Krishnan"", ""Sathyaraj"", ""Nassar"", ""Subbaraju"", ""Tamannaah Bhatia""]","[""S. S. Rajamouli""]","[""affectation"", ""flashback"", ""revenge"", ""alternate history"", ""historical fiction"", ""fratricide"", ""ancient india"", ""regicide"", ""multi generational"", ""absurd"", ""hindu shiva"", ""multiple timelines"", ""remastered"", ""epic film"", ""director's cut""]",2025-10-29,/z9YIo2qscyaXYgRqIdRJtND3bw8.jpg,6.0,34,33.6291,te,2026-04-02T18:23:45.498351
1189885,The Morrigan,The Morrigan,"Follows an archaeologist who travels to Ireland to uncover a long-dead tomb. A threat is released and she will have to fight to keep her teenage daughter from falling under the control of The Morrigan, a vengeful ""Pagan War Goddess.""","[""Horror""]","[""Saffron Burrows"", ""James Cosmo"", ""Emily Flain"", ""Art Parkinson"", ""Jonathan Forbes"", ""Michael Shea"", ""Sean Kearns"", ""Nigel O'Neill""]","[""Colum Eastwood""]","[""goddess"", ""irish folklore"", ""pagan myth""]",2026-04-09,/ahnhXyjd26ducr4V05hDAzLPyB5.jpg,0.0,0,1.4611,en,2026-04-02T18:23:45.892978
