tmdb_id,title,original_title,overview,tagline,genres,actors,directors,writers,keywords,release_date,certification,runtime,vote_average,vote_count,popularity,poster_path,backdrop_path,original_language,status,budget,revenue,similar_movies,last_updated
1511417,Bāhubali: The Epic,Bāhubali: The Epic,"When a mysterious child is found by a tribal couple near a roaring waterfall, they raise him as their own. As he grows, Sivudu is drawn to the world beyond the cliffs, where he discovers the ancient kingdom of Mahishmati, ruled by a cruel tyrant, haunted by rebellion, and bound to his past. What begins as a quest for love soon unravels a legacy of betrayal, sacrifice, and a forgotten prince.",,"['Action', 'Drama']","['Prabhas', 'Rana Daggubati', 'Anushka Shetty', 'Ramya Krishnan', 'Sathyaraj', 'Nassar', 'Subbaraju', 'Tamannaah Bhatia']",['S. S. Rajamouli'],"['S. S. Rajamouli', 'Madhan Karky', 'Deva Katta', 'Vijayendra Prasad', 'Rahul Koda']","['affectation', 'flashback', 'revenge', 'alternate history', 'historical fiction', 'fratricide', 'ancient india', 'regicide', 'multi generational', 'absurd', 'hindu shiva', 'multiple timelines', 'remastered', 'epic film', ""director's cut""]",2025-10-29,U/A 16+,224,6.0,34,35.9361,/z9YIo2qscyaXYgRqIdRJtND3bw8.jpg,/wCwZ4ljSsWyZyTiyk1tGQtBHTDx.jpg,te,Released,65000000,3500000,"[{'id': 961268, 'title': 'Ballerina', 'poster_path': '/oE7xtGDqZnr7tFHfwb8oM9iRW6H.jpg'}, {'id': 2378, 'title': 'The Island of Thirty Coffins', 'poster_path': '/yHYx4ClWbx6g7pYCMW1gb32dCEd.jpg'}, {'id': 2487, 'title': 'Lady Snowblood', 'poster_path': '/wkcbaqCoYEXDUnSQ6NTnB2C7H05.jpg'}, {'id': 2501, 'title': 'The Bourne Identity', 'poster_path': '/aP8swke3gmowbkfZ6lmNidu0y9p.jpg'}, {'id': 2503, 'title': 'The Bourne Ultimatum', 'poster_path': '/15rMz5MRXFp7CP4VxhjYw4y0FUn.jpg'}]",2026-04-01T12:32:03.337788
256040,Bāhubali: The Beginning,బాహుబలి:ద బిగినింగ్,"The young Shivudu is left as a foundling in a small village by his mother. By the time he’s grown up, it has become apparent that he possesses exceptional gifts. He meets the beautiful warrior princess Avanthika and learns that her queen has been held captive for the last 25 years. Shividu sets off to rescue her, discovering his own origins in the process.",,"['Action', 'Drama']","['Prabhas', 'Rana Daggubati', 'Tamannaah Bhatia', 'Anushka Shetty', 'Ramya Krishnan', 'Nassar', 'Sathyaraj', 'Prabhakar']",['S. S. Rajamouli'],"['S. S. Rajamouli', 'Vijayendra Prasad', 'Rahul Koda']","['kingdom', 'medieval india', 'ancient india', 'bilingual']",2015-07-10,UA,159,7.522,912,7.058,/9BAjt8nSSms62uOVYn1t3C3dVto.jpg,/e9ZEuHGHZ06AToHlfN1L7nejJ7W.jpg,te,Released,25130430,90747520,"[{'id': 2702, 'title': 'Earth and Ashes', 'poster_path': '/rDY9qA72g7D9XkcxlllHMq4gIMX.jpg'}, {'id': 2576, 'title': 'The Diary of Anne Frank', 'poster_path': '/i7kUdUAF9eTxQG7GdR6lKUK96En.jpg'}, {'id': 426042, 'title': 'Drei Tage auf Leben und Tod - Aus dem Logbuch der U.C.1', 'poster_path': None}, {'id': 599925, 'title': 'Shershaah', 'poster_path': '/2PToC5l3pFi3yotQy2VJshvk40y.jpg'}, {'id': 426210, 'title': 'Over Dinner', 'poster_path': None}]",2026-04-01T12:32:04.053962
1022453,The Rajasaab,ది రాజాసాబ్,"Seeking his lost grandfather, a young man enters a haunted mansion and awakens a family curse powerful enough to upend both his life and reality.",,"['Comedy', 'Horror', 'Fantasy']","['Prabhas', 'Sanjay Dutt', 'Zarina Wahab', 'Nidhhi Agerwal', 'Malavika Mohanan', 'Riddhi Kumar', 'Boman Irani', 'Samuthirakani']",['Maruthi Dasari'],['Maruthi Dasari'],"['haunted house', 'hypnosis', 'musical', 'romcom', 'ancient curse', 'grandfather grandson relationship', 'supernatural horror', 'mysterious disappearance', 'absurd', 'horror romance', 'romantic fantasy', 'ambiguous', 'cliché', 'self hypnosis', 'comedy horror']",2026-01-08,U/A 16+,186,5.185,27,6.6867,/nvK6gYa4diCnQkDVN42uoYXPrdT.jpg,/kCwmLYy9ZMto1eMH8BI9KcVVIH2.jpg,te,Released,50000000,21000000,"[{'id': 1323488, 'title': 'Let Us Descend', 'poster_path': '/e1eFvCgdqmlRffGbiuMUOnSoSI3.jpg'}, {'id': 1323625, 'title': 'Night Patrol', 'poster_path': '/rNqLzACU9ez2ehDalTFDPjZiC4G.jpg'}, {'id': 16618, 'title': 'Hans Christian Andersen', 'poster_path': '/auHA8xsD452GDCY2KdHGgYPmDPf.jpg'}, {'id': 16633, 'title': 'Somewhere in Time', 'poster_path': '/hmdegiSwVYUNvEfihaE3HRM3Sos.jpg'}, {'id': 961801, 'title': 'Erhöhte Waldbrandgefahr', 'poster_path': None}]",2026-04-01T12:32:04.764163
579974,RRR,రౌద్రం రణం రుధిరం,A fictional history of two legendary revolutionaries' journey away from home before they began fighting for their country in the 1920s.,"Rise, Roar, Revolt.","['Action', 'Adventure', 'Drama']","['N.T. Rama Rao Jr.', 'Ram Charan', 'Olivia Morris', 'Ray Stevenson', 'Alison Doody', 'Ajay Devgn', 'Alia Bhatt', 'Samuthirakani']",['S. S. Rajamouli'],"['Vijayendra Prasad', 'S. S. Rajamouli']","['rescue', 'revolution', 'liberation', 'slavery', 'male friendship', 'freedom fighter', 'british empire', 'interracial romance', 'historical fiction', 'period drama', 'historical', '1920s', 'history of india', 'killed in action', 'war']",2022-03-24,UA,187,7.725,1560,6.0589,/u0XUBNQWlOvrh0Gd97ARGpIkL0.jpg,/i0Y0wP8H6SRgjr6QmuwbtQbS24D.jpg,te,Released,69000000,160000000,"[{'id': 425054, 'title': 'Stories from the Sahrawi war', 'poster_path': None}, {'id': 774370, 'title': 'Dog Man', 'poster_path': '/89wNiexZdvLQ41OQWIsQy4O6jAQ.jpg'}, {'id': 1577, 'title': 'Resident Evil: Apocalypse', 'poster_path': '/way9dOm4dM2sm9UMcu2PEXMTX0q.jpg'}, {'id': 1579, 'title': 'Apocalypto', 'poster_path': '/cRY25Q32kDNPFDkFkxAs6bgCq3L.jpg'}, {'id': 1585, 'title': ""It's a Wonderful Life"", 'poster_path': '/bSqt9rhDZx1Q7UZ86dBPKdNomp2.jpg'}]",2026-04-01T12:32:05.475162
770906,Salaar: Part 1 - Ceasefire,సలార్: పార్ట్‌ 1 – సీజ్‌ఫైర్‌,"Set in the fictional dystopian city-state of Khansaar, the film follows the friendship between Deva, a tribesman, and Varadha, the prince of Khansaar. When a coup d'état is planned by his father's ministers and his relatives, Varadha enlists Deva's help to become Khansaar's undisputed ruler.",THE MOST VIOLENT MEN... CALLED ONE MAN... THE MOST VIOLENT,"['Action', 'Crime', 'Drama']","['Prabhas', 'Prithviraj Sukumaran', 'Shruti Haasan', 'Easwari Rao', 'Jagapati Babu', 'Bobby Simha', 'Sriya Reddy', 'Ramachandra Raju']",['Prashanth Neel'],['Prashanth Neel'],"['drama', 'action', 'salaar']",2023-12-21,A,175,6.684,106,5.5283,/nlu9WbcetNFRGXXPWITr30ob7W6.jpg,/xtOCTmGemASooRkAxRorYODig1p.jpg,te,Released,34000000,87229100,"[{'id': 1492344, 'title': 'Skins: Fire', 'poster_path': '/jFGgGCjvk7VcFPY2gmWVJBNYXGP.jpg'}, {'id': 1311264, 'title': 'Needle Theory', 'poster_path': '/l8B3KJPvJxU4mErYntfHSJFF3cN.jpg'}, {'id': 1311449, 'title': 'Notifiée', 'poster_path': '/akWmvIFFaPOXi4kULDkE35HXmiG.jpg'}, {'id': 3425, 'title': 'A Simple Story', 'poster_path': '/2OyRQunGqWBMcBDjT4s0nFXFXsh.jpg'}, {'id': 255496, 'title': 'And Then There Was You', 'poster_path': '/wmtmesMvTPVz21HgTuijZhrYLyJ.jpg'}]",2026-04-01T12:32:06.185824
811941,Devara: Part 1,Devara: Part 1,"Devara, a fearless man from a coastal region, embarks on a perilous journey into the treacherous world of the sea to safeguard the lives of his people. Unbeknownst to him, his brother Bhaira is plotting a conspiracy against him. As events unfold, Devara passes on his legacy to his mild-mannered and timid son, Varada.",When courage turns into a Disease... Fear is the only cure,"['Action', 'Drama']","['N.T. Rama Rao Jr.', 'Saif Ali Khan', 'Prakash Raj', 'Srikanth', 'Kalaiyarasan', 'Shruti Marathe', 'Janhvi Kapoor', 'Shine Tom Chacko']",['Koratala Siva'],['Koratala Siva'],"['sea', 'ship', 'red sea', 'boat', 'fear', 'battle', 'unassuming', 'swords', 'ships', 'violence', 'boats']",2024-09-26,UA,175,6.9,212,5.4541,/lQfuaXjANoTsdx5iS0gCXlK9D2L.jpg,/hAQnXxOwCjgYcKRgTdYPRC8neqL.jpg,te,Released,31764000,54216867,"[{'id': 1323551, 'title': 'Flight', 'poster_path': '/y2cH7CnSVkSOkuhMRPGejlYc22l.jpg'}, {'id': 1153988, 'title': 'Slipway', 'poster_path': None}, {'id': 3513, 'title': 'Legionnaire', 'poster_path': '/vHezb1DIEB3DyBx9gp914y03yAG.jpg'}, {'id': 3764, 'title': 'The Naked Island', 'poster_path': '/rHpQyPBuFyofx5D5UC95ec2sFgV.jpg'}, {'id': 1493343, 'title': 'Billy Boy', 'poster_path': '/zhtjs3vLCLibok5aev5EtxSjvbT.jpg'}]",2026-04-01T12:32:06.906777
801688,Kalki 2898-AD,కల్కి 2898-ఎ.డి,"In the year 2898 AD, around 6000 years after Kurukshetra war, Ashwatthama gears up for his final battle of redemption at the sign of hope in a dystopian world and Bhairava, a wisecracking and self-interested bounty hunter, tired of the perilous life becomes the hurdle in the process.","When the world is taken over by darkness, a new force will arise.","['Drama', 'Action', 'Fantasy', 'Science Fiction']","['Amitabh Bachchan', 'Prabhas', 'Deepika Padukone', 'Kamal Haasan', 'Saswata Chatterjee', 'Shobana', 'Rajendra Prasad', 'Pasupathy']",['Nag Ashwin'],"['Nag Ashwin', 'Nag Ashwin']","['rebellion', 'hero', 'temple', 'dystopia', 'villain', 'desert', 'religious statue', 'futuristic society', 'quest', 'imperialism', 'ancient temple', 'indian folklore', 'evil empire', 'fantasy', 'indian gods']",2024-06-26,UA,176,6.429,169,4.2641,/rstcAnBeCkxNQjNp3YXrF6IP1tW.jpg,/o8XSR1SONnjcsv84NRu6Mwsl5io.jpg,te,Released,75000000,141000000,"[{'id': 3418, 'title': 'Death Watch', 'poster_path': '/wSuvftmbs0fInDe69u8yDUtElsp.jpg'}, {'id': 600052, 'title': 'Cool Young', 'poster_path': '/oleLW1xKKs0L320egnxTAkAnmHB.jpg'}, {'id': 2964, 'title': 'A Trip to Mars', 'poster_path': '/41OY4EAtbxzTAWe13lzJSUlfi2U.jpg'}, {'id': 3009, 'title': 'The Trial', 'poster_path': '/4qDUe5HqB8pXNplSBlsoyVjNP3r.jpg'}, {'id': 2657, 'title': 'Pleasantville', 'poster_path': '/m1hhYP6OScjKU5Z9iZaWirSn4I6.jpg'}]",2026-04-01T12:32:07.645656
350312,Bāhubali 2: The Conclusion,బాహుబలి 2: ది కన్ క్లూజన్,"When Mahendra, the son of Bāhubali, learns about his heritage, he begins to look for answers. His story is juxtaposed with past events that unfolded in the Mahishmati Kingdom.",,"['Action', 'Adventure', 'Fantasy']","['Prabhas', 'Rana Daggubati', 'Anushka Shetty', 'Sathyaraj', 'Nassar', 'Ramya Krishnan', 'Subbaraju', 'Tamannaah Bhatia']",['S. S. Rajamouli'],"['S. S. Rajamouli', 'Vijayendra Prasad', 'Rahul Koda']","['kingdom', 'bilingual']",2017-04-27,UA,167,7.454,837,4.1077,/21sC2assImQIYCEDA84Qh9d1RsK.jpg,/whNjsTOUVg2lZLCKgGhnACnmV8E.jpg,te,Released,31000000,280700000,"[{'id': 2486, 'title': 'Eragon', 'poster_path': '/mNu6QLUnKqPIjRA3pgEb5dkJye6.jpg'}, {'id': 9837, 'title': 'The Prince of Egypt', 'poster_path': '/2xUjYwL6Ol7TLJPPKs7sYW5PWLX.jpg'}, {'id': 10196, 'title': 'The Last Airbender', 'poster_path': '/kl9JJ8288bNsY8oqT1SpQh1w2mb.jpg'}, {'id': 10144, 'title': 'The Little Mermaid', 'poster_path': '/plcZXvI310FkbwIptvd6rqk63LP.jpg'}, {'id': 10372, 'title': 'Ewoks: The Battle for Endor', 'poster_path': '/ntgKdekb7xMKscyh2Hei706LBLf.jpg'}]",2026-04-01T12:32:08.361544
1068452,Hi Nanna,హాయ్ నాన్న,"Six-year-old Mahi, a spirited child with cystic fibrosis, shares a deep yet complex bond with her father, Viraj, a dedicated single parent and successful fashion photographer. Her curiosity about her absent mother leads to a journey of discovery when she runs away with her loyal dog, Pluto. A chance encounter with a kind woman named Yashna sparks unexpected revelations, intertwining their lives in ways they never anticipated. Set against a backdrop of love, sacrifice, and redemption, Mahi’s story is a heartfelt exploration of family, resilience, and the enduring power of connection.",,"['Drama', 'Family', 'Romance']","['Nani', 'Mrunal Thakur', 'Baby Kiara Khanna', 'Jayaram', 'Shilpa Tulaskar', 'Priyadarshi Pullikonda', 'Angad Bedi', 'Viraj Ashwin']",['Shouryuv'],['Shouryuv'],[],2023-12-07,U,155,7.798,62,3.8726,/hhMLtq9m1aK0dpY9Wcq26XeDH2z.jpg,/2vxKa3gMHc84O1iHRkslqeHSsxE.jpg,te,Released,7819000,9184966,[],2026-04-01T12:32:09.088501
94965,Okkadu,ఒక్కడు,"Ajay, a fiery Kabaddi player from Hyderabad, visits Kurnool for a tournament and rescues Swapna from a faction leader Obul Reddy, who wants to force her into marriage. He secretly hides her in his home and assists her in planning her escape abroad for her higher studies. But, fate has other plans.",,"['Action', 'Drama', 'Romance']","['Mahesh Babu', 'Bhumika Chawla', 'Prakash Raj', 'Mukesh Rishi', 'Geetha', 'Chandramohan', 'Ajay', 'Dharmavarupu Subramanyam']",['Gunasekhar'],['Gunasekhar'],"['rescue', 'police', 'sports', 'kidnapping', 'rivalry', 'tension', 'tournament', 'falling in love', 'tough guy', 'faction', 'escape plan', 'manhunt', 'kabaddi', 'father son relationship', 'brother sister relationship']",2003-01-15,U,170,7.643,42,3.7316,/anRD9xypdejFlbp0f3eQrSDUtbi.jpg,/bB65WB9fVXWItfab4M5PFbp5jtI.jpg,te,Released,0,4693170,"[{'id': 1309923, 'title': 'Non Negotiable', 'poster_path': '/bHQG4UsLMFCy91gfLAFRpnCOPdP.jpg'}, {'id': 425249, 'title': 'A Loser', 'poster_path': '/iDkGIjVTtbFQP23DjuXny4iBoNU.jpg'}, {'id': 1577, 'title': 'Resident Evil: Apocalypse', 'poster_path': '/way9dOm4dM2sm9UMcu2PEXMTX0q.jpg'}, {'id': 1578, 'title': 'Raging Bull', 'poster_path': '/1WV7WlTS8LI1L5NkCgjWT9GSW3O.jpg'}, {'id': 252723, 'title': 'Mercy Rule', 'poster_path': '/4Hz3xsBVAQIIjgXpFOvffwTeox8.jpg'}]",2026-04-01T12:32:09.806074
894803,Sita Ramam,సీతా రామం,"Afreen, a rebellious Pakistani student sets ablaze the car of an Indian in London. Angered Afreen returns to Pakistan to ask for money from her grandfather that she has to pay in a month's time as damages. However, she gets to know that he is no more and the only thing he has left for her is a letter-delivering task, written by Ram to Sita. As Afreen sets out to find Ram, there begins her journey of discovering the secret behind the 20-year-old letter.",,"['History', 'Romance', 'Drama']","['Dulquer Salmaan', 'Mrunal Thakur', 'Rashmika Mandanna', 'Sumanth', 'Gautham Vasudev Menon', 'Tharun Bhascker', 'Vennela Kishore', 'Shatru']",['Hanu Raghavapudi'],"['Raj Kumar Kandamudi', 'Hanu Raghavapudi', 'Hanu Raghavapudi']","['loving', 'love in war', 'pure love', 'intense', 'romantic', 'classic', 'admiring', 'awestruck', 'vibrant', 'pure heart']",2022-08-05,U,158,7.748,103,3.353,/t1O94ZBzsQXJihtVkrsStRLyUDR.jpg,/28EqsZDeEAy4VMZfrYbiyJZznKn.jpg,te,Released,3400000,11800000,"[{'id': 2428, 'title': 'The Greatest Story Ever Told', 'poster_path': '/c21ON7BZn0jwdNl6ibZ1vhXJmpy.jpg'}, {'id': 2493, 'title': 'The Princess Bride', 'poster_path': '/2FC9L9MrjBoGHYjYZjdWQdopVYb.jpg'}, {'id': 2501, 'title': 'The Bourne Identity', 'poster_path': '/aP8swke3gmowbkfZ6lmNidu0y9p.jpg'}, {'id': 2612, 'title': 'Mr. Destiny', 'poster_path': '/zlYxDFP9l1YcUnspNzuIa8KVo4N.jpg'}, {'id': 2503, 'title': 'The Bourne Ultimatum', 'poster_path': '/15rMz5MRXFp7CP4VxhjYw4y0FUn.jpg'}]",2026-04-01T12:32:10.522660
534530,Aravinda Sametha Veera Raghava,అరవింద సమేత... వీర రాఘవ,A young scion of a powerful family with a long history of violence decides to put an end to the bloodshed which leads him to a path of self discovery.,,"['Action', 'Drama']","['N.T. Rama Rao Jr.', 'Pooja Hegde', 'Jagapati Babu', 'Naveen Chandra', 'Eesha Rebba', 'Sunil Varma', 'Brahmaji', 'Shatru']",['Trivikram Srinivas'],['Trivikram Srinivas'],[],2018-10-11,UA,162,7.2,34,3.1902,/wKuOZdP0i6hlv5veDAUSBZ2mUaK.jpg,/smfECB2aVoHAPTQJ2REwUu9LMpQ.jpg,te,Released,0,0,"[{'id': 1323499, 'title': 'Self-Contained Enclosure', 'poster_path': '/uDcIw5fUlboCH6940vd6IAZ7OLS.jpg'}, {'id': 610966, 'title': 'There is no forgetting', 'poster_path': '/lLVvOGKNgSKhJcMkyUyQr6ndEMO.jpg'}, {'id': 1323488, 'title': 'Let Us Descend', 'poster_path': '/e1eFvCgdqmlRffGbiuMUOnSoSI3.jpg'}, {'id': 1323491, 'title': 'Wiseguy: Pilot', 'poster_path': '/7zawBi4LjZjZ7qnRZ8Ir0BaadZA.jpg'}, {'id': 1323493, 'title': 'Chicks with Sticks: Live in Las Vegas', 'poster_path': None}]",2026-04-01T12:32:11.232276
690957,Pushpa: The Rise,పుష్పా - The Rise,"As Pushpa, a labourer, rises in the world of red sandalwood smuggling, he ends up making many enemies. However, violence ensues when the police try to topple his illegal business.",,"['Action', 'Drama', 'Thriller']","['Allu Arjun', 'Rashmika Mandanna', 'Jagadeesh Bandari', 'Sunil Varma', 'Anasuya Bharadwaj', 'Dhananjay', 'Ajay Ghosh', 'Fahadh Faasil']",['Sukumar'],['Sukumar'],"['rags to riches', 'smugglers', 'sandalwood', 'egotistical', 'authoritarian']",2021-12-16,UA,179,6.781,178,3.0942,/80anhviEFSyLLY71JNttKkGxkpz.jpg,/jQIcn51nsvMrpB9NFwEOb9QHhFt.jpg,te,Released,17200000,45800000,"[{'id': 1579, 'title': 'Apocalypto', 'poster_path': '/cRY25Q32kDNPFDkFkxAs6bgCq3L.jpg'}, {'id': 1619, 'title': 'The Way of the Gun', 'poster_path': '/wrjMMdgn1a4ChlaBmlzKnb78nr6.jpg'}, {'id': 1712, 'title': 'Giant', 'poster_path': '/h5RRYPVVuHzd7QOJyP5Dsi8J9XZ.jpg'}, {'id': 1677, 'title': 'Ray', 'poster_path': '/tSPC7sO2XYNL9QcMmK88tuUALL5.jpg'}, {'id': 3084, 'title': 'Wuthering Heights', 'poster_path': '/pwHdSzXwlUFAcYGcFutKcPcX2OW.jpg'}]",2026-04-01T12:32:11.952328
460699,Nene Raju Nene Mantri,నేనే రాజు నేనే మంత్రి,"Nene Raju Nene Mantri is the story of Radha Jogendra and the love of his life, Radha. His whole world revolves around her and he can go to any lengths to make her happy. But what happens when such profound love takes the shape of cavernous ambition?",,"['Action', 'Romance', 'Thriller']","['Rana Daggubati', 'Kajal Aggarwal', 'Catherine Tresa', 'Navdeep', 'Ashutosh Rana', 'Ravi Joshi', 'Jayaprakash Reddy', 'Posani Krishna Murali']",['Teja'],['Teja'],"['corrupt politician', 'political satire', 'political thriller']",2017-08-11,UA,153,6.6,21,3.0756,/gn5fMSKTBweRVGGBDksAIhIhR6v.jpg,/djbk5b8UJ96yN9zUO5hafy0VXLv.jpg,te,Released,0,0,"[{'id': 2501, 'title': 'The Bourne Identity', 'poster_path': '/aP8swke3gmowbkfZ6lmNidu0y9p.jpg'}, {'id': 3085, 'title': 'His Girl Friday', 'poster_path': '/lu86Y9zTPH3neCiUzLzHCEFHf7f.jpg'}, {'id': 258037, 'title': 'Guns of Darkness', 'poster_path': '/1DFh1mL9V1a2vo6Z5FMgrusYbX4.jpg'}, {'id': 9869, 'title': 'Patriot Games', 'poster_path': '/9IT7gnszrRthduYxCLqaIkM55Un.jpg'}, {'id': 9882, 'title': 'The Siege', 'poster_path': '/gbeeWu8rYaIYMyq9ayN1AepjNxP.jpg'}]",2026-04-01T12:32:12.654285
1440700,Little Hearts,లిటిల్ హార్ట్స్,"Akhil, when failed in EAMCET exam, is forced into long-term coaching after heartbreak teaches him the difference between true and shallow love. At the center, he meets Katyayani and falls for her, only to be rejected for a strange reason. Determined not to lose her, his humorous and transformative journey to win her heart becomes the soul of the story.",,"['Comedy', 'Romance', 'Drama']","['Mouli', 'Shivani Nagaram', 'Rajiv Kanakala', 'S. S. Kanchi', 'Anitha Chowdary', 'Satya Krishnan', 'Jai Krishna', 'Nikhil Abburi']",['Sai Marthand'],['Sai Marthand'],[],2025-09-05,U/A 7+,128,6.6,14,2.6604,/qDTHRLgYTUAZimgNsmG6t2Saabz.jpg,/wN0epLoxu8pbvde68M9IZG5T8eD.jpg,te,Released,0,0,[],2026-04-01T12:32:13.372730
148265,Eega,ఈగ,"Nani is a flower decorator, madly in love with his neighbor Bindhu. He gets killed by the baddie, Sudeep, a powerful businessman. Nani comes back as a housefly to get his revenge.",The Ultimate Revenge Story.,"['Fantasy', 'Action']","['Sudeepa', 'Samantha Ruth Prabhu', 'Nani', 'Adithya Menon', 'Thagubothu Ramesh', 'Devadarshini', 'Chatrapathi Sekhar', 'Srinivasa Reddy']",['S. S. Rajamouli'],"['S. S. Rajamouli', 'Ashwin Gangaraju']","['afterlife', 'reincarnation', 'revenge', 'murder', 'torture', 'bilingual']",2012-07-05,UA,145,7.083,242,2.5037,/pX7fn4EZrg2YFlV4GNMIfHDOQZ6.jpg,/fuCfQ0D2HtNa7kRLFDkPWl87Zs9.jpg,te,Released,5990000,19450000,"[{'id': 1572, 'title': 'Die Hard: With a Vengeance', 'poster_path': '/buqmCdFQEWwEpL3agGgg2GVjN2d.jpg'}, {'id': 774417, 'title': 'Running Water', 'poster_path': '/wlsYWIwVSdtwLcBJbmaKPABQOHo.jpg'}, {'id': 1140847, 'title': ""Cinderella's Revenge"", 'poster_path': '/cYB3SHhITJSbRoisgn9QQTP8YkZ.jpg'}, {'id': 1672, 'title': 'The Professional', 'poster_path': '/dhAZ8T0tTlTNw3D7Cn8wc87sk1w.jpg'}, {'id': 1711, 'title': 'No Code of Conduct', 'poster_path': '/9Ml1UUzLvoB5BjDvwFyMVvdstiH.jpg'}]",2026-04-01T12:32:14.080624
83889,Businessman,బిజినెస్ మాన్,"Just as the cops have declared the end of Mafia in Mumbai, a man named Surya arrives in the city with the intentions of conquering it.",Guns Don't Need Agreements,"['Action', 'Crime']","['Mahesh Babu', 'Kajal Aggarwal', 'Prakash Raj', 'Sayaji Shinde', 'Nassar', 'Dharmavarupu Subramanyam', 'Mahesh Balraj', 'Ayesha Shiva']",['Puri Jagannadh'],['Puri Jagannadh'],"['corruption', 'loss of loved one', 'gangster', 'anti hero', 'murder', 'vigilante', 'organized crime', 'extortion', 'mafia', 'orphan', 'corrupt politician', 'gun violence', 'rise to power', 'political corruption', 'crime syndicate']",2012-01-13,A,133,7.178,59,2.2792,/hLF5o53irg0ZVV4ecLptkLgiTXq.jpg,/uCZgvuc1ONSoyMQ0AB5OWmprvv0.jpg,te,Released,0,10830393,"[{'id': 1579, 'title': 'Apocalypto', 'poster_path': '/cRY25Q32kDNPFDkFkxAs6bgCq3L.jpg'}, {'id': 1580, 'title': 'Rope', 'poster_path': '/9ar6rxLDB8kagAnXZKn6h9smscr.jpg'}, {'id': 1592, 'title': 'Primal Fear', 'poster_path': '/qJf2TzE8nRTFbFMPJNW6c8mI0KU.jpg'}, {'id': 1607, 'title': 'A Bronx Tale', 'poster_path': '/sDbO6LmLYtyqAoFTPpRcMgPSCEO.jpg'}, {'id': 1613, 'title': 'The 51st State', 'poster_path': '/aYlrGirWrRCTU1PF6Svghn1EMAc.jpg'}]",2026-04-01T12:32:14.785504
262227,Race Gurram,రేసుగుర్రం,"Ram and Lakshman, aka Lucky, are brothers who are polar opposites in nature. Their mother wishes to see them united.",,"['Comedy', 'Action']","['Allu Arjun', 'Shruti Haasan', 'Ravi Kishan', 'Brahmanandam', 'Shaam', 'M. S. Narayana', 'Prakash Raj', 'Jayaprakash Reddy']",['Surender Reddy'],"['Vakkantham Vamsi', 'Surender Reddy']",[],2014-04-11,UA,162,6.741,56,2.211,/oHqHsgx8lc01xrBraY4OBJtdeRn.jpg,/m4izPWHxXNg237sQm4jks9m9xxP.jpg,te,Released,0,0,[],2026-04-01T12:32:15.498361
443635,DJ: Duvvada Jagannadham,డీజే: దువ్వాడ జగన్నాథం,"A righteous young man who helps everyone gain their rightful justice, gets recruited as an undercover agent to work on a high profile case that involves a crime lord working for a corrupt minister who also happens to be the father of his romantic interest.",,"['Action', 'Comedy', 'Crime']","['Allu Arjun', 'Pooja Hegde', 'Rao Ramesh', 'Murali Sharma', 'Tanikella Bharani', 'Vennela Kishore', 'Subbaraju', 'Chandramohan']",['Harish Shankar'],"['Harish Shankar', 'Satish Vegesna', 'Ramesh Reddy']",[],2017-06-23,UA,160,5.89,59,2.1858,/okq2Q1f2alXGWQMLsCi4wXoAXt4.jpg,/8nGg7rp4lSOOfzmVN6UPQCyUkjs.jpg,te,Released,0,0,[],2026-04-01T12:32:16.213210
454292,Saaho,సాహో,"A battle for power ensues as warring gangters thrive to gain possession of a ""black box"" that can make them richer than they already are, and an undercover cop intervenes with the help of his sharp intellect and an instinct to kill.",,"['Action', 'Adventure', 'Thriller']","['Prabhas', 'Shraddha Kapoor', 'Neil Nitin Mukesh', 'Chunky Panday', 'Mandira Bedi', 'Arun Vijay', 'Murali Sharma', 'Jackie Shroff']",['Sujeeth'],"['Sujeeth', 'Sujeeth']","['truck', 'gunfight', 'motorcycle chase', 'action hero', 'sujeeth cinematic universe']",2019-08-29,U/A 13+,171,5.759,110,2.1855,/abjWQwUakmBUecf73jiZDx5iex0.jpg,/svYKd14P9i3Ai7F0tRl3WNwjRa1.jpg,te,Released,51000000,55000000,"[{'id': 2501, 'title': 'The Bourne Identity', 'poster_path': '/aP8swke3gmowbkfZ6lmNidu0y9p.jpg'}, {'id': 2503, 'title': 'The Bourne Ultimatum', 'poster_path': '/15rMz5MRXFp7CP4VxhjYw4y0FUn.jpg'}, {'id': 3559, 'title': 'The Tube', 'poster_path': '/k3c0RHScu4HnqINZ9Xlzff0adBq.jpg'}, {'id': 2989, 'title': 'Roar', 'poster_path': '/oN7FZe6qNAAb46MpgbIyua8fJy7.jpg'}, {'id': 2671, 'title': 'Ring', 'poster_path': '/1YINof6kN5yRdePEbcU5360ejoq.jpg'}]",2026-04-01T12:32:16.955718
857598,Pushpa 2 - The Rule,పుష్పా 2 - The Rule,"As his smuggling empire grows, a brazen Pushpa longs for power and respect on his vengeful journey, while facing old rivals and new.",The rule begins.,"['Action', 'Drama', 'Thriller', 'Crime']","['Allu Arjun', 'Rashmika Mandanna', 'Fahadh Faasil', 'Jagadeesh Bandari', 'Rao Ramesh', 'Sunil Varma', 'Anasuya Bharadwaj', 'Ajay']",['Sukumar'],"['Sukumar', 'Sukumar', 'Vemareddi Thummallapalli']","['sequel', 'ego clash']",2024-12-04,U/A 16+,201,6.345,132,2.1569,/bhxZj3y59cK7JtGdV285dhDRaMe.jpg,/keC82cQ8q0ZHthrbvzWq04kGnbv.jpg,te,Released,52900000,219000000,"[{'id': 2503, 'title': 'The Bourne Ultimatum', 'poster_path': '/15rMz5MRXFp7CP4VxhjYw4y0FUn.jpg'}, {'id': 1310969, 'title': 'Kalki 2898-AD: Part 2', 'poster_path': '/jFkZXnKCYJYFtx2D5dcspjgoZdD.jpg'}, {'id': 1311031, 'title': 'Demon Slayer: Kimetsu no Yaiba Infinity Castle', 'poster_path': '/fWVSwgjpT2D78VUh6X8UBd2rorW.jpg'}, {'id': 3107, 'title': 'Destroy All Monsters', 'poster_path': '/24r1hsRisfUidwLF67J0iMuWh7p.jpg'}, {'id': 3115, 'title': 'Ebirah, Horror of the Deep', 'poster_path': '/rYGsvMKjIBU5CAQrfHOv9xIfYhn.jpg'}]",2026-04-01T12:32:17.725337
540468,Geetha Govindam,గీత గోవిందం,"Vijay Govind, a young college lecturer who dreams of marriage falls for Geetha, a level-headed woman who's wary of strangers and isn't easy to convince. While things seem to go smoothly, Vijay makes a terrible mistake which not only derails any hope for his love story, but also potential repercussions with his family.",,['Romance'],"['Vijay Deverakonda', 'Rashmika Mandanna', 'Vennela Kishore', 'Subbaraju', 'Rahul Ramakrishna', 'Annapoorna', 'Giri Babu', 'Ravi Prakash']",['Parasuram Petla'],['Parasuram Petla'],[],2018-08-15,UA,148,7.0,79,2.1564,/sTreb0ajewXqeIqAyZ0IWtafoB5.jpg,/2pJ9xW1mA7zRfrg9On9e8AekrQM.jpg,te,Released,0,0,[],2026-04-01T12:32:18.437643
1171101,Kuberaa,కుబేర,"A ruthless billionaire, Neeraj, uses beggars as benamis to launder money, with the help of a disgraced civil submit servant, Deepak. One of the beggars, Deva, escapes with ₹10,000 crores and becomes the target of a deadly manhunt. He meets Sameera, who joins him in his mission to use the money to uplift society's poor. With Deepak's help, Deva fights back.",,"['Crime', 'Thriller', 'Drama']","['Dhanush', 'Nagarjuna Akkineni', 'Jim Sarbh', 'Rashmika Mandanna', 'K. Bhagyaraj', 'Dalip Tahil', 'Sunaina', 'Shravani']",['Sekhar Kammula'],"['Sekhar Kammula', 'Chaitanya Pingali']","['rags to riches', 'political thriller']",2025-06-19,U/A 13+,185,6.9,18,2.1416,/xjLC5DeA4FQTBv4xe8r3wYqh8lu.jpg,/nbyTX77u3qELm9DYPgYfva7vAwj.jpg,te,Released,13835950,0,"[{'id': 1619, 'title': 'The Way of the Gun', 'poster_path': '/wrjMMdgn1a4ChlaBmlzKnb78nr6.jpg'}, {'id': 1669, 'title': 'The Hunt for Red October', 'poster_path': '/yVl7zidse4KiWtGMqHFtZCx4X3N.jpg'}, {'id': 1712, 'title': 'Giant', 'poster_path': '/h5RRYPVVuHzd7QOJyP5Dsi8J9XZ.jpg'}, {'id': 1677, 'title': 'Ray', 'poster_path': '/tSPC7sO2XYNL9QcMmK88tuUALL5.jpg'}, {'id': 3084, 'title': 'Wuthering Heights', 'poster_path': '/pwHdSzXwlUFAcYGcFutKcPcX2OW.jpg'}]",2026-04-01T12:32:19.216856
628241,Ala Vaikunthapurramuloo,అల వైకుంఠపురములో,"After growing up enduring criticism from his father, a young man finds his world shaken upon learning he was switched at birth with a millionaire's son.",,"['Action', 'Comedy', 'Drama', 'Family']","['Allu Arjun', 'Pooja Hegde', 'Murali Sharma', 'Jayaram', 'Sushanth', 'Samuthirakani', 'Tabu', 'Rajendra Prasad']",['Trivikram Srinivas'],['Trivikram Srinivas'],"['coma', 'exchange', 'hospital', 'class differences', 'rich', 'neglected child', 'poor', 'child exchange']",2020-01-12,UA,165,6.567,105,2.1265,/goVGxWzvxs8oMNJ1Zc0QmfJlIzs.jpg,/5SDMPORslLXaYPx7S1kRqsBJYI3.jpg,te,Released,11450000,34000000,"[{'id': 252725, 'title': 'The First 36 Hours of Dr. Durant', 'poster_path': '/zNt0D4iMQQRNXPPtRtOEHSzfzrx.jpg'}, {'id': 252726, 'title': 'The Family Nobody Wanted', 'poster_path': '/d99je2CuMMLMpOl3wvXjCOnryjd.jpg'}, {'id': 1597, 'title': 'Meet the Parents', 'poster_path': '/5tXJ9ctuyEOMUFLaeqRisbXowWs.jpg'}, {'id': 1694, 'title': 'Re-Animator', 'poster_path': '/1hY6AUl92cL9GdZx031UWFiGETt.jpg'}, {'id': 1852, 'title': 'World Trade Center', 'poster_path': '/bfTiVc8kxq8uRXeblV3Ct35APGu.jpg'}]",2026-04-01T12:32:19.946607
811944,Game Changer,గేమ్‌ ఛేంజర్‌,"Ram, a newly appointed district collector, takes charge in a city in Andhra Pradesh and immediately confronts the deeply entrenched corruption and inefficiency plaguing the government. Determined to bring reforms, he initiates sweeping changes, sparking a fierce conflict with a powerful state Minister.",The game is about to change!,"['Action', 'Drama']","['Ram Charan', 'Anjali', 'Kiara Advani', 'S. J. Suryah', 'Srikanth', 'Jayaram', 'Samuthirakani', 'Sunil Varma']",['Shankar'],"['Karthik Subbaraj', 'Vivek', 'Shankar']","['bureaucrat', 'anti-corruption']",2025-01-09,U/A 13+,164,4.7,24,2.1034,/qtOGsZoLW7QceqKmsOy5nSM6Aik.jpg,/aBw406SvghTKV6CTK9t84Bo9Xik.jpg,te,Released,47000000,21915000,"[{'id': 3782, 'title': 'Ikiru', 'poster_path': '/dgNTS4EQDDVfkzJI5msKuHu2Ei3.jpg'}, {'id': 5491, 'title': 'Battlefield Earth', 'poster_path': '/wXCRuBHdJ5aTFQdsuGJFXNdo79T.jpg'}, {'id': 24049, 'title': 'Sivaji: The Boss', 'poster_path': '/yBvsYnhrrTs1ZgHQNQTSdVA6uo8.jpg'}, {'id': 1557075, 'title': 'Lanchavatharam', 'poster_path': '/1nH3nZUPsRQ51bMU8LbsWoi7sV1.jpg'}, {'id': 82776, 'title': 'The Minister and Me', 'poster_path': '/77sTJrC54qXyHxRTuaSDvpPlQHb.jpg'}]",2026-04-01T12:32:20.659747
23790,Magadheera,మగధీర,"A street-bike racer chances upon a woman and is struck by visions of a past life where they were both star-crossed lovers in a war-ridden kingdom 400 years ago, while the reincarnation of his romantic rival emerges with murderous intent.",,['Action'],"['Ram Charan', 'Kajal Aggarwal', 'Dev Gill', 'Srihari', 'Sunil Varma', 'Surya Bhagawan Das', 'Chatrapathi Sekhar', 'Sarath Babu']",['S. S. Rajamouli'],"['Vijayendra Prasad', 'S. S. Rajamouli', 'Vijayendra Prasad', 'S. S. Rajamouli']","['warrior', 'love story', 'blockbuster', 'reincarnated lovers']",2009-07-31,A,164,7.2,140,2.0423,/xK7MEV56GF291VG0U5XnVJuvNv3.jpg,/p2SvjtejMgiBDCLL3ugOmCxk3sY.jpg,te,Released,4583500,15278500,"[{'id': 5470, 'title': 'Beowulf', 'poster_path': '/ktX5naCHfERaoDVaCUOITPIFrFd.jpg'}, {'id': 9823, 'title': 'Mortal Kombat: Annihilation', 'poster_path': '/ttryglcY2osWZE3sRYBf3ewTZsW.jpg'}, {'id': 10610, 'title': 'The Medallion', 'poster_path': '/lbjFWKfe8WdS8Pj6WVPlyEKeVEo.jpg'}, {'id': 9610, 'title': 'Conan the Destroyer', 'poster_path': '/m5i7S46DT1ESy7URkh2l92awGRr.jpg'}, {'id': 9626, 'title': 'Red Sonja', 'poster_path': '/83v0W5cCSFsWpI0cAj8DRlihySN.jpg'}]",2026-04-01T12:32:21.384193
868660,Guntur Kaaram,గుంటూరు కారం,"Years after his mother left him and remarried, Ramana is asked to sign documents denying any relations with his mother, but he refuses and demands answer to why his mother left him.",Highly Inflammable,"['Action', 'Drama']","['Mahesh Babu', 'Sreeleela', 'Ramya Krishnan', 'Prakash Raj', 'Jayaram', 'Rao Ramesh', 'Murali Sharma', 'Vennela Kishore']",['Trivikram Srinivas'],['Trivikram Srinivas'],"['sacrifice', 'redemption', 'betrayal', 'political intrigue\xa0', 'wrongful conviction', 'mother son relationship', 'mother son estrangement']",2024-01-11,UA,156,5.7,27,2.0351,/qvBt4YLy274ZmoMAfVlwmHkjVkq.jpg,/pRb9zpNXH1u6Fd4Da9H8PaIDwoY.jpg,te,Released,24066000,20687449,"[{'id': 599960, 'title': 'French Exit', 'poster_path': '/l5iZuQr62YCs72AZ9P3HwApowaC.jpg'}, {'id': 2898, 'title': 'As Good as It Gets', 'poster_path': '/xXxuJPNUDZ0vjsAXca0O5p3leVB.jpg'}, {'id': 426251, 'title': 'Love After Love', 'poster_path': '/oiJkS8iRnKRfCmdz7aPMdtjsmHt.jpg'}, {'id': 254026, 'title': 'Rapine', 'poster_path': '/qYU3NgQeEybhlk61ehQ02nMQCRM.jpg'}, {'id': 3132, 'title': 'Bad Company', 'poster_path': '/umu141mcfIEhRLgyQp7TWlGJFW.jpg'}]",2026-04-01T12:32:22.104075
37172,Athadu,అతడు,"A hitman, Nandu, is hired to stage the assassination of a politician. However, when the politician is actually killed and Nandu is framed for the murder, he assumes a dead man's identity to evade the law.",WANTED,"['Action', 'Thriller', 'Family']","['Mahesh Babu', 'Trisha Krishnan', 'Sonu Sood', 'Prakash Raj', 'Nassar', 'Kota Srinivasa Rao', 'Sayaji Shinde', 'Sunil Varma']",['Trivikram Srinivas'],['Trivikram Srinivas'],"['assassination', 'corruption', 'escape', 'hitman', 'politics', 'attempted murder', 'investigation', 'redemption', 'politician', 'deception', 'revenge', 'murder', 'betrayal', 'on the run', 'conspiracy']",2005-08-10,U,175,7.614,70,2.0126,/AlopJ5sUgsf0pFn8FfXqdhyfL2Z.jpg,/8SByVmuLzQDpITwotmFFdTo1qEp.jpg,te,Released,0,2800000,"[{'id': 961268, 'title': 'Ballerina', 'poster_path': '/oE7xtGDqZnr7tFHfwb8oM9iRW6H.jpg'}, {'id': 2371, 'title': ""Teheran '43"", 'poster_path': '/cXrwys3cRpIttyKEvN0wGhqEMFA.jpg'}, {'id': 2378, 'title': 'The Island of Thirty Coffins', 'poster_path': '/yHYx4ClWbx6g7pYCMW1gb32dCEd.jpg'}, {'id': 2435, 'title': 'Solo mía', 'poster_path': '/mObRNyGodg9NiRmVwe259H3JrU3.jpg'}, {'id': 2442, 'title': 'The Final Cut', 'poster_path': '/a68zeNwSvt1PZtuJRz0QRSSVx1U.jpg'}]",2026-04-01T12:32:22.826836
370986,Akhil,అఖిల్,A cruel business official attacks a tribal village for a stone which the people treat it as something special a guy who thinks he is somehow related to the stone comes to their aid.,The Power of Jua,"['Action', 'Fantasy', 'Romance']","['Akhil Akkineni', 'Sayesha Saigal', 'Brahmanandam', 'Byron Gibson', 'Rajendra Prasad', 'Vennela Kishore', 'Mahesh Manjrekar', 'Jayaprakash Reddy']",['V. V. Vinayak'],['Veligonda Srinivas'],[],2015-11-11,U,130,3.5,11,1.9563,/lEiY6jtaHtVE5hpJTzJ2Mpl4XmH.jpg,/5hhBWzR1Hv3asyodeRE23rXZl4i.jpg,te,Released,0,0,[],2026-04-01T12:32:23.540769
80276,Dookudu,దూకుడు,"To protect his father recovering from a coma, a relentless cop must pose as the political leader his father always envisioned while hunting the men who tried to kill him.",Daring & Dashing,"['Action', 'Comedy', 'Thriller']","['Mahesh Babu', 'Samantha Ruth Prabhu', 'Prakash Raj', 'Sonu Sood', 'Brahmanandam', 'M. S. Narayana', 'Adithya Menon', 'Kota Srinivasa Rao']",['Sreenu Vaitla'],"['Gopi Mohan', 'Kona Venkat']","['coma', 'undercover', 'mafia boss', 'deception', 'revenge', 'mafia', 'tv show in film', 'make believe', 'father son relationship', 'love story', 'reality tv', 'tv show']",2011-09-23,NR,174,6.8,50,1.9527,/e9uffrN9z22uuiBF9B0bTDDvbjz.jpg,/dSJ3sHoeaypnyB0ucyl0J5m4NTB.jpg,te,Released,0,12154107,"[{'id': 425217, 'title': 'Maria Mafiosi', 'poster_path': '/iXhLOZsq60godWF0xzsnLtXxV11.jpg'}, {'id': 1576, 'title': 'Resident Evil', 'poster_path': '/1UKNef590A0ZaMnxsscIcWuK1Em.jpg'}, {'id': 252707, 'title': 'Wake Me When the War Is Over', 'poster_path': '/i80rGzA40vm2STDt15MkfBnN3EZ.jpg'}, {'id': 252708, 'title': 'Along Came a Spider', 'poster_path': '/nbwWurYUXVfOVdPtHHTFDeBn1v6.jpg'}, {'id': 1598, 'title': 'Cape Fear', 'poster_path': '/meJZAAuVcjic2ipvbOPz5UlE4P9.jpg'}]",2026-04-01T12:32:24.267088
494061,Hello!,హలో!,"Avinash/Seenu is a street urchin brought up by his loving adoptive parents Saru and Prakash. The love of his life is the girl he meets during childhood Junnu/Priya, whom fate had snatched away from him. Fourteen long years and they still wait for the day they will meet again. Will destiny help them?",,"['Action', 'Family', 'Romance']","['Akhil Akkineni', 'Kalyani Priyadarshan', 'Ramya Krishnan', 'Jagapati Babu', 'Ajay', 'Satya Krishnan', 'Anish Kuruvilla', 'Vennela Kishore']",['Vikram Kumar'],['Vikram Kumar'],"['foster parents', 'family relationships', 'destiny', 'childhood love', 'adopted son', 'lovestory']",2017-12-22,U,131,7.2,28,1.9324,/8oVa20YGZMi3INlVFkCl453Cs21.jpg,/L7hqV1bbk8UFjgnu17BQ3Jkokr.jpg,te,Released,0,0,"[{'id': 1491213, 'title': 'Wisteria', 'poster_path': '/vJpqV4qctkiZ5bhdu2f43EMJhcL.jpg'}, {'id': 426238, 'title': 'Beach Rats', 'poster_path': '/oQZPPsvoipd38jasPhvJOpajbug.jpg'}, {'id': 4348, 'title': 'Pride & Prejudice', 'poster_path': '/o8UhmEbWPHmTUxP0lMuCoqNkbB3.jpg'}, {'id': 909, 'title': 'Meet Me in St. Louis', 'poster_path': '/ekVeUvG81pidsv2LMtWf5yYcNbq.jpg'}, {'id': 597781, 'title': 'Detours', 'poster_path': '/1ECNit291ra3TgxIFFNwSaQxLl2.jpg'}]",2026-04-01T12:32:25.056130
1239511,Lucky Baskhar,లక్కీ భాస్కర్‌,A cash-strapped bank cashier embarks on a risky investment scheme and soon gets drawn into the murky world of money laundering.,,"['Thriller', 'Crime', 'Drama']","['Dulquer Salmaan', 'Meenakshi Chaudhary', 'Rajkumar Kasireddy', 'Ramki', 'Maganti Srinath', 'Sai Kumar', 'Sachin Khedekar', 'Tinnu Anand']",['Venky Atluri'],['Venky Atluri'],"['money laundering', 'anti hero', 'bank employee', 'investment']",2024-10-30,UA,148,7.589,73,1.9226,/a47JQFl9L7VDa79tEvnTOJe0rPa.jpg,/q8UyN4XhpmChtneZXdZ8fktQka6.jpg,te,Released,0,0,"[{'id': 2994, 'title': 'Danger: Diabolik', 'poster_path': '/ozU1Qgu3CqWg2MWz8God3P6PoF3.jpg'}, {'id': 5822, 'title': ""Sweet Sweetback's Baadasssss Song"", 'poster_path': '/ykGkbDp1QxQTM3UUrUvowtXLI0i.jpg'}, {'id': 10336, 'title': 'Spawn', 'poster_path': '/3svvunKXkhRvEKByGDua1Qu0otq.jpg'}, {'id': 1417, 'title': ""Pan's Labyrinth"", 'poster_path': '/z7xXihu5wHuSMWymq5VAulPVuvg.jpg'}, {'id': 1103, 'title': 'Escape from New York', 'poster_path': '/vH9llaphjAssRGi0k7e75tD40Ce.jpg'}]",2026-04-01T12:32:25.760154
1222479,Mirai,మిరాయి,"Following the historic Kalinga battle, where King Ashoka of the Maurya dynasty emerged as the winner, he chose to walk the path of peace instead of continuing warfare. Yet, the kingdom appointed nine warriors to protect some ancient scriptures rumored to have the ability to make someone divine or godlike.",SUPER YODHA,"['Action', 'Adventure', 'Fantasy']","['Teja Sajja', 'Manchu Manoj', 'Ritika Nayak', 'Raj Zutshi', 'Rana Daggubati', 'Shriya Saran', 'Jayaram', 'Jagapati Babu']",['Karthik Ghattamaneni'],"['Karthik Ghattamaneni', 'Manibabu Karanam']",['mirai collection'],2025-09-12,UA,166,6.2,18,1.8368,/gVzWHYThVODV5MgccDoyQxPFXve.jpg,/1Xw1Gh4XTWwrkIIISOGFBMPvO8.jpg,te,Released,0,0,"[{'id': 1562708, 'title': 'Mirai Jaithraya', 'poster_path': '/nw9nHlTaB30M9l1PLZNPItRfH9E.jpg'}, {'id': 961214, 'title': 'New Generation War: Reawakened Man', 'poster_path': None}, {'id': 961223, 'title': 'The Legend', 'poster_path': '/5FBNGvrUYIhM61XdnY588Vp2oP9.jpg'}, {'id': 1492097, 'title': 'Welcome to Paradise', 'poster_path': '/3WWuQcnv7IijD9UR5qgStYXg9vH.jpg'}, {'id': 599325, 'title': 'The Fool', 'poster_path': '/2J0QZ4j8jYOpe2gzCSYIQImIXod.jpg'}]",2026-04-01T12:32:26.496541
605153,Major,మేజర్,"This biopic follows the life of Indian Army officer Major Sandeep Unnikrishnan, from his childhood to his heroic actions during the 2008 Mumbai attacks.",Jaan Doonga Desh Nahi,"['Action', 'History', 'Drama']","['Adivi Sesh', 'Saiee Manjrekar', 'Sobhita Dhulipala', 'Murali Sharma', 'Prakash Raj', 'Revathi', 'Vinay Nallakadi', 'Anish Kuruvilla']",['Sashi Kiran Tikka'],"['Adivi Sesh', 'Adivi Sesh']","['hotel', 'operation', 'escape', 'wife', 'gun', 'war on terror', 'based on true story', 'attack', 'terrorism', 'parent', 'terrorist attack', 'military', '2000s', 'radical islam', 'terror attack']",2022-06-03,NR,149,6.988,41,1.8341,/sJOfJuyQVZPwNQ8g21Qv0lojQhC.jpg,/8tyq1kXM3YQmu3obW6LxWm5TVRO.jpg,te,Released,0,0,"[{'id': 598439, 'title': 'Betrayed', 'poster_path': '/AhllNkf3UE4VdlmPQmTIbAQTiZ6.jpg'}, {'id': 1595, 'title': 'Land of Plenty', 'poster_path': '/oK8z5rPlEjhGBiHk2OqE3bIhyol.jpg'}, {'id': 1619, 'title': 'The Way of the Gun', 'poster_path': '/wrjMMdgn1a4ChlaBmlzKnb78nr6.jpg'}, {'id': 1623, 'title': 'Brubaker', 'poster_path': '/4DhrSojl3J0Z4wZyM2CfNGnKQWl.jpg'}, {'id': 1868, 'title': 'Ankle Bone', 'poster_path': '/1OL3w6wRtsV2oSAyk32B80RmoPZ.jpg'}]",2026-04-01T12:32:27.212515
607313,Sarileru Neekevvaru,సరిలేరు నీకెవ్వరు,A tough army major is deployed to Kurnool on a mission to keep the country safe from external threats.,,['Action'],"['Mahesh Babu', 'Vijayashanti', 'Rashmika Mandanna', 'Prakash Raj', 'Sangeetha Krish', 'Rajendra Prasad', 'Vennela Kishore', 'Rao Ramesh']",['Anil Ravipudi'],"['Anil Ravipudi', 'Anil Ravipudi']","['rescue', 'army', 'corruption', 'orphan', 'political intrigue\xa0', 'family dynamics']",2020-01-10,UA,169,6.0,61,1.819,/66MSawKC7nkqjD1BMlQHXl6y3C.jpg,/xPwx3woiX40RN2uaFu9tuXpLaak.jpg,te,Released,11000000,46892742,"[{'id': 1577, 'title': 'Resident Evil: Apocalypse', 'poster_path': '/way9dOm4dM2sm9UMcu2PEXMTX0q.jpg'}, {'id': 1688, 'title': 'Conquest of the Planet of the Apes', 'poster_path': '/lZ1pUxJCO14ObrhDuxTBuYm0tjN.jpg'}, {'id': 775669, 'title': 'Nemesis', 'poster_path': '/ivXABi8TAWuimWUNCp5379zoCIj.jpg'}, {'id': 841, 'title': 'Dune', 'poster_path': '/4kJmUCE7mkVJjXa7A0g2rY4IGTm.jpg'}, {'id': 563, 'title': 'Starship Troopers', 'poster_path': '/cxCmv23O7p3hyHwqoktHYkZcGsY.jpg'}]",2026-04-01T12:32:27.940401
541487,Maharshi,మహర్షి,"Rishi Kumar is a billionaire and the CEO of Origins, someone who has always strived for the success he now owns. His friend Ravi needs help, how will he come through?",Join the journey of Rishi,"['Drama', 'Action']","['Mahesh Babu', 'Pooja Hegde', 'Allari Naresh', 'Jagapati Babu', 'Prakash Raj', 'Jayasudha', 'Meenakshi Dixit', 'Ananya']",['Vamshi Paidipally'],"['Hari', 'Ahishor Solomon', 'Vamshi Paidipally', 'Vamshi Paidipally']","['businessman', 'protest', 'agriculture', 'millionaire', 'social justice', 'social issues', 'environmental issues', 'downtrodden farmers', 'social responsibility', 'loss of father']",2019-05-09,UA,176,7.0,33,1.8148,/pV6xLQh54ga8oaQqJtUqLp12LwQ.jpg,/giVZsq8aBKd8C7Fd9NyzOOE7jmI.jpg,te,Released,12000000,31562422,"[{'id': 3545, 'title': 'Trail of the Falcon', 'poster_path': '/m623vnBmpwL1lYtT3QAFdEP9XJX.jpg'}, {'id': 3595, 'title': 'Ransom', 'poster_path': '/4nmOA5ZOY2VlHzwSlKY03sF2JUz.jpg'}, {'id': 4327, 'title': ""Charlie's Angels"", 'poster_path': '/iHTmZs0BmkwMCYi8rhvMWC5G4EM.jpg'}, {'id': 254230, 'title': 'Drylanders', 'poster_path': '/xr0r34mila1uOZQWkKLmgMoXNW6.jpg'}, {'id': 3037, 'title': 'Yella', 'poster_path': '/axC6pBrFc7Y2I6pFzvvte9uRf9x.jpg'}]",2026-04-01T12:32:28.658427
1407432,Anaganaga Oka Raju,అనగనగా ఒక రాజు,"A lazy, entitled brat who wants to lead an easy life is in for a rude shock that changes the course of his life.",,"['Comedy', 'Romance']","['Naveen Polishetty', 'Meenakshi Chaudhary', 'Rao Ramesh', 'Tarak Ponnappa', 'Goparaju Ramana', 'Ananth Babu', 'Madhusudhan Rao', 'Bhadram']",['Maari'],['Maari'],[],2026-01-14,U/A 13+,147,7.0,13,1.8117,/iCzGY1JD4DXqAjDKhsesKzs9vdK.jpg,/sqmkeZ3bdfIrnYV6azaNdIyTS9w.jpg,te,Released,0,0,[],2026-04-01T12:32:29.419509
461126,Rangasthalam,రంగస్థలం,Chitti Babu begins to suspect his elder brother's life is in danger after they team up to lock horns with their village president and overthrow his unlawful 30 year old regime.,,"['Action', 'Drama']","['Ram Charan', 'Aadhi Pinisetty', 'Samantha Ruth Prabhu', 'Jagapati Babu', 'Prakash Raj', 'Anasuya Bharadwaj', 'Mahesh Achanta', 'Naresh']",['Sukumar'],"['Palnati Surya Pratap', 'Sukumar', 'Sukumar']","['period drama', 'caste politics']",2018-03-29,UA,179,7.092,76,1.8043,/yiEzDgBBFC25Zd6z0r7sMngn5vr.jpg,/6JdOkSgd8wkAQbT6Ncib4DrnyiS.jpg,te,Released,7800000,0,"[{'id': 2567, 'title': 'The Aviator', 'poster_path': '/lx4kWcZc3o9PaNxlQpEJZM17XUI.jpg'}, {'id': 961306, 'title': 'Chandramukhi', 'poster_path': '/nhPxuXvRnv2hP20Jsemt8A0Ww1.jpg'}, {'id': 6177, 'title': 'Sisi/Last Minute', 'poster_path': '/rHq5Jh7Pt462gVXPduhIG7B7Ftr.jpg'}, {'id': 779988, 'title': 'The Killers of Mussolini', 'poster_path': '/7IyzDXPzm5YQTbXUa1ZISSFR6BA.jpg'}, {'id': 1316173, 'title': 'The Great Tram Robbery', 'poster_path': '/kANXRxZned8sLqxXWSYO535V2wR.jpg'}]",2026-04-01T12:32:30.134462
439057,Nenu Local,నేను లోకల్,"This story is about a happy-go-lucky young man, Babu, who falls in love with a girl. However, he runs into a problem while convincing her father to permit them to be together.",Attitude is Everything,"['Action', 'Comedy']","['Nani', 'Keerthy Suresh', 'Naveen Chandra', 'Sachin Khedekar', 'Tulasi', 'Rudranil Ghosh', 'Rao Ramesh', 'Posani Krishna Murali']",['Trinadha Rao Nakkina'],"['Prasanna Kumar Bejawada', 'Prasanna Kumar Bejawada', 'Trinadha Rao Nakkina']","['teenage love', 'wooing']",2017-02-03,UA,150,5.8,23,1.7937,/2CjWcUIvoYFvvlm8773CYSnEYvA.jpg,/5NOTAaNJ68FtsIgiJyDswu4qnjf.jpg,te,Released,0,9000000,"[{'id': 4927, 'title': 'Edge of Seventeen', 'poster_path': '/qsyG50KDdfxPZxVSLrNmlwWBgWm.jpg'}, {'id': 10495, 'title': 'The Karate Kid Part III', 'poster_path': '/lVZ3r0iDwGejlCvFEvXGzhQB9ds.jpg'}, {'id': 10938, 'title': 'Beautiful Thing', 'poster_path': '/34fPI0phWQ189lc5O7aNf12jWPm.jpg'}, {'id': 557, 'title': 'Spider-Man', 'poster_path': '/kjdJntyBeEvqm9w97QGBdxPptzj.jpg'}, {'id': 105, 'title': 'Back to the Future', 'poster_path': '/vN5B5WgYscRGcQpVhHl6p9DDTP0.jpg'}]",2026-04-01T12:32:30.861782
56986,Khaleja,ఖలేజా,"A village is hounded by an unknown disease, decimating its population. The village priest prophesies that God's avatar will save them. Siddha goes in search of this supernatural potential and finds it in Seetarama Raju, a cab driver.",,"['Action', 'Fantasy', 'Comedy']","['Mahesh Babu', 'Shafi', 'Prakash Raj', 'Rao Ramesh', 'Anushka Shetty', 'Ali Basha', 'Sunil Varma', 'Tanikella Bharani']",['Trivikram Srinivas'],['Trivikram Srinivas'],"['prophecy', 'village', 'supernatural', 'chosen one', 'calamity', 'premonition', 'desert', 'destiny', 'savior', 'plague', 'messiah', 'white savior', 'suspenseful', 'mystery and intrigue', 'comedy mystery']",2010-10-07,NR,163,7.339,62,1.7916,/rsQbJT4vjyQe6Mpry1i8Tnf86wp.jpg,/mBid9K1wMCEMvuK70sAvFxwPHyF.jpg,te,Released,0,3008442,"[{'id': 3513, 'title': 'Legionnaire', 'poster_path': '/vHezb1DIEB3DyBx9gp914y03yAG.jpg'}, {'id': 1493253, 'title': 'The Lord of All Future Space & Time', 'poster_path': '/s7bSoWmxma89SQKUnJBVsdTDYgf.jpg'}, {'id': 4248, 'title': 'Scary Movie 2', 'poster_path': '/7Eb1JWK0Cb0rbfsYjwfc9g0PbQH.jpg'}, {'id': 4327, 'title': ""Charlie's Angels"", 'poster_path': '/iHTmZs0BmkwMCYi8rhvMWC5G4EM.jpg'}, {'id': 4011, 'title': 'Beetlejuice', 'poster_path': '/nnl6OWkyPpuMm595hmAxNW3rZFn.jpg'}]",2026-04-01T12:32:31.578126
787163,Liger,లైగర్,"The journey of Liger, from Karimnagar to Mumbai, from a nobody to a competitor, in his search for recognition while navigating his weaknesses, relationships, and love life.",Saala Crossbreed,"['Action', 'Romance']","['Vijay Deverakonda', 'Ananya Panday', 'Ramya Krishnan', 'Ronit Roy', 'Makrand Deshpande', 'Ali Basha', 'Getup Srinu', 'Chunky Panday']",['Puri Jagannadh'],"['Puri Jagannadh', 'Puri Jagannadh']",[],2022-08-25,UA,138,4.2,36,1.7787,/bBZJAdfmcwhyvkwK1XajnHECdoY.jpg,/qgirkEXAOznx1w9pXH143W3Ch5R.jpg,te,Released,17610180,0,[],2026-04-01T12:32:32.291241
82255,Nuvvu Naaku Nachav,నువ్వు నాకు నచ్చావ్,"Venky and Nandini's relationship changes from mere friendship to something that is more romantic. However, love only blossoms between the two after Nandini's marriage is fixed elsewhere.",... the new love story,"['Drama', 'Comedy', 'Romance', 'Family']","['Venkatesh', 'Aarthi Agarwal', 'Sudeepa', 'Prakash Raj', 'Chandramohan', 'M. S. Narayana', 'Flora Saini', 'Brahmanandam']",['K. Vijaya Bhaskar'],"['K. Vijaya Bhaskar', 'Trivikram Srinivas']",[],2001-09-06,U,180,7.328,29,1.7735,/z6F2Y7zddPFZ2ls9OY006egVClP.jpg,/1Z4D31l2avNXR8KLTgqIGW3uHkP.jpg,te,Released,0,0,[],2026-04-01T12:32:33.003413
989017,Waltair Veerayya,వాల్తేరు వీరయ్య,"A notorious smuggler Waltair Veerayya is hired by a CI Seethapathi, reaches Malaysia with the ostensible mission of kidnapping a drug mafia leader named Solomon, who escaped India after wreaking havoc on the RAW agents and local policemen. Veerayya manages to pummel Solomon, who is fiercely protected by his ruthless gang-lord brother Kaala. Tables are turned, when Veerayya reveals that he shares a turbulent past with Kaala & an ACP Vikram Sagar who is hell-bent on ending his smuggling activities.",#Poonakaalu Loading...,"['Action', 'Drama']","['Chiranjeevi', 'Shruti Haasan', 'Ravi Teja', 'Catherine Tresa', 'Bobby Simha', 'Prakash Raj', 'Rajendra Prasad', 'Vennela Kishore']",['Bobby Kolli'],"['Bobby Kolli', 'Kona Venkat', 'K. Chakravarthy Reddy']",[],2023-01-13,UA,160,5.3,30,1.7491,/g4mx225pbBH5i0KSjc3t1pO5hIy.jpg,/4JgZdSxx0YOwUx4cdokGgD9o4fE.jpg,te,Released,0,0,[],2026-04-01T12:32:33.720064
566143,Mr. Majnu,Mr. Majnu,A playboy finds himself in a spot of bother when he falls in love with the right girl.,Boys Will Be Boys,"['Drama', 'Romance']","['Akhil Akkineni', 'Nidhhi Agerwal', 'Subbaraju', 'Rao Ramesh', 'Vidyullekha Raman', 'Jayaprakash', 'Priyadarshi Pullikonda', 'Anisha Mandhara']",['Venky Atluri'],"['Venky Atluri', 'Venky Atluri']",[],2019-01-25,UA,145,5.1,17,1.7457,/rY6fScdYUBgGDcMcZsIDPgX0Hvj.jpg,/nJobwaHfOZ2BkhxDZfmg2E6fmEK.jpg,te,Released,0,0,[],2026-04-01T12:32:34.449411
496495,Sye Raa Narasimha Reddy,సై రా నరసింహ రెడ్డి,"Gwalior Fort, during the Indian Rebellion of 1857. In a moment of despair, Lakshmibai, Rani of Jhansi, encourages her men by telling them the heroic story of Uyyalawada Narasimha Reddy, a brave Telugu chieftain who took up arms in 1846 to protest against the numerous arbitrariness and crimes perpetrated by the leaders and military forces of the East India Company.",,"['Drama', 'History', 'War']","['Chiranjeevi', 'Sudeepa', 'Vijay Sethupathi', 'Ravi Kishan', 'Jagapati Babu', 'Nayanthara', 'Tamannaah Bhatia', 'Henry Maynard']",['Surender Reddy'],"['Surender Reddy', 'Gopalakrishna Paruchuri', 'Venkateswara Rao Paruchuri']","['freedom fighter', 'historical figure', 'british colonialism', 'colonial india', '19th century', 'history of india', 'indian guru', 'indian king', 'telugu', 'popular uprising']",2019-09-27,UA,169,6.2,37,1.7248,/uEheujJysophwGaqHWPu1UCPthl.jpg,/fy5Ea8h75FZX1q9F03lScxnE1Wf.jpg,te,Released,0,0,"[{'id': 1590, 'title': 'Copying Beethoven', 'poster_path': '/xplAbPXhZF9B3H4OnhjQsEKUESe.jpg'}, {'id': 1849, 'title': 'Nine Hours to Rama', 'poster_path': '/nD2JeJOwl4Vod6Jze1YgA4luhqR.jpg'}, {'id': 253161, 'title': 'Madame Bovary', 'poster_path': '/jW0CRLVYOQm0HOh6fZXnW2JKxwF.jpg'}, {'id': 1770, 'title': 'Michael Collins', 'poster_path': '/brIBbU6t9glEGAKRTJ4PMj9OiDC.jpg'}, {'id': 1808, 'title': 'Velvet Goldmine', 'poster_path': '/bsuSac0PldPFcOtR1Vioe7VBF4l.jpg'}]",2026-04-01T12:32:35.162805
369925,Oopiri,ఊపిరి,A true story of two men who should never have met – a quadriplegic aristocrat who was injured in a paragliding accident and a young man from the projects.,Celebration of Life,"['Drama', 'Family', 'Romance']","['Nagarjuna Akkineni', 'Karthi', 'Tamannaah Bhatia', 'Jayasudha', 'Prakash Raj', 'Ali Basha', 'Vivek', 'Anushka Shetty']",['Vamshi Paidipally'],['Vamshi Paidipally'],"['friendship', 'paraplegic', 'male friendship', 'remake', 'based on movie', 'unlikely friendship', 'paralyzed']",2016-03-25,U,158,7.1,50,1.705,/iXsJEdk1P3V2cm2TSRBuG8ZS1pz.jpg,/cEtdt05J72tt5GgRgFAlpgznFMz.jpg,te,Released,0,0,"[{'id': 961323, 'title': 'Nimona', 'poster_path': '/2NQljeavtfl22207D1kxLpa4LS3.jpg'}, {'id': 2764, 'title': 'All Stars', 'poster_path': '/7iF6qvTRIVafyqxlcZCIZEfRxxn.jpg'}, {'id': 3110, 'title': 'Shane', 'poster_path': '/svr5ADpjXTCOQv8hmuJnB7I14Qv.jpg'}, {'id': 3111, 'title': 'A Star Is Born', 'poster_path': '/zpg2SzpYhZk1D1seDfIIlwaqAxT.jpg'}, {'id': 3361, 'title': 'Video Kings', 'poster_path': '/26dnOdmKONUEJs7WUsKm6GSLyuC.jpg'}]",2026-04-01T12:32:35.889506
1232232,Kannappa,కన్నప్ప,"After witnessing the cruel sacrifice of his childhood friend, an atheist warrior rejects religion until love forces him to find his own faith.",The Bravest Warrior. The Ultimate Devotee.,"['Fantasy', 'History', 'Drama']","['Vishnu Manchu', 'Preity Mukhundhan', 'Akshay Kumar', 'Mohan Babu', 'Mohanlal', 'Prabhas', 'Kajal Aggarwal', 'R. Sarathkumar']",['Mukesh Kumar Singh'],"['Gopalakrishna Paruchuri', 'Vishnu Manchu']",['historical fantasy'],2025-06-26,NR,182,4.6,10,1.7013,/6LhE7IwhXgaNi33l0ltYahIB91i.jpg,/sq07TPUrruUkLsU0apGchnRmWlN.jpg,te,Released,0,0,"[{'id': 780290, 'title': 'Wuliang', 'poster_path': '/ruedCMfH9WlXvUJxj9jwb2U6yJy.jpg'}, {'id': 1307735, 'title': 'Lavender Men', 'poster_path': '/vwA8zfL5rd8tKAe6qGXJZPXbGfH.jpg'}, {'id': 1379214, 'title': 'Sichuan Culinary Chronicles: In Four Chapters', 'poster_path': '/atKlbCjJWexMf6sRBn2DzFspq5P.jpg'}, {'id': 1367418, 'title': 'Share the Love', 'poster_path': '/o6ZDOhpEgLmJqxbEuhkJofvZeYt.jpg'}, {'id': 1371517, 'title': 'The God King, Tale of the Serpent Sister', 'poster_path': '/7QRJ92beDil39LuT8VBtEkmGkU5.jpg'}]",2026-04-01T12:32:36.603919
894762,Karthikeya 2,కార్తికేయ 2,"Before the Kalyug begins, Lord Krishna hands over an anklet that holds the answer to all of world’s miseries. Years later a doctor finds himself in the thick of things when the pursuit for the anklet carries on. A doctor with a curious mind, Karthikeya, aka Karthik, believes in pursuing the truth. The quest leads Karthik to discover the power of the ancient Indian belief system and the essence of Krishna.",Krishna Is Truth,"['Mystery', 'Adventure', 'Thriller', 'Action']","['Nikhil Siddhartha', 'Anupama Parameswaran', 'Srinivasa Reddy', 'Harsha Chemudu', 'Adithya Menon', 'Praveen', 'Satya', 'Tulasi']",['Chandoo Mondeti'],"['Chandoo Mondeti', 'Chandoo Mondeti']","['truth', 'krishna', 'ancient india', 'power']",2022-08-13,U/A 7+,145,6.146,24,1.6986,/fKKoQndNfbDOLfYM1Zogt7miGF1.jpg,/ej1bwcXrRdJNUG843KIosu8srCg.jpg,te,Released,0,10384945,"[{'id': 548, 'title': 'Rashomon', 'poster_path': '/vL7Xw04nFMHwnvXRFCmYYAzMUvY.jpg'}, {'id': 2721, 'title': 'Z', 'poster_path': '/dFAJyFNgvOv24f2RQyI9KDxjGr3.jpg'}, {'id': 614385, 'title': 'Chhota Bheem and Krishna', 'poster_path': '/q5fxgssbSkQDS3McUmIFGAL3ChA.jpg'}, {'id': 1148237, 'title': ""The Devil's Lair"", 'poster_path': '/mrwGebpKiq6f85IKJhGyU9TjEUN.jpg'}, {'id': 435903, 'title': 'Shri Krishna Leela', 'poster_path': None}]",2026-04-01T12:32:37.328574
23381,Pokiri,పోకిరి,"Pandu is a contract killer and will accept any contract provided the amount is right. The police want him for questioning, while the underworld needs him to silence their opponents. No one really knows this assassin's background. It is only Pandu who knows his real identity, and he has no intention of sharing it with anyone.",,"['Action', 'Thriller', 'Crime']","['Mahesh Babu', ""Ileana D'Cruz"", 'Prakash Raj', 'Nassar', 'Brahmanandam', 'Ashish Vidhyarthi', 'Sayaji Shinde', 'Subbaraju']",['Puri Jagannadh'],['Puri Jagannadh'],"['corruption', 'undercover', 'gangster', 'anti hero', 'gang war', 'crime boss', 'mafia boss', 'rivalry', 'love-hate relationship', 'organized crime', 'tinnitus', 'mafia', 'shootout', 'infiltration', 'falling in love']",2006-04-27,A,163,7.507,69,1.6917,/rQ8NH5f3CxRrmqZWMZNYPwLmjDS.jpg,/z3mlTunM7Ck7WB6inIuKJ6b8hjb.jpg,te,Released,0,8422547,"[{'id': 2390, 'title': ""L'homme qui n'était pas là"", 'poster_path': '/a8ec1ppGkSKfX2rZAoy2eJXf8nX.jpg'}, {'id': 2397, 'title': 'Fallout', 'poster_path': '/9ia0DiW1VKyxJENa0Yl81XYXxq2.jpg'}, {'id': 2453, 'title': 'Harley Davidson and the Marlboro Man', 'poster_path': '/4WRdrjHyLuHRwep2UJWBoIn6KTW.jpg'}, {'id': 2721, 'title': 'Z', 'poster_path': '/dFAJyFNgvOv24f2RQyI9KDxjGr3.jpg'}, {'id': 2501, 'title': 'The Bourne Identity', 'poster_path': '/aP8swke3gmowbkfZ6lmNidu0y9p.jpg'}]",2026-04-01T12:32:38.055912
1141320,The Family Star,ద ఫ్యామిలీ స్తార్,"Govardhan, a devoted architect from Hyderabad, juggles supporting his extended family while seeking a partner who understands his commitments. When he discovers Indu thesis on his family, he challenges her, leading to unexpected twists as they navigate misunderstandings and eventually find love amidst sacrifice and understanding",,"['Family', 'Romance', 'Comedy', 'Drama', 'Action']","['Vijay Deverakonda', 'Mrunal Thakur', 'Rohini Hattangadi', 'Vasuki Anand', 'Abhinaya', 'Ravi Prakash', 'Raja Chembolu', 'Jagapati Babu']",['Parasuram Petla'],"['Vasu Varma', 'Parasuram Petla']",[],2024-04-04,NR,155,4.7,16,1.667,/2mLyHeWwU0Ocv9Jvk72IDqZqT7G.jpg,/1EECShloaXfQpXLphUzpDKxSTeA.jpg,te,Released,0,0,[],2026-04-01T12:32:38.765085
784696,Sarkaru Vaari Paata,సర్కారు వారి పాట​,"After being conned by the woman he loves, a finance agent arrives in India from the USA to retrieve his money from her father, a powerful MP and industrialist.",,"['Action', 'Comedy', 'Drama']","['Mahesh Babu', 'Keerthy Suresh', 'Samuthirakani', 'Vennela Kishore', 'Subbaraju', 'Nadhiya', 'Posani Krishna Murali', 'Sowmya Menon']",['Parasuram Petla'],['Parasuram Petla'],"['gambling debt', 'protest', 'debt collector', 'debt', 'loan', 'social justice', 'activism', 'social change', 'loss of parents', 'death of parents']",2022-05-11,UA,162,5.6,25,1.6588,/jFwdKKDmgzKjZGFnSJma7I5XMpk.jpg,/jNcf5p8y7CieOu9uHYzTVm1Qgtm.jpg,te,Released,0,27751110,"[{'id': 1599, 'title': 'I ♥ Huckabees', 'poster_path': '/h27ytqXyOrAB6KmRx2abOp8p2W.jpg'}, {'id': 600050, 'title': 'The Price She Paid', 'poster_path': '/xdVOQBalkfsOUUZs6SVARBT2ezH.jpg'}, {'id': 1142131, 'title': 'Um Instante no Tempo', 'poster_path': '/Ag1jelmvw9fqz2Ng4lWLADAxReG.jpg'}, {'id': 3175, 'title': 'Barry Lyndon', 'poster_path': '/znfLskGQnXYB2xcOGM9eInRHPAV.jpg'}, {'id': 962074, 'title': 'Captain Miller', 'poster_path': '/6qKnVaE5BvA2fO1L6r4i1ScX34G.jpg'}]",2026-04-01T12:32:39.466515
1428301,#Single,సింగిల్,"Vijay, a bank employee, falls in love with Purva at first sight and attempts to get closer to her in hopes of winning her affection. Meanwhile, Harini who secretly harbours feelings for Vijay, begins to follow him—turning his love life into a comedic triangle.",,"['Comedy', 'Romance']","['Sree Vishnu', 'Ketika Sharma', 'Ivana', 'Vennela Kishore', 'VTV Ganesh', 'Kalpalatha', 'Reba Monica John', 'Narne Nithin']",['Caarthick Raju'],"['Bhanu Bogavarapu', 'Nandu Savirigana', 'Caarthick Raju']",[],2025-05-09,U/A 16+,127,5.2,12,1.6426,/3cX5JISvLrOrwfb0gCOV7Mz7if0.jpg,/pmh5zE5vRGrJ6GVidKLaHJK0Uf9.jpg,te,Released,0,0,[],2026-04-01T12:32:40.179098
56996,Athidhi,అతిథి,"While the nation is terrorized by a slew of kidnappings and murders, a young woman falls in love with a mysterious man; not realizing that he is the one who went to jail for the murder of her parents, thirteen years earlier.",,"['Action', 'Thriller']","['Mahesh Babu', 'Amrita Rao', 'Brahmanandam', 'Nassar', 'Ravi Prakash', 'Ashish Vidhyarthi', 'Kota Srinivasa Rao', 'Sunil Varma']",['Surender Reddy'],"['Surender Reddy', 'Vakkantham Vamsi']","['loss of loved one', 'adoption', 'survival', 'murder', 'orphan', 'falling in love', 'incarceration', 'mystery villain', 'loss of parents', 'death of parents']",2007-10-18,NR,172,5.8,15,1.6334,/jD5qUBrYWzpFNgn4i9xZU2k3n1A.jpg,/ejQVKPkr2zwD1NLrzU3uHNVnogv.jpg,te,Released,2875000,4211819,"[{'id': 1579, 'title': 'Apocalypto', 'poster_path': '/cRY25Q32kDNPFDkFkxAs6bgCq3L.jpg'}, {'id': 1580, 'title': 'Rope', 'poster_path': '/9ar6rxLDB8kagAnXZKn6h9smscr.jpg'}, {'id': 1586, 'title': 'Secret Window', 'poster_path': '/hvzw4wufKZkDCTPVeG71Z7pGfZh.jpg'}, {'id': 1622, 'title': 'Lemming', 'poster_path': '/zzGmXQnc9xsFoVM1Zqqm7r4hfBp.jpg'}, {'id': 1562, 'title': '28 Weeks Later', 'poster_path': '/oix0aNv1lvW3nUGspUyvSIBlpbs.jpg'}]",2026-04-01T12:32:40.894043
1449364,Subham,శుభం,"Set in the early 2000s, in the pre-internet days of coastal Bheemili, A group of married men band together to find solutions, after their wives get possessed while watching a cable TV soap opera serial.",,"['Horror', 'Comedy']","['Harshith Malgireddy', 'Srinivas Gavireddy', 'Charan Peri', 'Shriya Kontham', 'Shravani Lakshmi', 'Shalini Kondepudi', 'Vamshidhar Kosgi Goud', 'Samantha Ruth Prabhu']",['Praveen Kandregula'],['Vasanth Maringanti'],[],2025-05-09,U/A 13+,123,6.7,11,1.6229,/hl3jiH0YjLRUZXWY2xqHNNTi1Eg.jpg,/qRItTUp4SY6zXzWGpqjfmgSDKa9.jpg,te,Released,0,0,"[{'id': 1142146, 'title': 'Erecting A Monster 2: Bride Of The Monster', 'poster_path': '/lz29aPlIgELZVDr5ppUGYdmvMEA.jpg'}, {'id': 3126, 'title': 'Alvin and the Chipmunks Meet Frankenstein', 'poster_path': '/hiXOFmWtxQ3LdrGgP2uOuR1DHBp.jpg'}, {'id': 3603, 'title': 'Black Sheep', 'poster_path': '/b6Spp82Tg8rv4YUSHGWFqFbgp0q.jpg'}, {'id': 1309060, 'title': 'Bloody Tales in Bonfire Light', 'poster_path': '/zhLIRcE7bcypWweWk9c9h3bzhdR.jpg'}, {'id': 774079, 'title': 'Untitled Happy Death Day 2U Sequel', 'poster_path': '/ue5wV2XLP6KRsFLX7ak14DyqT87.jpg'}]",2026-04-01T12:32:41.598476
74154,Nuvvostanante Nenoddantana,నువ్వొస్తానంటే నేనొద్దంటానా,"Siri and Santosh fall in love with each other and plan to get married. However, his mother disapproves of their relationship.",,"['Drama', 'Comedy', 'Romance']","['Siddharth', 'Trisha Krishnan', 'Srihari', 'Prakash Raj', 'Archana', 'Santhoshi', 'Geetha', 'Sunil Varma']",['Prabhu Deva'],"['Veeru Potla', 'M. S. Raju']",[],2005-01-14,NR,165,6.7,27,1.6167,/zixbDSR1gOHgcATGdMaq20LjZEL.jpg,/povD3baqXxCb58cR8YtQpFXXAXA.jpg,te,Released,0,0,[],2026-04-01T12:32:42.318828
87614,Sye,సై,"The story is set in the backdrop of a college that is riven by two groups led by Prithvi and Shashank. Though there is nothing malicious between the groups, they just can't see eye to eye on anything. The only thing common between the two are their abiding passion for rugby. Whenever a problem crops between the two, it is usually settled with a bitter scrum on the rugby field. As it happens, the college land falls into the hands of a local dadha Bikshu Yadav. This is good enough reason for the two groups to forge a common identity and fight for the land. Prithvi and Shashank bury the hatchet and get back the land. This is too much of a bitter pill for the dadha to swallow. And so he dares the students for a rugby match with his own group.",A Challenge,"['Drama', 'Action']","['Nithiin', ""Genelia D'Souza"", 'Pradeep Ram Singh Rawat', 'Shashank', 'Rajiv Kanakala', 'Nassar', 'Ajay', 'Tanikella Bharani']",['S. S. Rajamouli'],"['S. S. Rajamouli', 'Vijayendra Prasad']",['college'],2004-09-26,UA,167,6.375,16,1.598,/yetEKct1tQ1RDLQJKReaYirh5BI.jpg,,te,Released,0,0,"[{'id': 1809, 'title': 'The Rules of Attraction', 'poster_path': '/6OybelUmwUkDm7fbX1BI7OhpYeQ.jpg'}, {'id': 2988, 'title': 'The Harrad Experiment', 'poster_path': '/tsZFgxeldZrG6Xi2C4pFiW7Wcmi.jpg'}, {'id': 252053, 'title': 'Yaariyan', 'poster_path': '/fZmL1C67pA0OHLGPITt0d2IODnM.jpg'}, {'id': 1073, 'title': 'Arlington Road', 'poster_path': '/4yYHyZuyTTQaEZuHKS7561jXjtR.jpg'}, {'id': 1309285, 'title': 'The Kettle', 'poster_path': '/4REVWQ9zzqwFcxV4fKY7Vohcc4w.jpg'}]",2026-04-01T12:32:43.023607
193197,Seethamma Vakitlo Sirimalle Chettu,సీతమ్మ వాకిట్లో సిరిమల్లె చెట్టు,"An exuberant and evocative family drama, that primarily revolves around the close bond between two brothers with radically different personalities, highlighting the complex process of choosing an ideal life partner for each of them.",Simple but Beautiful,"['Family', 'Drama']","['Venkatesh', 'Mahesh Babu', 'Prakash Raj', 'Jayasudha', 'Anjali', 'Samantha Ruth Prabhu', 'Abhinaya', 'Rao Ramesh']",['Srikanth Addala'],"['Srikanth Addala', 'Srikanth Addala']","['sibling relationship', 'brotherhood', 'family relationships', 'slice of life', 'family drama', 'class differences', 'family values', 'brother brother relationship', 'melodrama', 'feel good', 'romantic', 'family melodrama', 'comforting', 'emotional turmoil', 'feel-good']",2013-01-11,UA,159,6.9,38,1.597,/sP0U5uHuLdc0m8pDqHhofyCqvL4.jpg,/bSNx9fVIQllmov8pgVnVI2LrGt8.jpg,te,Released,0,10349042,"[{'id': 264241, 'title': 'Levoton veri', 'poster_path': '/nACnswZtQ9MH7cePj3JOLpgLpoR.jpg'}, {'id': 16620, 'title': 'La Bamba', 'poster_path': '/6Znulqtc7cdqlUC69HGf26Ef5fi.jpg'}, {'id': 426426, 'title': 'Roma', 'poster_path': '/dtIIyQyALk57ko5bjac7hi01YQ.jpg'}, {'id': 3540, 'title': 'Das letzte Stück Himmel', 'poster_path': '/pknXMujV85kqXh5dg0Tbpf6pY7q.jpg'}, {'id': 1311653, 'title': ""The What's-Its-Face"", 'poster_path': '/2qJc0YZuUs3noUSBPtiotq1ABRs.jpg'}]",2026-04-01T12:32:43.757694
374954,Sarrainodu,సరైనోడు,"Ghana, a jobless young man who left military to bring justice to the society, whiling away timing beating up goons. Life takes a turn when he brushes the shady Vairam Dhanush the wrong way.",,"['Action', 'Drama']","['Allu Arjun', 'Rakul Preet Singh', 'Aadhi Pinisetty', 'Catherine Tresa', 'Srikanth', 'Jayaprakash', 'Jayaprakash Reddy', 'Vidyullekha Raman']",['Boyapati Srinu'],"['Boyapati Srinu', 'Boyapati Srinu']","['corrupt politician', 'ex soldier', 'landgrabbing']",2016-04-08,UA,161,6.278,45,1.5896,/dYOlnzv8LmirzwtbXTU4ROGIebv.jpg,/bBn8pi9uq4fZkJxbMdlEefFgoZj.jpg,te,Released,7503564,19059053,"[{'id': 3085, 'title': 'His Girl Friday', 'poster_path': '/lu86Y9zTPH3neCiUzLzHCEFHf7f.jpg'}, {'id': 9879, 'title': 'Striptease', 'poster_path': '/4zMy6R7acotCmGoDk4sjzRtDwKn.jpg'}, {'id': 10632, 'title': 'The Hunted', 'poster_path': '/AvdBPe2XSKm3cGyTKFgbquC2jCo.jpg'}, {'id': 10447, 'title': 'No Escape', 'poster_path': '/jRwMdEb5bxwVARU2VmOADTflLfZ.jpg'}, {'id': 9017, 'title': 'Outpost', 'poster_path': '/rwWEsWV1DNCqZudEiHvk1NPeUla.jpg'}]",2026-04-01T12:32:44.491831
405924,Janatha Garage,జనతా గ్యారేజ్,"Anand is an environmental activist who lives in Mumbai. A chance exchange programme takes him to Hyderabad and here, a chance encounter with Satyam results in him taking over the Janatha Garage from the latter.",All repairs are done here...,"['Action', 'Drama']","['N.T. Rama Rao Jr.', 'Mohanlal', 'Unni Mukundan', 'Samantha Ruth Prabhu', 'Nithya Menen', 'Sai Kumar', 'Sachin Khedekar', 'Devayani']",['Koratala Siva'],"['Koratala Siva', 'Koratala Siva']","['garage', 'environmental']",2016-09-01,UA,165,7.239,46,1.5875,/cj9bhdru0CxnAnCYAIy63P134eL.jpg,/vQISDnlCDr5PwG7PO53jYPcJImE.jpg,te,Released,7000000,21000000,"[{'id': 9989, 'title': 'Antitrust', 'poster_path': '/9PXyfcJe53A9qFkcj5dkTJwIWoS.jpg'}, {'id': 257916, 'title': 'Wanted by the Police', 'poster_path': '/331ikxuwtsnH2yB3PVASnmOcr6E.jpg'}, {'id': 8985, 'title': 'Visions of Europe', 'poster_path': '/2v0gZZRiFVHNOraIbU21fDEzH4A.jpg'}, {'id': 1310346, 'title': 'Small Selkie', 'poster_path': '/utTD8htoNGcaRuaFCE3edwxV5lH.jpg'}, {'id': 14289, 'title': 'Fire Down Below', 'poster_path': '/nflONy2WMEui7uCGCAtkD1r9vnl.jpg'}]",2026-04-01T12:32:45.201708
869760,Hanu-Man,హను-మాన్,"In a small village, Hanumanthu, a petty thief, finds a mysterious gem, that gives him god-like powers. Will he succeed in keeping these powers from falling into the wrong hands and save his village?",The Most Powerful Superhero In The Universe,"['Fantasy', 'Action', 'Comedy', 'Science Fiction']","['Teja Sajja', 'Vinay Rai', 'Amritha Aiyer', 'Varalaxmi Sarathkumar', 'Vennela Kishore', 'Getup Srinu', 'Deepak Shetty', 'Samuthirakani']",['Prasanth Varma'],"['Prasanth Varma', 'scriptsville']","['hanuman', 'prasanth varma cinematic universe']",2024-01-11,UA,159,6.569,36,1.5826,/m1zq48rWSXxplzoJR8YtbXWnnHM.jpg,/evUpfs4dw7AuZ5k8dkePVMFSg0T.jpg,te,Released,4809416,0,"[{'id': 1532239, 'title': 'Chiranjeevi Hanuman: The Eternal', 'poster_path': '/5PJNeckEmOcMVh8xT4YVjdUf5nj.jpg'}, {'id': 217086, 'title': 'Hanuman and the Seven Ultramen', 'poster_path': '/7aap7ygcvSIcVEiE9IqTw7a4XJA.jpg'}, {'id': 1413633, 'title': 'Jahan Jahan Charan Pade Raghuvar Ke', 'poster_path': None}, {'id': 821902, 'title': 'Siyavar Ram', 'poster_path': '/lWFW7H2w5oVmujMRyWPucOBumgs.jpg'}, {'id': 961207, 'title': 'Out and About', 'poster_path': '/i9Min6Gvjoeb6DKiNMgoj6njpuv.jpg'}]",2026-04-01T12:32:45.930006
66107,Don,డాన్,"Surya lives a middle-classed lifestyle along with his honest father who is a Police Inspector. When his father arrests a gangster, he is killed, leaving Surya alone to fend for himself. He overcomes many problems, comes to the rescue of a young boy, Jadhav, and together they assist other oppressed youth, who subsequently make Surya their leader. Years later Surya is a much respected and equally feared Don, and lives a wealthy lifestyle along with Jadhav, Bannerjee, and Mathur as his trusted assistants. He dispenses justice quickly and comes to the assistance of the poor and needy. He meets with Mathur's daughter, Priya, and both fall in love with each other. Jadhav, meets with Nandini, and wants to get married to her. Then complications shatter their lives when Pakistani gangster, Feroz, starts taking an interest in India and wants Surya to join forces with him. When Surya refuses, Feroz lets lose a reign of terror that will devastate and change Surya's life forever.",,"['Drama', 'Action', 'Comedy']","['Nagarjuna Akkineni', 'Anushka Shetty', 'Raghava Lawrence', 'Nikita Thukral', 'Kota Srinivasa Rao', 'Jeeva', 'Nassar', 'Chalapathi Rao']",['Raghava Lawrence'],[],[],2007-12-20,NR,145,5.895,19,1.5218,/muDvHnqcS0R6gxWnw8IqfKMlmPG.jpg,/tIQANPdcejimp4F7yAXauMcMNHf.jpg,te,Released,0,0,[],2026-04-01T12:32:46.698440
353533,Srimanthudu,శ్రీమంతుడు,"Harsha, a multi-millionaire guy who has everything but there is something else he's looking for and in the process he adopts a complete village trying to bring change in the people.",,"['Action', 'Drama']","['Mahesh Babu', 'Shruti Haasan', 'Jagapati Babu', 'Mukesh Rishi', 'Sampath Raj', 'Rajendra Prasad', 'Ali Basha', 'Shivaji Raja']",['Koratala Siva'],"['Koratala Siva', 'Koratala Siva']","['crime boss', 'political intrigue\xa0', 'wrongful conviction', 'family values', 'political corruption', 'social issues', 'false arrest', 'remote village', 'father son relationship', 'infrastructure', 'social responsibility', 'romantic', 'uplifting message', 'rural development']",2015-08-07,UA,163,6.8,57,1.5203,/qHSgSMZUiIqKCe76PBs6QuA6MRM.jpg,/xzA3eDQQamDA9RHa510PaGiZdrJ.jpg,te,Released,0,0,"[{'id': 425980, 'title': ""Brad's Status"", 'poster_path': '/uXiNpvig7EMq18VyNBUTlWrmN0q.jpg'}, {'id': 3423, 'title': 'The Things of Life', 'poster_path': '/nC3b7VV5YcSkAF6WteQL8EF4lme.jpg'}, {'id': 3097, 'title': 'The Tulse Luper Suitcases, Part 1: The Moab Story', 'poster_path': '/roUKvEKMSxxjo3Du0MIrwUHzjdN.jpg'}, {'id': 3526, 'title': 'Frances', 'poster_path': '/eyUq8VBgoHncr0cXFTKgg3VPyfi.jpg'}, {'id': 3082, 'title': 'Modern Times', 'poster_path': '/7uoiKOEjxBBW0AgDGQWrlfGQ90w.jpg'}]",2026-04-01T12:32:47.431478
31629,Arundhati,అరుంధతి,Arundhati  belongs to Gadwal samsthanam in 1920’s. She is known for her bravery in saving the Samstanam by killing Pasupathi an evildoer. But the spirit of Pasupathi haunts that place. Another girl is born in the same lineage after 3 generations and she is named as Arundhati. The spirit of Pasupati is after Arundhati to take the revenge.,,"['Horror', 'Fantasy', 'Thriller']","['Anushka Shetty', 'Sonu Sood', 'Manorama', 'Sayaji Shinde', 'Kaikala Satyanarayana', 'Arjan Bajwa', 'Subhashini', 'Ahuti Prasad']",['Kodi Ramakrishna'],['Chintapalli Ramana'],"['reincarnated princess', 'demon slayer']",2009-01-16,A,132,6.7,31,1.5158,/mhw0y6E4WbQ4LjlW3962vevh9BQ.jpg,/cct3pVAgWaZunDDnsJtBdh1v16S.jpg,te,Released,2915739,14000000,"[{'id': 3547, 'title': 'Reflections in a Golden Eye', 'poster_path': '/aB2q0EqCedMUlGdsulIqE1REf4a.jpg'}, {'id': 3595, 'title': 'Ransom', 'poster_path': '/4nmOA5ZOY2VlHzwSlKY03sF2JUz.jpg'}, {'id': 4351, 'title': 'Bordertown', 'poster_path': '/c0AR36VzvB5ileCoMfSlV9bFsVn.jpg'}, {'id': 3766, 'title': 'The Lady from Shanghai', 'poster_path': '/whqdqWavNMSoeXTx1X3DauO1LG6.jpg'}, {'id': 4989, 'title': 'Shamus', 'poster_path': '/xT2oVBP3FBz0bOiPDn3Gc6pk0Z2.jpg'}]",2026-04-01T12:32:48.177821
371363,Brahmotsavam,బ్రహ్మోత్సవం,"When a charming NRI girl falls in love with a wealthy businessman, she unwittingly sparks conflict within his large joint family. How will her lover find a way to marry her, while still ensuring that his large family remains happy and harmonious?",,"['Family', 'Drama']","['Mahesh Babu', 'Kajal Aggarwal', 'Samantha Ruth Prabhu', 'Revathi', 'Pranitha Subhash', 'Sathyaraj', 'Rao Ramesh', 'Jayasudha']",['Srikanth Addala'],['Srikanth Addala'],"['family relationships', 'nri', 'family values', 'father son relationship', 'traditional values', 'melodrama', 'family rivalry', 'family melodrama', 'emotional turmoil', 'cultural heritage', 'family struggles']",2016-05-20,U,156,4.4,15,1.5035,/kqfDxSE0shQyN9PYsSAlTiGnUVt.jpg,/8xGfLceOxlaPvmYkjuYxzPYjH5G.jpg,te,Released,11000000,10000000,"[{'id': 252723, 'title': 'Mercy Rule', 'poster_path': '/4Hz3xsBVAQIIjgXpFOvffwTeox8.jpg'}, {'id': 1825, 'title': 'Over the Top', 'poster_path': '/a926UPf4EYbHfjdzf012M5YHiQ5.jpg'}, {'id': 598725, 'title': 'Talented Woman', 'poster_path': '/rBB7bBa75U8319mWHAWoTYXIiBO.jpg'}, {'id': 960453, 'title': 'AS Center Daishin Man', 'poster_path': '/jqE7ykAXJQFDOYFPTu2fMI6KHC6.jpg'}, {'id': 426426, 'title': 'Roma', 'poster_path': '/dtIIyQyALk57ko5bjac7hi01YQ.jpg'}]",2026-04-01T12:32:48.931727
834654,Ante... Sundaraniki!,అంటే... సుందరానికీ!,"A man from a Brahmin family falls in love with a Christian girl. In order to convince their parents, they say contrasting lies which complicates the situation and leads to a comedy of errors.",,"['Comedy', 'Romance', 'Family']","['Nani', 'Nazriya Nazim', 'Naresh', 'Rohini', 'N. Azhagamperumal', 'Nadhiya', 'Harsha Vardhan', 'Anupama Parameswaran']",['Vivek Athreya'],['Vivek Athreya'],['inter religion relationship'],2022-06-10,U,173,7.0,41,1.5004,/yzMsEhiW8ip3hweLCnu48t4RdWD.jpg,/arhGNrtkEHS9JX5PBf4xeljBVZD.jpg,te,Released,0,0,"[{'id': 1404, 'title': 'Ae Fond Kiss...', 'poster_path': '/tShULKbs8svdBcekljqGPO42PNj.jpg'}, {'id': 120150, 'title': 'Thattathin Marayathu', 'poster_path': '/pJnwpWxAFMexmQrasF5oEQir0c3.jpg'}, {'id': 61686, 'title': 'Marock', 'poster_path': '/kpLFVzw8UXz4SCiA76g4jaAiV24.jpg'}, {'id': 75491, 'title': ""The Rabbi's Cat"", 'poster_path': '/pcjwhq6hF3z2Wir0ZcKHTxmtRsH.jpg'}, {'id': 1607634, 'title': 'Anbe Diana', 'poster_path': '/201CEvG6ayNj71iSLxxEk7pUv0N.jpg'}]",2026-04-01T12:32:49.683796
73112,Venky,వెంకీ,"Venky is headed to Hyderabad to join the police force. However, he ends up embroiled in a double murder on the train. When he joins the academy, he realises that their boss is the murderer.",,"['Comedy', 'Adventure']","['Ravi Teja', 'Sneha', 'Srinivasa Reddy', 'Chitram Seenu', 'Ramachandra', 'Ashutosh Rana', 'Brahmanandam', 'Amanchi Venkata Subrahmanyam']",['Sreenu Vaitla'],"['Kona Venkat', 'Gopi Mohan']",[],2004-03-26,NR,162,6.4,15,1.4993,/xCtw4lF84m57WIh1nIOnZvKMvKw.jpg,/ngRPqZ32pjZFt4y6lFjnsNiUSZs.jpg,te,Released,0,0,[],2026-04-01T12:32:50.429924
1439713,Mana ShankaraVaraPrasad Garu,మన శంకర వరప్రసాద్ గారు,"National security officer Vara Prasad, protecting his estranged wife and kids from a vengeful ex-cop, sees it as a chance to rebuild their relationship after six years apart.",Pandagaki Vastunnaru,"['Action', 'Comedy', 'Mystery']","['Chiranjeevi', 'Nayanthara', 'Venkatesh', 'Catherine Tresa', 'Harsha Vardhan', 'Abhinav Gomatam', 'Sachin Khedekar', 'Sharat Saxena']",['Anil Ravipudi'],['Anil Ravipudi'],[],2026-01-11,U/A 13+,162,6.1,19,1.4857,/sfj6SLSzbzHN2633HcqabHFJz5y.jpg,/x7jZHALUR58sAzEw0Ms9ohfapP8.jpg,te,Released,0,0,[],2026-04-01T12:32:51.157003
501987,Bharat Ane Nenu,భరత్ అనే నేను,"Bharat, a graduate from Oxford, is forced to take up his father's position as the chief minister after his sudden demise. He is not happy with the way government is functioning in the state and tries to reform the corrupt society but faces obstacles from his enemies.",,"['Drama', 'Action']","['Mahesh Babu', 'Kiara Advani', 'Prakash Raj', 'R. Sarathkumar', 'Aamani', 'Devaraj', 'Sithara', 'Posani Krishna Murali']",['Koratala Siva'],"['Koratala Siva', 'Koratala Siva']","['new love', 'corruption', 'politics', 'political activism', 'class differences', 'election', 'political intrigue\xa0', 'death of parent', 'integrity', 'social change', 'family legacy', 'youth', 'political drama', 'loss of parent', 'social responsibility']",2018-04-20,UA,173,6.5,68,1.4838,/a0hFV8G0ofyPgPEjVcYrueuxFex.jpg,/n2pVLNjVxGMQZvZFVDXN4Guw3Qd.jpg,te,Released,11000000,33907059,"[{'id': 253569, 'title': 'Panchavadi Palam', 'poster_path': '/bvoLGAHYjJ0ZAy0VZXErYhgHNR1.jpg'}, {'id': 2349, 'title': 'Erbsen auf halb 6', 'poster_path': '/8dHHRyyIxhSf2xn7Dp93BtopMlm.jpg'}, {'id': 2359, 'title': 'Sicko', 'poster_path': '/p3L6lwVFgv1VaqbtDLWkAlLc319.jpg'}, {'id': 2388, 'title': 'À San Remo', 'poster_path': '/jhnN2T2xCApakoNOcyGyUku1s0o.jpg'}, {'id': 2433, 'title': 'The Young Girls of Rochefort', 'poster_path': '/jtxhyGaYhurH6KsjvP1jV3dDypz.jpg'}]",2026-04-01T12:32:51.894157
1194915,Saripodhaa Sanivaaram,స‌రిపోదా శ‌నివారం,"Set in Sokulapalem, bound by a promise to his mother, Surya, an LIC agent leads a normal life on six days, maintains a careful ledger of everyone made him angry,unleashing his anger only on Saturdays, solely for justifiable reasons. A tragic incident pits him on a collision course with the ruthless and borderline-manic cop Daya.",,"['Action', 'Thriller']","['Nani', 'S. J. Suryah', 'Priyanka Arul Mohan', 'Sai Kumar', 'Murali Sharma', 'Aditi Balan', 'Abhirami', 'Anitha Chowdary']",['Vivek Athreya'],"['Vivek Athreya', 'Vivek Athreya']",[],2024-08-29,UA,172,6.5,29,1.4774,/e2yVhbMkpi4JvvdIhvRpS0Muge7.jpg,/yxQACC8pPE5RpRU8nFVU830LL6u.jpg,te,Released,6503911,11825293,[],2026-04-01T12:32:52.601719
69924,Veera,వీర,"Veera Venkata Satyanarayana aka Veera is the son of a landlord. But his step mother and step sister stay in city away from them. Meanwhile, his father gets killed from a goon and Veera too murders him. However, a big industrialist plans for a power project in their village and wants to vacate the entire village and takes the help of a local don Rayudu. But Veera halts their efforts. At this juncture, Veera marries Kabaddi Chitti and his brother marries the daughter of commissioner of police.....",,"['Action', 'Comedy', 'Drama']","['Ravi Teja', 'Kajal Aggarwal', 'Ali Basha', 'Taapsee Pannu', 'Sridevi Vijayakumar', 'Shaam', 'Roja Selvamani', 'Brahmanandam']",['Ramesh Varma'],[],[],2011-05-20,UA,145,5.1,12,1.4668,/l9901V8tyk7KzhWoRU7qmHcUn9r.jpg,/6jSEkecB0NZFEBl8KhCv8XSwR92.jpg,te,Released,0,0,[],2026-04-01T12:32:53.335432
1424217,Court: State vs. A Nobody,కోర్ట్: State vs. A Nobody,"A determined lawyer takes on a high-stakes case to defend a 19-year-old boy, challenging a system that has already branded him guilty.",,"['Drama', 'Romance', 'Crime']","['Priyadarshi Pullikonda', 'Harsh Roshan', 'Sridevi Apalla', 'Sivaji Sontineni', 'Sai Kumar', 'Harsha Vardhan', 'Rohini', 'Surabhi Prabhavathi']",['Ram Jagadeesh'],"['Vamsidhar Sirigiri', 'Karthikeya Sreenivass', 'Ram Jagadeesh', 'Ram Jagadeesh']","['trial', 'courtroom', 'legal battle', 'hopeful']",2025-03-14,U/A 13+,149,7.56,25,1.4632,/4pEX67LJd7ZIqYWtksBtOgQEGcQ.jpg,/efMmUfbqfMTtheqjcWiHDtxcXbA.jpg,te,Released,0,7817325,"[{'id': 1813, 'title': ""The Devil's Advocate"", 'poster_path': '/5ZzBGpxy55OQzHxKVY11IpY6a0o.jpg'}, {'id': 1645, 'title': 'A Time to Kill', 'poster_path': '/w8UCke112E9jrhjKcwG32kyhTx5.jpg'}, {'id': 3009, 'title': 'The Trial', 'poster_path': '/4qDUe5HqB8pXNplSBlsoyVjNP3r.jpg'}, {'id': 254139, 'title': 'The Rose Garden', 'poster_path': '/rWN6xIyAcXMZ5yFp4LdQvNTlpnL.jpg'}, {'id': 4202, 'title': 'Danton', 'poster_path': '/az5XParmpea0fxAjwEgHpUrXzw0.jpg'}]",2026-04-01T12:32:54.059985
77043,Yamadonga,యమదొంగ,"Raja, an orphaned thief, dies while helping a gang in kidnapping a wealthy heiress, Mahi, in exchange of money. He then lands in Yamlok and fights with Yama, the god of death, to get his life back.",,"['Fantasy', 'Action', 'Comedy']","['N.T. Rama Rao Jr.', 'Priyamani', 'Mamta Mohandas', 'Mohan Babu', 'Brahmanandam', 'Ali Basha', 'Jayaprakash Reddy', 'Raghu Babu']",['S. S. Rajamouli'],"['Vijayendra Prasad', 'S. S. Rajamouli', 'Vijayendra Prasad']",[],2007-08-15,UA,178,6.167,30,1.4558,/3CcAZYYkG0dralHCyOmouS6dNPh.jpg,/lxK7KzZEk6aIQsOt5GryKQpxa8P.jpg,te,Released,4550000,10000000,"[{'id': 847, 'title': 'Willow', 'poster_path': '/pAIRGMIdN7ZdZhflazdV2ezuJ9f.jpg'}, {'id': 879, 'title': 'Hook', 'poster_path': '/a6rB1lGXoGms7gWxRfJneQmAjNV.jpg'}, {'id': 866, 'title': 'Finding Neverland', 'poster_path': '/5JyDPH4qdr0I6pF7Bjh1Qrf1Jhh.jpg'}, {'id': 1024, 'title': 'Heavenly Creatures', 'poster_path': '/uvb86wVCIqD3Rlbr0GTNgWDF7Zo.jpg'}, {'id': 252391, 'title': ""Kiki's Delivery Service"", 'poster_path': '/4okVsLYuRH9DSzLAvg44DcckkiB.jpg'}]",2026-04-01T12:32:54.777653
1127824,Double iSmart,డబుల్ ఇస్మార్ట్,"Big Bull, a notorious assassin, wants to achieve immortality by transferring his memories to ""iSmart"" Shankar, who already has another's person's memories, leading to the intense confrontation between Shankar and Big Bull.",,"['Action', 'Science Fiction', 'Thriller']","['Ram Pothineni', 'Sanjay Dutt', 'Kavya Thapar', 'Sayaji Shinde', 'Getup Srinu', 'Makrand Deshpande', 'Temper Vamsi', 'Gurbani Judge']",['Puri Jagannadh'],['Puri Jagannadh'],[],2024-08-15,A,162,3.8,12,1.4396,/kwaitETl1wiQ9kgOMxIuNOawcJP.jpg,/v7aNfbADrq8ENgY9FiIjkEi937j.jpg,te,Released,0,0,[],2026-04-01T12:32:55.480327
82324,Thulasi,తులసి,"Tired of her husband's crusade against factional feuds, Thulasi's wife leaves him. However, when their fatally ill son is abducted by factionists, he must resort to violence again.",,"['Action', 'Family', 'Drama']","['Venkatesh', 'Nayanthara', 'Vijayakumar', 'Ashish Vidhyarthi', 'Rahul Dev', 'Ramya Krishnan', 'Sivaji Sontineni', 'Ali Basha']",['Boyapati Srinu'],"['Boyapati Srinu', 'Boyapati Srinu', 'Siva Akula']",[],2007-10-12,NR,150,5.7,11,1.4373,/yqYEDmoWaQImAL6D9SrKqroUDZJ.jpg,/aAu8mTKLq836kAQDq9NIItKOPQM.jpg,te,Released,0,0,[],2026-04-01T12:32:56.210357
863931,GodFather,గాడ్‌ఫాదర్‌,"The sudden demise of the celebrated leader PKR leaves the ruling party in a political crisis and shakes up the family. The party has to elect a leader, and more than one player is in contention. Everyone’s intentions are blurred, and loyalties are in question. Brahma is a game changer in this squabble. Who will succeed as the leader and become the CM?",,"['Action', 'Drama']","['Chiranjeevi', 'Nayanthara', 'Satyadev Kancharana', 'Salman Khan', 'Tanya Ravichandran', 'Samuthirakani', 'Brahmaji', 'Murali Sharma']",['Mohan Raja'],"['Mohan Raja', 'Mohan Raja']",['remake'],2022-10-05,UA,157,5.9,18,1.436,/im4u5huiePz0PKFWF4Thb7Tc3db.jpg,/nMZ2hUyw8PXT4a1Nbhzr9LX95ie.jpg,te,Released,0,0,"[{'id': 252738, 'title': 'Oshin', 'poster_path': '/tvEyrBudkgm31KAc24H2nTGxfTv.jpg'}, {'id': 1598, 'title': 'Cape Fear', 'poster_path': '/meJZAAuVcjic2ipvbOPz5UlE4P9.jpg'}, {'id': 774412, 'title': 'Zerrissen - Zwischen zwei Müttern', 'poster_path': '/4tBfqbqNDTbtSErcPtEtSsd1haF.jpg'}, {'id': 252852, 'title': 'Death Takes a Holiday', 'poster_path': '/lobwPbKxW44fq0qC4hoOw3zahBL.jpg'}, {'id': 1644, 'title': 'The Vanishing', 'poster_path': '/whCG6TGm3h9AHBkfh5M0MnJ8zT0.jpg'}]",2026-04-01T12:32:56.945145
295587,Loukyam,లౌక్యం,"Venky, a man who values his friends, goes against a local crime lord, Babji, when he helps his best friend elope with the gangster's daughter. Consequently, Babji orders a manhunt for Venky.",,"['Action', 'Comedy', 'Romance']","['Gopichand', 'Rakul Preet Singh', 'Sampath Raj', 'Brahmanandam', 'Prudhviraj', 'Hamsa Nandini', 'Chandramohan', 'Pragathi Mahavadi']",['Sriwass'],"['Kona Venkat', 'Gopi Mohan']",[],2014-09-26,U,149,5.7,11,1.4317,/twyNCGQ85ey1pGQQhnrogBYj7yf.jpg,/1gRytLoIezSyls3BoUXgZhGEcIp.jpg,te,Released,0,0,[],2026-04-01T12:32:57.691863
71918,King,కింగ్,"After Coimbatore-based Ravichandra Verma passes away, his young son, Raja, assumes the responsibility of running the family business as well as ensuring that his brother, Ajay, gets a good education - much to the chagrin of three of his uncles. Years later, while on a trip to Uttaranchal, despite of warnings from a Pandit, he gets killed by a female assassin, but his family is informed that he is missing. Shortly thereafter, Gyaneshwar Kale and his sister, Sravani/Shivani, will inform the family that Raja is still alive but is handicapped and suffers from memory loss. The family is overjoyed but are not aware that Raja is actually a hoodlum/extortionist known as Bottu Seenu/Raghu Rokda.",A hoodlum look-alike assumes the identity of a noble man.,"['Action', 'Comedy', 'Crime']","['Nagarjuna Akkineni', 'Trisha Krishnan', 'Srihari', 'Mamta Mohandas', 'Brahmanandam', 'Ajay', 'Sunil Varma', 'Srinivasa Reddy']",['Sreenu Vaitla'],"['Kona Venkat', 'Sreenu Vaitla', 'Gopi Mohan']",[],2008-12-25,U,173,5.2,20,1.4151,/u84c4qumExsXiV1PPS2ljpC6MSB.jpg,/3GiZYLUdYSDsCrP64qAfh6F5Q6A.jpg,te,Released,0,0,[],2026-04-01T12:32:58.458720
227056,Ramayya Vasthavayya,రామయ్యా వస్తావయ్యా,"Nandu, a happy-go-lucky college student falls head over heels in love with Akarsha and goes all out to woo her. But only after Akarsha falls for him does she realize that he has revenge on his mind.",,"['Drama', 'Action']","['N.T. Rama Rao Jr.', 'Samantha Ruth Prabhu', 'Shruti Haasan', 'Mukesh Rishi', 'Rao Ramesh', 'Kota Srinivasa Rao', 'Vidyullekha Raman', 'P. Ravi Shankar']",['Harish Shankar'],"['Harish Shankar', 'Ramesh Reddy', 'Satish Vegesna']",[],2013-10-10,NR,166,4.2,15,1.4144,/t8VCRPMkHQd7fWD9QuPloI9RgSj.jpg,/8EYCnQoHAIHpJzEvCjYgv9In1BI.jpg,te,Released,4200000,4300000,[],2026-04-01T12:32:59.177664
253533,Manam,మనం,"A married couple die in an accident, leaving behind a son. As he grows up and becomes successful, he comes across reincarnations of his father and mother as youngsters, and vows to bring them back together.",,"['Comedy', 'Drama', 'Fantasy', 'Family']","['Nagarjuna Akkineni', 'Nageshwara Rao Akkineni', 'Naga Chaitanya Akkineni', 'Shriya Saran', 'Samantha Ruth Prabhu', 'Brahmanandam', 'Ali Basha', 'Posani Krishna Murali']",['Vikram Kumar'],"['Vikram Kumar', 'Vikram Kumar']","['reincarnation', 'karma']",2014-05-23,U,163,7.119,59,1.4063,/pas4iupGgxk0UuhiILiWHDSkMBC.jpg,/g6Ef9NwRBmVUAm9zWpLutrWak6A.jpg,te,Released,0,0,"[{'id': 599960, 'title': 'French Exit', 'poster_path': '/l5iZuQr62YCs72AZ9P3HwApowaC.jpg'}, {'id': 2978, 'title': 'Ghostbusters II', 'poster_path': '/yObYPMA58DnTMvJooFW7GG6jWAt.jpg'}, {'id': 10261, 'title': 'Switch', 'poster_path': '/ddmOMoFWMpXJSU0YFddBU7d6kWT.jpg'}, {'id': 253400, 'title': 'Demonic Umbrella', 'poster_path': '/8ZH4IMWZjwgkd0kxr6cL6AmH5k6.jpg'}, {'id': 1689, 'title': 'Little Buddha', 'poster_path': '/xy70xtdoKZ3PxlKkakwdhL3UFDQ.jpg'}]",2026-04-01T12:32:59.892009
669146,Jaanu,జాను,"Decades post-high school, Ram and Jaanu meet at their school's reunion and explore their past thoughts consisting of affection, care, depth and grieve all over the period of one evening.",,"['Drama', 'Romance']","['Sharwanand', 'Samantha Ruth Prabhu', 'Gouri G Kishan', 'Sai Kiran Kumar', 'Vennela Kishore', 'Raghu Babu', 'Varsha Bollamma', 'Saranya Pradeep']",['C. Prem Kumar'],['C. Prem Kumar'],['childhood love'],2020-02-06,U,151,5.6,13,1.398,/2koyOXlN9mJF0CmWkiGs7IqP0ZI.jpg,/jvJC3Jeeg6fNz5PyM4HcAmFCdTL.jpg,te,Released,0,0,"[{'id': 253792, 'title': 'Mariana Mariana', 'poster_path': '/vyslfXQDn2rxYWe4o00s4yAL1E4.jpg'}, {'id': 18486, 'title': 'My Girl', 'poster_path': '/A2bnH1j5kOw0GvABqhMcE1AXsrf.jpg'}, {'id': 444951, 'title': 'New Life', 'poster_path': '/lFCuLSkOsvggknLaSKrll7JrzaU.jpg'}, {'id': 807986, 'title': 'The Hummingbird', 'poster_path': '/1lgbElaJ0oOia0C4U8QdqPrNeWR.jpg'}, {'id': 26436, 'title': 'A Summer Tale', 'poster_path': '/rROZUiGbgIuEMiQ9WzyOIVTWdU8.jpg'}]",2026-04-01T12:33:00.629302
197999,Iddarammayilatho,ఇద్దరమ్మాయిలతో,"A young woman becomes embroiled in a financial and political conspiracy while studying in Spain, as she meets a young musician with a somewhat dark past unfolded through the pages of his lover's diary.",,"['Action', 'Romance']","['Allu Arjun', 'Amala Paul', 'Catherine Tresa', 'Brahmanandam', 'Tanikella Bharani', 'Ali Basha', 'Rao Ramesh', 'Nassar']",['Puri Jagannadh'],['Puri Jagannadh'],[],2013-05-31,UA,138,5.5,29,1.393,/bsF7uWzX8zDeccfUdXbXXhKzu8D.jpg,/fME3xcW5sHMbT6N31E8s0PxPFG5.jpg,te,Released,0,0,[],2026-04-01T12:33:01.331242
459713,Mahanati,మహానటి,"Mahanati depicts the life and career of one of Telugu cinema's greatest and most iconic starlets, the first Indian female super star, Savitri.",Come Be A Part of History,"['Drama', 'History']","['Keerthy Suresh', 'Dulquer Salmaan', 'Samantha Ruth Prabhu', 'Vijay Deverakonda', 'Prakash Raj', 'Shalini Pandey', 'Mohan Babu', 'Radha Krishna Jagarlamudi']",['Nag Ashwin'],['Sai Madhav Burra'],"['biography', 'autobiography', 'crying', 'director', 'secret marriage', 'savitri', 'love marriage']",2018-05-09,U,176,7.6,57,1.3909,/5hwtlwoLdSpkoeusT0sf8qW5VFB.jpg,/ankByTJkkTVGYRBZuHcW9SXoFU1.jpg,te,Released,4346100,11589600,"[{'id': 1578, 'title': 'Raging Bull', 'poster_path': '/1WV7WlTS8LI1L5NkCgjWT9GSW3O.jpg'}, {'id': 774660, 'title': 'Demetre II', 'poster_path': '/rOzcVZQ023Qy2UGmURmVGuuIk3b.jpg'}, {'id': 1850, 'title': 'Man on the Moon', 'poster_path': '/msOZS07xRIFnapwp3fprGbKEAfT.jpg'}, {'id': 252959, 'title': 'The Sex Symbol', 'poster_path': '/vdTwmG0vBdXvCRgVtbu6FqGjDrc.jpg'}, {'id': 960769, 'title': 'Buya Hamka Vol. 1', 'poster_path': '/uDAKg2wkjmQX7rvLVpdBKXgR07P.jpg'}]",2026-04-01T12:33:02.064296
648705,Nishabdham,నిశ్శబ్దం,"Seattle PD is investigating the murder of a man and Sakshi, a deaf and mute artist, and her husband Antony, a renowned cello player, are related to it.",,"['Thriller', 'Horror']","['Anushka Shetty', 'R. Madhavan', 'Anjali', 'Michael Madsen', 'Subbaraju', 'Srinivas Avasarala', 'Shalini Pandey', 'Will Ammann']",['Hemant Madhukar'],"['Kona Venkat', 'Hemant Madhukar']","['haunted house', 'cello', 'female painter']",2020-10-02,UA,126,5.2,20,1.3879,/uadBKw7qfUTxZXsOedOZQJPOdMH.jpg,/wFb6t9ly8EwAKJwUCYexeWYna5r.jpg,te,Released,0,0,"[{'id': 776294, 'title': 'The House and The White String', 'poster_path': '/pt1fCUNE2z4YKtCXt713VluN31N.jpg'}, {'id': 776948, 'title': 'The House in Sherwood', 'poster_path': '/e9uDnoDsqeVuEpuJBtaYh0GGMQo.jpg'}, {'id': 5481, 'title': 'Shock', 'poster_path': '/lAa9c7jxONjWNbaacZrIwb39bf0.jpg'}, {'id': 426376, 'title': 'House No. 13', 'poster_path': '/d1J3yCfFzhiwr5AMvNBTX7ANPzL.jpg'}, {'id': 3021, 'title': '1408', 'poster_path': '/yE9MCW7ZNxSw5SC1TMqm51pMBIV.jpg'}]",2026-04-01T12:33:02.794777
473234,Arjun Reddy,అర్జున్ రెడ్డి,"A brilliant but impulsive young surgeon spirals into self-destruction after a painful breakup, struggling to cope with love, loss, and the consequences of his own temper.",,"['Drama', 'Romance']","['Vijay Deverakonda', 'Shalini Pandey', 'Rahul Ramakrishna', 'Kamal Kamaraju', 'Kanchana', 'Sanjay Swaroop', 'Gopinath Bhat', 'Priyadarshi Pullikonda']",['Sandeep Reddy Vanga'],"['Sandeep Reddy Vanga', 'Sandeep Reddy Vanga']","['depression', 'self-destruction', 'drug addiction', 'break-up', 'alcoholic', 'impulsive', 'mentally unstable']",2017-08-25,A,187,6.983,117,1.3834,/kHubDgL59I5hCn7ccBYvU7bKY1r.jpg,/rhPJSfpy7s0x9jQPCGkqD2kvXAC.jpg,te,Released,780000,8000000,"[{'id': 1850, 'title': 'Man on the Moon', 'poster_path': '/msOZS07xRIFnapwp3fprGbKEAfT.jpg'}, {'id': 1140833, 'title': 'Selfhood', 'poster_path': '/ohLjmzuzSHQuMpNlnGUVQQDnn6N.jpg'}, {'id': 1675, 'title': 'Day for Night', 'poster_path': '/e5xDrSx6zDEUlMe2dWKGhv88PDZ.jpg'}, {'id': 1720, 'title': 'Noi the Albino', 'poster_path': '/dy8srjJ3pQCA967wcJ2WaaTbr51.jpg'}, {'id': 1830, 'title': 'Lord of War', 'poster_path': '/3MGQD4yXokufNlW1AyRXdiy7ytP.jpg'}]",2026-04-01T12:33:03.508193
63414,Darling,డార్లింగ్,"Prabha prepares to meet Nandini, his childhood friend, at a reunion party organised by his father. However, things take a turn when Nisha, a gangster's daughter, falls in love with him.",,"['Drama', 'Romance']","['Prabhas', 'Kajal Aggarwal', 'Prabhu', 'Tulasi', 'Ahuti Prasad', 'Chandramohan', 'M. S. Narayana', 'Dharmavarupu Subramanyam']",['A. Karunakaran'],"['A. Karunakaran', 'A. Karunakaran']",[],2010-04-23,U,152,6.5,31,1.3811,/lUPhjbTUbOdprc9waFcB47bmKKE.jpg,/nL9ajnjwCIzVUxZLJxfsE9z4Iop.jpg,te,Released,0,0,[],2026-04-01T12:33:04.214386
73583,Ready,రెడీ,"A brave man decides to kidnap his friend's beloved from a forced marriage, but ends up abducting the wrong bride. Ironically, the bride he kidnapped is ecstatic because she was already planning an escape. On the run, they fall in love, but in order to get married, they must convince their families.",Ready For Anything,"['Family', 'Action', 'Comedy']","['Ram Pothineni', ""Genelia D'Souza"", 'Brahmanandam', 'Tanikella Bharani', 'Sunil Varma', 'Chandramohan', 'Nassar', 'Kota Srinivasa Rao']",['Sreenu Vaitla'],"['Gopi Mohan', 'Sreenu Vaitla']",[],2008-06-19,UA,171,5.6,18,1.3809,/7OMenpYP2riOMS4FVdFgrTrYntc.jpg,/uDzelyg1xCMYMzLHj2SvOx69GdG.jpg,te,Released,0,0,[],2026-04-01T12:33:04.927507
1124838,Kingdom,కింగ్డమ్‌,"Soori, a modest police constable, is unintentionally dragged into a dangerous undercover spy operation in Sri Lanka for the Indian government. His journey is intimately linked to his estranged brother Siva, and the risks involved on their reunion.",From the shadows of betrayal shall rise a king.,"['Action', 'Thriller', 'Drama']","['Vijay Deverakonda', 'Satyadev Kancharana', 'Venkitesh V P', 'Bhagyashri Borse', 'Ronit Kamra', 'Baburaj', 'Ayyappa P. Sharma', 'Bhanu Prakashan']",['Gowtam Tinnanuri'],['Gowtam Tinnanuri'],[],2025-07-30,U/A 16+,160,6.6,28,1.3801,/hbyv4V1JJFJ4OD01JYO1ZWrDg5b.jpg,/ssDPH5LjnOcmDf17Jt0g2Amevvx.jpg,te,Released,0,400392,[],2026-04-01T12:33:05.640724
1372588,Akhanda 2: Thaandavam,అఖండ 2: తాండవం,"When all hope died, Akhanda arrived. He saved his family, protected his people, killed the wrongdoers, and retreated into isolation. But years later, new threats emerge putting the world in danger. And as the world burns, Akhanda returns.",,"['Action', 'Drama']","['Nandamuri Balakrishna', 'Pragya Jaiswal', 'Samyuktha', 'Aadhi Pinisetty', 'Akshara Nunna Sujana', 'Harshaali Malthotra', 'Kabir Duhan Singh', 'Poorna']",['Boyapati Srinu'],['Boyapati Srinu'],[],2025-12-12,U/A 16+,164,6.4,11,1.3764,/jo9efbQSGDZNQ6xMocyD1prFjdF.jpg,/805aMQucnpLkSmQ35Pql35fq3Gw.jpg,te,Released,0,0,[],2026-04-01T12:33:06.358087
226200,Pournami,పౌర్ణమి,"A dancer trains for an event where she has to perform a special dance in Lord Shiva's temple. But when she suddenly disappears, her younger sister Chandrakala decides to learn the dance.",,"['Drama', 'Action', 'Romance', 'Music']","['Trisha Krishnan', 'Prabhas', 'Charmy Kaur', 'Rahul Dev', 'Ajay', 'Sindhu Tolani', 'Mukesh Rishi', 'Geetha']",['Prabhu Deva'],"['M. S. Raju', 'Venkateswara Rao Paruchuri', 'Gopalakrishna Paruchuri']",['dance performance'],2006-04-20,UA,167,5.5,16,1.3715,/yFmORIXTXON5jnIoAfRmfljlcAE.jpg,/ewoW3SLOyrXGs6Ngojw6UuYefxu.jpg,te,Released,0,0,"[{'id': 3537, 'title': 'Fame', 'poster_path': '/ewuGn4kxsqbYfgSO8Y5kzYlBcKE.jpg'}, {'id': 11009, 'title': 'Saturday Night Fever', 'poster_path': '/ylA7E5Md21aqgzxbwa2dFxX8LKV.jpg'}, {'id': 88, 'title': 'Dirty Dancing', 'poster_path': '/9Jw6jys7q9gjzVX5zm1z0gC8gY9.jpg'}, {'id': 1309824, 'title': 'A Tale of James Brown', 'poster_path': '/4EKesJAIWZgWD4hw9eu2EnQ02R6.jpg'}, {'id': 959895, 'title': 'Lileya', 'poster_path': '/3WAeYl5zmbM1Iqa7Qgvm06DskAK.jpg'}]",2026-04-01T12:33:07.059345
204275,Balupu,బలుపు,"Ravi, a collection agent for a bank, learns from his friend about a man and woman who cheat gullible people. Soon, he resolves to teach the couple a lesson.",,"['Action', 'Comedy']","['Ravi Teja', 'Prakash Raj', 'Shruti Haasan', 'Anjali', 'Brahmanandam', 'Ashutosh Rana', 'Shafi', 'Adivi Sesh']",['Gopichand Malineni'],"['Gopichand Malineni', 'Bobby Kolli', 'Kona Venkat']",[],2013-06-29,A,149,5.889,18,1.3701,/wo8xJqf85PylZWvTgNmhwpsZsy.jpg,/wJEYfZ3E6RsKX9kqgaLLKgNuqZY.jpg,te,Released,4000000,8500000,[],2026-04-01T12:33:07.836411
249772,1: Nenokkadine,1 - నేనొక్కడినే,A rock star must overcome his psychological inhibitions to seek revenge for his parents' death.,,"['Action', 'Thriller', 'Mystery']","['Mahesh Babu', 'Kriti Sanon', 'Nassar', 'Kelly Dorji', 'Pradeep Ram Singh Rawat', 'Anand', 'Anu Hasan', 'Sayaji Shinde']",['Sukumar'],"['Sukumar', 'Jakka Hari Prasad', 'Jeremy Zimmerman', 'Sunil Madhav']","['london, england', 'rock star', 'identity', 'hallucination', 'identity crisis', 'crime boss', 'illusion', 'revenge', 'memory', 'psychological thriller', 'assumed dead', 'psychological disorder', 'green revolution', 'belfast']",2014-01-10,UA,176,6.6,92,1.3694,/dYpqpA7BsDHeyAGs9AAEPhZmbck.jpg,/dlq3GoejDFL1AfLeoOnarf6bGUW.jpg,te,Released,0,6019000,"[{'id': 1598, 'title': 'Cape Fear', 'poster_path': '/meJZAAuVcjic2ipvbOPz5UlE4P9.jpg'}, {'id': 1844, 'title': 'Entrapment', 'poster_path': '/psrm7DToacaxQvgViBAcrYiLKzH.jpg'}, {'id': 1562, 'title': '28 Weeks Later', 'poster_path': '/oix0aNv1lvW3nUGspUyvSIBlpbs.jpg'}, {'id': 1567, 'title': 'I Stand Alone', 'poster_path': '/4kMB2AAcDQ5diRuh7NTxuS90bx7.jpg'}, {'id': 1568, 'title': 'Carne', 'poster_path': '/7QNHk05hoi3dXaLFiZyXoj1I81b.jpg'}]",2026-04-01T12:33:08.552634
1380920,Sankranthiki Vasthunam,సంక్రాంతికి వస్తున్నాం,"When a renowned tech entrepreneur is kidnapped upon returning to India, a police officer recruits her ex-boyfriend, a former cop now living a quiet family life, to assist in the rescue mission.",,"['Action', 'Comedy']","['Venkatesh', 'Aishwarya Rajesh', 'Meenakshi Chaudhary', 'Upendra Limaye', 'Sai Kumar', 'Srinivasa Reddy', 'Naresh', 'VTV Ganesh']",['Anil Ravipudi'],['Anil Ravipudi'],[],2025-01-14,UA,144,5.5,12,1.3664,/gFa07KuR3tWFI6YFTeGz930zeMo.jpg,/34vhD3KFITH2Ymeh1wF73zZXYDZ.jpg,te,Released,0,0,[],2026-04-01T12:33:09.251772
376998,Nenu.. Sailaja...,నేను శైలజ,"Hari (Ram), a DJ in Vizag, proposes to many girls none of them accept his love. One day he sees a beautiful girl Sailaja (Keerthi Suresh) and also impresses her but doesn't propose to her fearing that he would be rejected. Hari spends some good times with Sailaja and right when he proposes his love, she rejects him point blank. An upset Ravi continues with his life and as time passes by, he gets a huge clue which could help him getting back his love.",,"['Comedy', 'Romance']","['Ram Pothineni', 'Keerthy Suresh', 'Sathyaraj', 'Naresh', 'Pradeep Ram Singh Rawat', 'Rohini', 'Dhanya Balakrishna', 'Vijayakumar']",['Kishore Tirumala'],['Kishore Tirumala'],['family drama'],2016-01-01,U,135,6.3,20,1.3533,/buQQUkoBTjt3nJftJLh8WqQ5cfX.jpg,/ikz3QJJWaU8cBoZ81XRX0wret18.jpg,te,Released,0,0,"[{'id': 427036, 'title': 'A Family On Edge', 'poster_path': None}, {'id': 1313351, 'title': 'Trajectoire', 'poster_path': '/rTT5x3VB2pjXiRFQSAfFEaU5tRJ.jpg'}, {'id': 601428, 'title': 'Pag-asa', 'poster_path': '/5lZzP11sKfTOMy5ykMVjBNnbysF.jpg'}, {'id': 604408, 'title': 'Rajbadhu', 'poster_path': '/kxLmERw39WOy1ChcNpH9OIoGsHd.jpg'}, {'id': 480, 'title': 'Monsoon Wedding', 'poster_path': '/vCwkv7tYFem0tQ9Duoq2MX7T7Zd.jpg'}]",2026-04-01T12:33:09.975286
1034590,Virupaksha,విరూపాక్ష,"Set in a village named Rudravanam in 1990's, Surya along with his mother, visit there after a long time. Suddenly a series of mysterious deaths occur due to an unknown person's occult practice and whole village is scared. Will Surya find the person causing the deaths and save the village?",,"['Horror', 'Mystery', 'Thriller']","['Sai Durgha Tej', 'Samyuktha', 'Brahmaji', 'Rajiv Kanakala', 'Ravi Krishna', 'Sai Chand', 'Sunil Varma', 'Ajay']",['Karthik Varma Dandu'],"['Sukumar', 'Karthik Varma Dandu']",[],2023-04-20,A,146,6.9,37,1.353,/fqMn4h9ctOyumII2nXDnm5mRTxQ.jpg,/xfm3oNEyguquFMW3Yq4UNgnoVRL.jpg,te,Released,0,0,[],2026-04-01T12:33:10.699858
23766,Billa,బిల్లా,A police inspector sends a gangster-lookalike to uncover the gang's secrets.,,"['Action', 'Thriller']","['Prabhas', 'Krishnam Raju', 'Anushka Shetty', 'Namitha', 'Kelly Dorji', 'Rahman', 'Supreet', 'Ali Basha']",['Meher Ramesh'],"['Meher Ramesh', 'Thota Prasad']",[],2009-04-03,NR,149,5.0,21,1.3395,/dJlJskiQFVDcWdb2f9FGl23x84m.jpg,/aPM0xaWvCW26XmPFZMwlBDrAGBI.jpg,te,Released,0,0,[],2026-04-01T12:33:11.433968
81070,Khushi,ఖుషి,"College friends Siddhu and Madhumati part ways due to a misunderstanding. Although they are in love and realize they cannot live without each other, their egos prevent them from uniting.",,"['Drama', 'Romance', 'Comedy']","['Pawan Kalyan', 'Bhumika Chawla', 'Sudhakar', 'Sivaji Sontineni', 'Nassar', 'Janaki Sabesh', 'Vijayakumar', 'Sudha']",['S. J. Suryah'],"['S. J. Suryah', 'S. J. Suryah']","['egomaniac', 'college love']",2001-04-26,U,169,6.0,22,1.339,/jw8CV9vj095jk4sE4bOxt3cv0Gz.jpg,/fku0yFRcYZjDuIUGABOpPu5x1hk.jpg,te,Released,0,0,"[{'id': 776472, 'title': 'When She Flies', 'poster_path': '/kEXaj9MM6ADSAubwE1Dd8hcoelI.jpg'}, {'id': 12637, 'title': 'New York, New York', 'poster_path': '/1nD40aUcPAxYdE1WxERrTjZuFGe.jpg'}, {'id': 286232, 'title': 'Old Man Rhythm', 'poster_path': '/7RreTTxTDAzjP4QJjmWh76e8vA2.jpg'}, {'id': 445064, 'title': 'Northern Lights', 'poster_path': '/oyXYlaqschwWW2Wimq6dBssrAtB.jpg'}, {'id': 450477, 'title': 'Literally, Right Before Aaron', 'poster_path': '/4fdjQ5lFbkSWlAUv7px6KSEOdxP.jpg'}]",2026-04-01T12:33:12.145128
410994,Dhruva,ధృవ,"A committed police officer is on a very dangerous mission to destroy the most corrupt person in the country, Siddharth Abhimanyu.",My enemy is my strength,"['Crime', 'Thriller', 'Action']","['Ram Charan', 'Rakul Preet Singh', 'Arvind Swamy', 'Nassar', 'Posani Krishna Murali', 'Navdeep', 'Madhusudhan Rao', 'Abhinaya']",['Surender Reddy'],"['Surender Reddy', 'Mohan Raja']",[],2016-10-07,UA,165,6.786,35,1.3377,/hh7D1fLjet1Ce1kcCkk5TVr3g9O.jpg,/jyLGOnKmqICxpjJ8GH4FXeTAliY.jpg,te,Released,7403575,0,[],2026-04-01T12:33:12.879670
965489,Kushi,ఖుషి,"Worlds and families collide when the son of a prominent atheist falls head over heels for the daughter of his father’s nemesis, a revered Hindu leader.",,"['Romance', 'Comedy', 'Drama']","['Vijay Deverakonda', 'Samantha Ruth Prabhu', 'Jayaram', 'Sachin Khedekar', 'Murali Sharma', 'Lakshmi', 'Rohini', 'Ali Basha']",['Shiva Nirvana'],"['Shiva Nirvana', 'Shiva Nirvana', 'Shiva Nirvana']",[],2023-08-31,U/A 16+,163,5.2,23,1.3327,/tiEnkpOarH20cCSikeLiWlvY1We.jpg,/iPTB7IFqxC1qG1rU5hQDxbzLQAr.jpg,te,Released,6300000,6400000,[],2026-04-01T12:33:13.582146
176590,Mirchi,మిర్చి,"A man returns to his country in order, ostensibly, to reform his girlfriend's violent family, but he seems to have a strange connection and a rather dark past.",,"['Action', 'Drama']","['Prabhas', 'Anushka Shetty', 'Richa Gangopadhyay', 'Sathyaraj', 'Brahmanandam', 'Subbaraju', 'Nadhiya', 'Ajay']",['Koratala Siva'],"['Koratala Siva', 'Koratala Siva']",[],2013-02-08,UA,154,6.3,36,1.3308,/rNj5OmO7KXkZsmsZO7XI6CX0aRs.jpg,/cKnTyKHRmGY6sLq2krD4pknicPz.jpg,te,Released,0,13081410,[],2026-04-01T12:33:14.313883
63372,Shakti,శక్తి,"The central minister's daughter who secretly goes on a trip is targeted by some evil Egyptians who want her and a holy diamond in their custody, while a guide gets linked to the fight as he protects her from all possible dangers.",,"['Action', 'Fantasy']","['N.T. Rama Rao Jr.', ""Ileana D'Cruz"", 'Prabhu', 'Sonu Sood', 'Brahmanandam', 'Jackie Shroff', 'Manjari Fadnnis', 'S. P. Balasubramaniam']",['Meher Ramesh'],"['Meher Ramesh', 'Meher Ramesh']","['daughter', 'temple', 'diamond', 'fight', 'sword', 'son', 'tourist guide', 'gunfight', 'protector', 'adopted child', 'journey', 'trident', 'ganges', 'stabbed']",2011-04-01,A,161,3.3,13,1.3272,/eycV5IA0TFc5wHtWmke7SpqXI8u.jpg,/hyfpK5UZ4msJwgqGzX1rFB5GPZj.jpg,te,Released,0,0,"[{'id': 16608, 'title': 'The Proposition', 'poster_path': '/bbSHSJuO5XjrIKMh6QXXLTg3Yzr.jpg'}, {'id': 3490, 'title': 'Drums of Fu Manchu', 'poster_path': '/sA6AB8UqfhnJ2n8GuzwXF0UBLfV.jpg'}, {'id': 3513, 'title': 'Legionnaire', 'poster_path': '/vHezb1DIEB3DyBx9gp914y03yAG.jpg'}, {'id': 775909, 'title': 'Contender', 'poster_path': '/zURKNbchm0IGOkE9iIDIQiF8CVI.jpg'}, {'id': 254425, 'title': 'When the Bullet Hits the Bone', 'poster_path': '/l4MXRgqKbJcIlkEhMebnJjT9DNx.jpg'}]",2026-04-01T12:33:15.053115
802065,F3: Fun and Frustration,F3: ఫన్ అండ్ ఫ్రస్టేషన్,"Venky and Varun Yadav are ordinary guys with ordinary lives. Their struggle is all about money. One day they hear about a wealthy industrialist in Vijayanagaram who is looking for his heir. What happens when Venky, Varun and the gang arrive at his doorsteps pretending to be his heir.",,"['Comedy', 'Romance', 'Family']","['Venkatesh', 'Varun Tej', 'Tamannaah Bhatia', 'Mehreen Pirzada', 'Rajendra Prasad', 'Sunil Varma', 'Raghu Babu', 'Pragathi Mahavadi']",['Anil Ravipudi'],"['Anil Ravipudi', 'Adhi Narayana']",[],2022-05-27,U,148,4.4,18,1.3246,/c6yJv8fyNONChZ6bSAGsLEnvDKt.jpg,/s9p6FrK5fDeQYQAYwXOYa8IgNNP.jpg,te,Released,7000000,16000000,"[{'id': 53168, 'title': 'King of Comedy', 'poster_path': '/dmJWvKNgeCrIwJH6AapdSMiZHop.jpg'}, {'id': 957082, 'title': 'Meng Ji Xiao Dui', 'poster_path': '/fhllrwpbTceKADWCdbc7GQaVeqE.jpg'}, {'id': 843445, 'title': 'Like Father and Son', 'poster_path': '/A2r0f9318L1YrYyARy1jpQy4EAe.jpg'}, {'id': 150279, 'title': 'Emperor Visits the Hell', 'poster_path': '/AheS8oRIFcBqR1VWBUbBBtafqip.jpg'}, {'id': 1105264, 'title': '+TIC Elder Sister Kurii Cha', 'poster_path': '/sO7lbxGPOaz1IgInc7ozph2tDpv.jpg'}]",2026-04-01T12:33:15.776256
456431,Raja the Great,రాజా ది గ్రేట్,Raja is a blind man who's trained by his head constable mother to use his disability to his advantage. Lucky is the pampered daughter of a police officer and they're each other's whole world. What happens when Lucky's world is shaken by a goon Deva? How does Raja fit into this picture?,,"['Action', 'Comedy']","['Ravi Teja', 'Mehreen Pirzada', 'Srinivasa Reddy', 'Vivan Bhatena', 'Radikaa Sarathkumar', 'Tanikella Bharani', 'Sampath Raj', 'Prakash Raj']",['Anil Ravipudi'],"['Anil Ravipudi', 'Anil Ravipudi', 'Anil Ravipudi']",['blind man'],2017-10-18,UA,149,6.0,27,1.3192,/jJCAmTsphSfPiYQc4LsYKpdAhTK.jpg,/7Yozxyv12TebzwePC9ym4fzR0zs.jpg,te,Released,0,0,"[{'id': 426166, 'title': 'My Annoying Brother', 'poster_path': '/7Cxrt3gSH9VAKDvsuk6Tx1IShJy.jpg'}, {'id': 13162, 'title': 'Blind Dating', 'poster_path': '/ePdwljLE0jm2y1vVsds2nx5hhvH.jpg'}, {'id': 19124, 'title': 'Blind Fury', 'poster_path': '/ufbA7v7b2xt85Cf1tocr69cwuCO.jpg'}, {'id': 424171, 'title': 'Blind Luck', 'poster_path': None}, {'id': 255606, 'title': 'Whipmaster: Ballad of Murder', 'poster_path': '/e0XxnVpHeYz9lyhxRntyirFKS8Y.jpg'}]",2026-04-01T12:33:16.490713
40909,Vikramarkudu,విక్రమార్కుడు,"A thief's life changes after he discovers a little girl who claims he is her father, and what follows is violence after a gang hunting for his lookalike closes in on him.",,"['Action', 'Drama']","['Ravi Teja', 'Baby Neha', 'Anushka Shetty', 'Ajay', 'Vineet Kumar', 'Brahmanandam', 'Rajiv Kanakala', 'Ruthika']",['S. S. Rajamouli'],"['S. S. Rajamouli', 'Vijayendra Prasad']",['dual role'],2006-06-23,A,161,6.5,34,1.3177,/b0yLhLXvlPS5uwyacBVNnR4KoOZ.jpg,/isNKHkNglM8LrSnIMC7AqOtvXKC.jpg,te,Released,0,0,"[{'id': 433702, 'title': 'Kamen Rider Hibiki The Movie: Hibiki & The Seven War Oni', 'poster_path': '/ywDWzzra3ayHKVmT3HrocA85yl8.jpg'}, {'id': 11498, 'title': 'Dead Again', 'poster_path': '/irEnDVtxox6gnRJuwtEZuxvl2vZ.jpg'}, {'id': 270037, 'title': 'Büyük Yemin', 'poster_path': '/6PC4wzDCQIkoO5HLSyEy84Kqlzj.jpg'}, {'id': 287376, 'title': 'I Am Sebastian Ott', 'poster_path': None}, {'id': 1157251, 'title': 'My Last Best Friend', 'poster_path': '/ziWtSmNthDv5BXkOqwREZqxB6Kw.jpg'}]",2026-04-01T12:33:17.225667
679919,Acharya,ఆచార్య,"Acharya, a middle-aged Naxalite-turned-social reformer, launches a fight against the Endowments Department over misappropriation and embezzlement of temple funds and donations.",,"['Action', 'Drama']","['Chiranjeevi', 'Ram Charan', 'Sonu Sood', 'Jisshu Sengupta', 'Ajay', 'Nassar', 'Pooja Hegde', 'Tanikella Bharani']",['Koratala Siva'],['Koratala Siva'],[],2022-04-29,UA,152,4.1,22,1.3173,/hVgTZdg25d8RN2hIHbqSTijdeX1.jpg,/s3uWMC7FThbY99puaMy1pTaxmgD.jpg,te,Released,18000000,0,[],2026-04-01T12:33:17.929970
82572,Student No. 1,స్టూడెంట్ నెం.1,"At his father's request, Aditya attends a law college in the coastal metropolis of Visakhapatnam, although he actually wanted to become an engineer. On the first day he meets the beautiful Anjali. Over time, the female student slowly begins to become interested in the strange newcomer, who acts nice and friendly but doesn't seem to be interested in anything else. The college is notorious for its disobediently and disorderly students. It's not the professors who are in charge on campus, but rather the student leader Satya. He is also in love with Anjali and sees Aditya as a competitor who needs to be put in his place. So Aditya faces multiple problems as he tries to reform the unruly students while dealing with his terrible past that everyone doesn't know about.",,"['Action', 'Drama', 'Crime', 'Romance', 'Mystery', 'Comedy']","['N.T. Rama Rao Jr.', 'Gajala', 'Rajiv Kanakala', 'Brahmanandam', 'Ali Basha', 'Kota Srinivasa Rao', 'Malladi Raghava', 'Sudha']",['S. S. Rajamouli'],"['Pruthvi Teja', 'K Raghavendra Rao']","['college', 'coming of age', 'college love', 'college friends', 'college life', 'students']",2001-09-27,U,155,5.2,12,1.3065,/5R3plOFdnoZyIVcXRKUcsHhI9RW.jpg,/xWX5Do25HHAQq8atjDyO6NGioFx.jpg,te,Released,0,0,"[{'id': 1309931, 'title': 'The Ball Boy', 'poster_path': '/74duTdLCaKjRVz1Q1rbs1KTJ3Oj.jpg'}, {'id': 252934, 'title': 'Call Her Mom', 'poster_path': '/lP85hvn1ngASpQgL8YDfV09K2Rl.jpg'}, {'id': 425145, 'title': 'Torrey Pines', 'poster_path': '/ah2R4cyxXIHGB3Suz7e6vF7LLl4.jpg'}, {'id': 1811, 'title': 'Nowhere', 'poster_path': '/c1TZKfzvATep5x5DthqWjjWtU2l.jpg'}, {'id': 960170, 'title': 'Rainbow', 'poster_path': '/7RVajiBhqJVwKIhUqSnRWBWhZA5.jpg'}]",2026-04-01T12:33:18.674640
81002,Rakhi,రాఖీ,"An ambitious and young man named Rama Krishna avenges his sister's death after her in-laws burn her alive due to their greed for dowry. Thereafter, he starts killing every man that harasses a woman.",Highly Inflammable,"['Drama', 'Action']","['N.T. Rama Rao Jr.', ""Ileana D'Cruz"", 'Charmy Kaur', 'Suhasini Maniratnam', 'Chandramohan', 'Kota Srinivasa Rao', 'Saranya Ponvannan', 'Brahmanandam']",['Pasupuleti Krishna Vamsi'],"['Pasupuleti Krishna Vamsi', 'Pasupuleti Krishna Vamsi', 'Pasupuleti Krishna Vamsi']",[],2006-12-22,UA,166,5.8,11,1.2898,/lpxVMynqh1I7bbRqab77uI83K1q.jpg,/ePWyz0yslY8Gp6gdAtsE1OgfuMF.jpg,te,Released,0,0,[],2026-04-01T12:33:19.395774
25882,Indra,ఇంద్ర,"A man embarks on a quest to make peace between two families fighting over the water problem in their district. In a bid to solve this crisis, he agrees to marry a girl from the rival family.",Born for the people.,"['Drama', 'Action']","['Chiranjeevi', 'Sonali Bendre', 'Aarthi Agarwal', 'Mukesh Rishi', 'Sivaji Sontineni', 'Brahmanandam', 'Telangana Shakuntala', 'Tanikella Bharani']",['B. Gopal'],"['Venkateswara Rao Paruchuri', 'Gopalakrishna Paruchuri', 'Chinni Krishna']","['arranged marriage', 'con man', 'deception', 'dysfunctional family', 'machismo', 'revenge', 'betrayal', 'massacre', 'vengeance', 'resilience', 'death of a child', 'feuding families']",2002-07-24,NR,179,6.4,14,1.286,/2PPCIPNzSRqRjyNf3ZU1NN8yXv.jpg,/mmuWx4t5LI847W0SVo1uoKwthrW.jpg,te,Released,1200000,6600000,"[{'id': 961268, 'title': 'Ballerina', 'poster_path': '/oE7xtGDqZnr7tFHfwb8oM9iRW6H.jpg'}, {'id': 2378, 'title': 'The Island of Thirty Coffins', 'poster_path': '/yHYx4ClWbx6g7pYCMW1gb32dCEd.jpg'}, {'id': 2400, 'title': 'Eugénie Grandet', 'poster_path': '/2Nrj3BZQnIBF7P3V6v4Gm7VET5e.jpg'}, {'id': 2700, 'title': 'Esther', 'poster_path': '/6RaDUkZan01ixkpsM7hew4UQybw.jpg'}, {'id': 2731, 'title': 'Indochine', 'poster_path': '/sAemRfr6mOSwtQ76e4yUQVImo8B.jpg'}]",2026-04-01T12:33:20.308273
550864,Devadas,దేవదాస్,"A sincere doctor Das works at a private clinic, where he meets the dreaded don Deva who arrives injured. After the treatment, Das and Deva form a deep friendship until Deva's mafia background and gruesome history causes a rift in their bond.",,"['Action', 'Comedy', 'Drama']","['Nagarjuna Akkineni', 'Nani', 'Rashmika Mandanna', 'Aakanksha Singh', 'Kunal Kapoor', 'Naveen Chandra', 'Murali Sharma', 'Vennela Kishore']",['Sriram Adittya'],"['Sriram Adittya', 'Sriram Adittya', 'Venkat D Pati']",[],2018-09-27,UA,124,6.1,17,1.2839,/gKXUai8TVBIwkMCNIXSF6f7K6WG.jpg,/i0srCVSNJX1QK3dL5d8JyKw6rnL.jpg,te,Released,0,0,[],2026-04-01T12:33:21.035940
673392,Radhe Shyam,రాధే శ్యామ్,"Vikramaditya, a world-renowned palmist, believes love does not exist in his stars, until he meets Prerana. But when destiny tries to pull them apart, will love prevail?",It's all written in the stars.,"['Drama', 'Romance']","['Prabhas', 'Pooja Hegde', 'Sachin Khedekar', 'Krishnam Raju', 'Sathyaraj', 'Jayaram', 'Bhagyashree', 'Jagapati Babu']",['Radha Krishna Kumar'],['Radha Krishna Kumar'],"['europe', 'romance']",2022-03-10,UA,138,5.1,37,1.2783,/szAa23SWNIgJHsvSRyQrvyFT8ef.jpg,/gRBToD4AcpWJhHQraA69CeMLNXu.jpg,te,Released,0,25820598,"[{'id': 1581, 'title': 'The Holiday', 'poster_path': '/n26GUumac5MrzpJiv0DPI7MMIUJ.jpg'}, {'id': 252955, 'title': 'The Girl Who Came Gift-Wrapped', 'poster_path': '/mogZkkcvPwox0rfpqESAjJ19tIl.jpg'}, {'id': 774417, 'title': 'Running Water', 'poster_path': '/wlsYWIwVSdtwLcBJbmaKPABQOHo.jpg'}, {'id': 1491213, 'title': 'Wisteria', 'poster_path': '/vJpqV4qctkiZ5bhdu2f43EMJhcL.jpg'}, {'id': 425338, 'title': 'Slam Book', 'poster_path': '/yZfaqZdeS5NELmqhRQ1yEhGb705.jpg'}]",2026-04-01T12:33:21.763998
81088,Mass,మాస్,"Mass, an orphan, bonds well with his landlord's son, Adi, who is in love with a mafia head's daughter. Attempting to separate the lovers, the gangsters kill Adi and Mass sets out to seek revenge.",Dammunte Kasko...,"['Drama', 'Action', 'Crime', 'Romance']","['Nagarjuna Akkineni', 'Jyothika', 'Rahul Dev', 'Charmy Kaur', 'Raghuvaran', 'Sunil Varma', 'Prakash Raj', 'Raghava Lawrence']",['Raghava Lawrence'],['Raghava Lawrence'],[],2004-12-23,NR,162,6.1,22,1.2711,/h0sU47Zph0iyTvlKrfOq0kKBKY3.jpg,/a2UHfSMJkG4SE6gcB7TNJUoDnzv.jpg,te,Released,0,0,[],2026-04-01T12:33:22.471726
215248,Yevadu,ఎవడు,"Satya is given a different face after he suffers burn-related injuries. After being released from the hospital, he deals with the murderer of his lover Deepti. But his new face has given him new foes.",,"['Action', 'Thriller']","['Ram Charan', 'Sai Kumar', 'Jayasudha', 'Shruti Haasan', 'Amy Jackson', 'Allu Arjun', 'Kajal Aggarwal', 'Brahmanandam']",['Vamshi Paidipally'],"['Vamshi Paidipally', 'Vakkantham Vamsi']",[],2014-01-12,A,166,6.119,63,1.2638,/zU68BHsIPHqhFRXwI3qnT4rnlAN.jpg,/7yTMah9uekuQSYytr2EXsardJR1.jpg,te,Released,0,0,[],2026-04-01T12:33:23.174130
1187075,MAD,MAD,"Set in an engineering college and revolves around the antics of the students there, primarily the boys, who get a kick out of torturing the hostel warden.",,"['Comedy', 'Romance', 'Drama']","['Sangeeth Shobhan', 'Narne Nithin', 'Ram Nithin', 'Vishnu Oi', 'Sri Gouri Priya Reddy', 'Ananthika Sanilkumar', 'Gopika Udayan', 'Raghu Babu']",['Kalyan Shankar'],['Kalyan Shankar'],[],2023-10-06,UA,124,6.5,25,1.2586,/nDpOmgBfQZwOpFBcgokQGqd74r1.jpg,/jBnnkkXRZ0pV3Tw31Z2ALO638wA.jpg,te,Released,0,0,[],2026-04-01T12:33:23.898736
224061,Atharintiki Daaredi,అత్తారింటికి దారేది,"Goutham promises his grandfather that he will reunite him with his estranged daughter, Sunanda. Posing as a driver, Goutham enters Sunanda's house but trouble soon follows.",,"['Action', 'Comedy', 'Drama']","['Pawan Kalyan', 'Samantha Ruth Prabhu', 'Pranitha Subhash', 'Boman Irani', 'Nadhiya', 'Kota Srinivasa Rao', 'Ali Basha', 'M. S. Narayana']",['Trivikram Srinivas'],['Trivikram Srinivas'],"['family relationships', 'broken family', 'pawan kalyan']",2013-09-27,U,169,6.6,35,1.2568,/htv7AcIhJc94dPmbkhVdZ5tFET7.jpg,/tQuATQlwntJrfrZZwy5q2FZFhQb.jpg,te,Released,0,0,"[{'id': 598467, 'title': 'The Backbone of America', 'poster_path': '/3VpneCGHfpjMehri9hlac3APnzS.jpg'}, {'id': 598725, 'title': 'Talented Woman', 'poster_path': '/rBB7bBa75U8319mWHAWoTYXIiBO.jpg'}, {'id': 426426, 'title': 'Roma', 'poster_path': '/dtIIyQyALk57ko5bjac7hi01YQ.jpg'}, {'id': 426238, 'title': 'Beach Rats', 'poster_path': '/oQZPPsvoipd38jasPhvJOpajbug.jpg'}, {'id': 4348, 'title': 'Pride & Prejudice', 'poster_path': '/o8UhmEbWPHmTUxP0lMuCoqNkbB3.jpg'}]",2026-04-01T12:33:24.628172
896669,Veera Simha Reddy,వీరసింహారెడ్డి,"Jai Simha Reddy, a businessman in Turkey and doting son of Meenakshi falls in love with Eesha. On the verge of his marriage, Jai comes to know the secret about his father Veera Simha Reddy who comes to Turkey to settle the marriage, which is when Jai meets his father for the first time. Things take a drastic turn around when Veera's  past follows him to Turkey.",God of Masses,"['Action', 'Drama']","['Nandamuri Balakrishna', 'Varalaxmi Sarathkumar', 'Duniya Vijay', 'Honey Rose', 'Lal', 'Shruti Haasan', 'Naveen Chandra', 'P. Ravi Shankar']",['Gopichand Malineni'],"['Gopichand Malineni', 'Gopichand Malineni']",[],2023-01-12,UA,172,4.7,22,1.2557,/4xBFmIiIqbzEes6Nnh27Q1jOKBa.jpg,/7rNebkik5O2YLluU6xS2YJqXTAP.jpg,te,Released,0,0,[],2026-04-01T12:33:25.355043
563604,Dear Comrade,డియర్ కామ్రేడ్,A hot-blooded student union leader falls for a state-level cricketer but his anger management issues and violent streak threatens to derail their love story .,Fight for What You Love!,"['Drama', 'Action', 'Romance']","['Vijay Deverakonda', 'Rashmika Mandanna', 'Shruti Ramachandran', 'Suhas', 'Raj Arjun', 'Charu Haasan', 'Anand', 'Kalyani Natarajan']",['Bharat Kamma'],['Bharat Kamma'],[],2019-07-25,UA,122,6.9,44,1.2548,/wEDh02aLl2fkCXi25V4MOOuEuWF.jpg,/sSoMpYjqECgC74a3HAwdBVxFs6H.jpg,te,Released,0,0,[],2026-04-01T12:33:26.068608
132437,Chakram,చక్రం,"Chakram (Prabhas) is a foreign returnee and has a dream of building a hospital at Pulivendula. He is in love with his colleague, Lakshmi (Asin Thottumkal) who studied with him abroad. But leaves her half-way through after he realizes that he was struck with cancer. Not wanting to tell her, he moves to Hyderabad and stays in place called ‘Sahara Colony’. There, he tries to solve people problem's in the colony. Seeing all this, another girl who is also named Lakshmi (Charmy) falls in love with Chakram. The rest is a heart-rending saga of the cancer-struck patient's love station.",,"['Drama', 'Romance']","['Prabhas', 'Asin Thottumkal', 'Charmy Kaur', 'Prakash Raj', 'Padmanabham', 'Tanikella Bharani', 'Venu Madhav', 'M. S. Narayana']",['Pasupuleti Krishna Vamsi'],[],[],2005-03-25,NR,145,5.6,12,1.2526,/kDDXd66Oi3k5v7xkMdWakq9Q6Ky.jpg,/9iFRLkf5jzgA636ibRaIexYmpeX.jpg,te,Released,0,0,[],2026-04-01T12:33:26.855940
811942,Bheemla Nayak,భీమ్లా నాయక్‌,A sub-inspector and the egoistic son of an ex-MP get in an egotistical war when the former arrests the latter for bringing in liquor from Telangana to AP.,,"['Action', 'Drama', 'Thriller']","['Pawan Kalyan', 'Rana Daggubati', 'Samuthirakani', 'Murali Sharma', 'Nithya Menen', 'Samyuktha', 'Rao Ramesh', 'Shatru']",['Sagar Chandra'],"['Trivikram Srinivas', 'Sachy']",[],2022-02-25,UA,145,5.7,19,1.2446,/14KeWSkgzTbfJmmD4bXT9mwkaYz.jpg,/ejzZej2F3BrZbiTmdIcuo4wTkKc.jpg,te,Released,0,0,[],2026-04-01T12:33:27.565950
811945,HIT: The 2nd Case,హిట్: ది సెకండ్ కేస్,"Krishna Dev aka KD, a laidback cop working in Andhra Pradesh State HIT, takes on a gruesome murder case. As KD unravels the layers of the crime, the stakes rise unbelievably high and the threat comes unusually close.",,"['Crime', 'Thriller', 'Action']","['Adivi Sesh', 'Meenakshi Chaudhary', 'Komalee Prasad', 'Maganti Srinath', 'Rao Ramesh', 'Suhas', 'Divya Narni', 'Tanikella Bharani']",['Sailesh Kolanu'],['Sailesh Kolanu'],[],2022-12-01,A,124,6.9,42,1.2425,/tidXGOilCSa5sch1KGiEXrWeYCf.jpg,/aHtZFBjUCSpghKWl2rU7zP6FhRQ.jpg,te,Released,1800000,5000000,[],2026-04-01T12:33:28.266406
52944,Don Seenu,డాన్ శీను,"This story is all about a ambitious boy named Seenu (Ravi Teja) who dreams of becoming a don. He always likes to be called as ‘Don’ Seenu since childhood due to the strong influence of the Amitabh Bachchan starrer ‘Don’. He grows up with just one passion - that of becoming the World's No: 1 Don. Thanks to his enterprising nature, he gains access to the cream of the city's dons, and uses his cleverness to play off the top two - Machiraju (Sayaji Shinde) and Narsing (Sri Hari), fierce rivals - against each other.",,"['Comedy', 'Drama', 'Action']","['Ravi Teja', 'Shriya Saran', 'Anjana Sukhani', 'Mahesh Manjrekar', 'Sayaji Shinde', 'Srihari', 'Brahmanandam', 'John Kokken']",['Gopichand Malineni'],"['Kona Venkat', 'Gopichand Malineni']",[],2010-08-06,U,166,5.3,16,1.2388,/xzG4qy5yqq5LJWV8FqIAENTeM8X.jpg,/uUD3l9juYOGNfw2GyTNCLH285dp.jpg,te,Released,0,0,[],2026-04-01T12:33:28.996526
325699,Temper,టెంపర్,"Daya is a corrupt cop who joins hands with the local don. When Daya's girlfriend gets kidnapped, it triggers Daya to go against Vasu and his empire, leading him to uncover a bigger motive behind the kidnapping.",,"['Action', 'Drama', 'Crime']","['N.T. Rama Rao Jr.', 'Kajal Aggarwal', 'Prakash Raj', 'Posani Krishna Murali', 'Nyra Banerjee', 'Apoorva Srinivasan', 'Subbaraju', 'Kota Srinivasa Rao']",['Puri Jagannadh'],"['Vakkantham Vamsi', 'Vakkantham Vamsi']","['corruption', 'anti hero', 'dirty cop', 'gang rape', 'corrupt official']",2015-02-13,UA,147,6.488,40,1.2359,/hA793thpccdoAHSOZ5GNbtdSQlC.jpg,/dNJHwj9xWWySOGs5LLRbdV2OHJO.jpg,te,Released,5400000,11600000,"[{'id': 253569, 'title': 'Panchavadi Palam', 'poster_path': '/bvoLGAHYjJ0ZAy0VZXErYhgHNR1.jpg'}, {'id': 2359, 'title': 'Sicko', 'poster_path': '/p3L6lwVFgv1VaqbtDLWkAlLc319.jpg'}, {'id': 2453, 'title': 'Harley Davidson and the Marlboro Man', 'poster_path': '/4WRdrjHyLuHRwep2UJWBoIn6KTW.jpg'}, {'id': 2721, 'title': 'Z', 'poster_path': '/dFAJyFNgvOv24f2RQyI9KDxjGr3.jpg'}, {'id': 2503, 'title': 'The Bourne Ultimatum', 'poster_path': '/15rMz5MRXFp7CP4VxhjYw4y0FUn.jpg'}]",2026-04-01T12:33:29.767862
84504,Chirutha,చిరుత,"A young man with a tragic past meets the daughter of a rich man and falls in love, while trying to avenge the death of his father.",,"['Action', 'Romance', 'Drama']","['Ram Charan', 'Neha Sharma', 'Brahmanandam', 'Prakash Raj', 'Ali Basha', 'M. S. Narayana', 'Ashish Vidhyarthi', 'Sayaji Shinde']",['Puri Jagannadh'],['Puri Jagannadh'],[],2007-09-28,NR,144,4.7,20,1.2355,/mYvcYwkpZR5HBoNuLIgj6GCNXzV.jpg,/eM0zDtCqBQQ9VPe0117lZz9KEGh.jpg,te,Released,0,0,[],2026-04-01T12:33:30.477783
609108,iSmart Shankar,ఇస్మార్ట్ శంకర్‌,A contract killer goes on the run after eliminating a target and eventually finds himself linked to a slain cop whose memory is transferred to his brain.,,"['Action', 'Science Fiction', 'Thriller']","['Ram Pothineni', 'Nidhhi Agerwal', 'Satyadev Kancharana', 'Nabha Natesh', 'Sayaji Shinde', 'Ashish Vidhyarthi', 'Raghu Babu', 'Deepak Shetty']",['Puri Jagannadh'],"['Puri Jagannadh', 'Puri Jagannadh']",[],2019-07-18,A,141,5.1,19,1.2325,/aEpPH8oi6XpD5a1ynRiPhNOrURZ.jpg,/502HwO1QYns35paqbBf03DnVsO5.jpg,te,Released,2100000,9600000,[],2026-04-01T12:33:31.231829
410508,Manamantha,మనమంతా,"Sairam, an assistant manager in a supermarket treads on an unethical path for a promotion, leading to dire consequences. Gayatri a thrifty housewife manages her middle class household. Mahitha's friend, a street child goes missing and she goes out of her way to find him. Abhiram, the bright student falls in love with Aira and pursues her. Four stories seemingly unrelated are all bound by one string called family.",We Are All One,"['Drama', 'Family', 'Thriller']","['Mohanlal', 'Gautami Tadimalla', 'Viswant Duddumpudi', 'Raina Rao', 'Anisha Ambrose', 'Gollapudi Maruti Rao', 'Joy Mathew', 'Venkateswara Rao Paruchuri']",['Chandra Sekhar Yeleti'],['Chandra Sekhar Yeleti'],[],2016-08-05,U,137,6.9,12,1.2321,/mRYPSu2qc7nw3unnpzCJjrPR5nI.jpg,/n0zpai1I2mDwWQwxoxERST42njF.jpg,te,Released,0,1500000,"[{'id': 253569, 'title': 'Panchavadi Palam', 'poster_path': '/bvoLGAHYjJ0ZAy0VZXErYhgHNR1.jpg'}, {'id': 253535, 'title': '1983', 'poster_path': '/k02dxV9sNizaW33dSX8uCgLboEv.jpg'}, {'id': 253986, 'title': 'Papilio Buddha', 'poster_path': '/pm5uTe1JIvtxUno5fDZTvWUICG4.jpg'}, {'id': 255459, 'title': 'Kaalapani', 'poster_path': '/byQ8bcRBpIOYW7OlNZCCYkAVUp2.jpg'}, {'id': 601433, 'title': 'Muse of Pasig', 'poster_path': '/zg9iB0b65SLM8LQ2pxyCOM8mHT5.jpg'}]",2026-04-01T12:33:32.024274
1060046,HIT: The Third Case,హిట్: ది థర్డ్ కేస్,The Homicide Intervention Team (HIT) sends ruthless police officer Arjun Sarkaar to find a group of killers and stop their grisly murder spree.,,"['Crime', 'Thriller', 'Action']","['Nani', 'Srinidhi Shetty', 'Komalee Prasad', 'Rao Ramesh', 'Surya Srinivas', 'Adil Pala', 'Prateik Smita Patil', 'Amit Sharma']",['Sailesh Kolanu'],['Sailesh Kolanu'],"['investigation', 'violent death', 'anxious', 'brutal murder']",2025-04-30,A,157,6.8,49,1.2308,/wT9tGyFol4RBwkjESXUWeBdnLJn.jpg,/xzpXvyetmrdR3NSRN9uy0xO3lR1.jpg,te,Released,7700000,14000000,"[{'id': 3511, 'title': 'The Broken', 'poster_path': '/3cHCv6SE9UmBrfkczRmT4JHBQCq.jpg'}, {'id': 3009, 'title': 'The Trial', 'poster_path': '/4qDUe5HqB8pXNplSBlsoyVjNP3r.jpg'}, {'id': 1311449, 'title': 'Notifiée', 'poster_path': '/akWmvIFFaPOXi4kULDkE35HXmiG.jpg'}, {'id': 3432, 'title': 'Mr. Brooks', 'poster_path': '/yYleq0qmb67Ig2ViY3hFmUOrH77.jpg'}, {'id': 4377, 'title': 'The Child I Never Was', 'poster_path': '/riK4gY3REipRnMw06cUXTK4NEcN.jpg'}]",2026-04-01T12:33:32.746707
1196348,The Girlfriend,ది గర్ల్‌ఫ్రెండ్‌,"A college literature student falls for a charming man with a domineering streak, forcing her to confront the toxic truth of his desire.",,"['Romance', 'Drama']","['Rashmika Mandanna', 'Dheekshith Shetty', 'Anu Emmanuel', 'Rao Ramesh', 'Rohini', 'Rahul Ravindran']",['Rahul Ravindran'],['Rahul Ravindran'],[],2025-11-07,U/A 13+,138,6.7,14,1.222,/8cYve5muYPeWKvSEfFdkmWDyyDa.jpg,/1U6BizPeYgC6lYTijQnNozS1vMg.jpg,te,Released,0,0,[],2026-04-01T12:33:33.447180
617646,Prati Roju Pandaage,ప్రతీ రోజు పండగే,"Raghu Ramayya is a man with limited time to live. His children, who all live elsewhere, struggle to schedule their time around his death. But what happens when his grandson Saitakes it upon himself to give his grandfather the farewell he deserves?",,"['Family', 'Romance', 'Comedy']","['Sai Durgha Tej', 'Raashii Khanna', 'Rao Ramesh', 'Sathyaraj', 'Naresh', 'Vijayakumar', 'Ajay', 'Hari Teja']",['Maruthi Dasari'],"['Maruthi Dasari', 'Maruthi Dasari']",[],2019-12-20,NR,146,6.5,14,1.2205,/p9EvfAQ62ecQR7OljTorTX6X9R9.jpg,/6p93A2zcJXRpE1rUU1GwCV2FqCA.jpg,te,Released,0,0,[],2026-04-01T12:33:34.179467
796368,Jathi Ratnalu,జాతిరత్నాలు,"Three young men leave their village to find decent jobs in the city. However, they find themselves in a pickle when a minister blackmails them for a lost mobile phone.",,"['Comedy', 'Crime']","['Naveen Polishetty', 'Priyadarshi Pullikonda', 'Rahul Ramakrishna', 'Faria Abdullah', 'Murali Sharma', 'Brahmaji', 'Brahmanandam', 'Tanikella Bharani']",['Anudeep'],"['Anudeep', 'Anudeep']",[],2021-03-11,NR,148,7.2,25,1.2179,/7MzvmgHRmhbJH1UZJhRCkAtxvEy.jpg,/sLTe3l1SX2h7xjfO0vwKhoQm3hx.jpg,te,Released,0,0,"[{'id': 960758, 'title': 'The Best of Winter Bloopers Volume 3', 'poster_path': None}, {'id': 437425, 'title': 'You Choose!', 'poster_path': '/d82mQYgcbld4l0FkURk5jJvdOyJ.jpg'}, {'id': 1001871, 'title': 'Piff the Magic Dragon: Reptile Dysfunction', 'poster_path': '/vkxpvJ6eIxXwQHUZxkmcZn9yMNq.jpg'}, {'id': 51333, 'title': ""Love's Labour's Lost"", 'poster_path': '/7rJr9b0Mc8wEAqzuDUkz0zg1BX7.jpg'}, {'id': 988629, 'title': 'Jeu de vilains', 'poster_path': '/yZdf0XvalJuNKzLyxvGIP8gYi9n.jpg'}]",2026-04-01T12:33:34.907579
315009,Rudhramadevi,రుద్రమదేవి,"Rudraba, daughter of Ganapatideva, the emperor of the Kakatiya dynasty, was officially designated a son through the ancient Putrika ceremony and given the name Rudradeva so that she could succeed her father after his death. Despite opposition, she became of the most prominent rulers of the Kakatiya dynasty and one of the few ruling queens in Indian history.",,"['History', 'Action', 'Drama']","['Anushka Shetty', 'Allu Arjun', 'Rana Daggubati', 'Nithya Menen', 'Catherine Tresa', 'Aditi Chengappa', 'Krishnam Raju', 'Suman Talwar']",['Gunasekhar'],"['Gunasekhar', 'Gunasekhar']",[],2015-10-09,UA,165,5.222,36,1.2169,/v9PSBA5SzG42DGZ4aJb4R9B2aTY.jpg,/b3wa6Tw3cQax9SdCJa3lPriKnGR.jpg,te,Released,7500000,0,"[{'id': 961207, 'title': 'Out and About', 'poster_path': '/i9Min6Gvjoeb6DKiNMgoj6njpuv.jpg'}, {'id': 961214, 'title': 'New Generation War: Reawakened Man', 'poster_path': None}, {'id': 961223, 'title': 'The Legend', 'poster_path': '/5FBNGvrUYIhM61XdnY588Vp2oP9.jpg'}, {'id': 961224, 'title': 'Written By', 'poster_path': '/3seHvf7MyjJyn1giWyK5Tu3ngMk.jpg'}, {'id': 961237, 'title': 'Otta', 'poster_path': '/dVpulXqZPQxJoElqiyHwhDGtFTW.jpg'}]",2026-04-01T12:33:35.620688
500494,Naa Peru Surya - Naa Illu India,నా పేరు సూర్య,"Despite having serious anger management issues, Surya, an Indian Army officer is a brilliant officer but when anger takes control of him he is impossible to subdue. In spite of this issue, he achieves his goal of serving the country by overcoming the hurdles.",,"['Action', 'Drama']","['Allu Arjun', 'Arjun Sarja', 'Anu Emmanuel', 'Nadhiya', 'R. Sarathkumar', 'Thakur Anoop Singh', 'Boman Irani', 'Rao Ramesh']",['Vakkantham Vamsi'],"['Vakkantham Vamsi', 'Vakkantham Vamsi']","['anger management', 'army officer']",2018-04-27,UA,168,5.829,41,1.2115,/7S79xsotQ13GhETeaP6WH8tTgRI.jpg,/yoQ43SEzNpPmz7Hja6EQsNqPzcr.jpg,te,Released,0,0,"[{'id': 1496847, 'title': 'Soldier', 'poster_path': '/mv4gVsMZetzEoDoJ3wARTFC6Hgh.jpg'}, {'id': 1501831, 'title': 'How to Shout', 'poster_path': '/xtetRmKBo5EtOXhmfJPAhwXbwrZ.jpg'}, {'id': 25891, 'title': 'ExTerminators', 'poster_path': '/kYggIgOYQmlTnD1rALMC7sMyZxR.jpg'}, {'id': 279494, 'title': 'Unforgivable', 'poster_path': '/3A37wZ1tYhi0JIkU2wn38cyJMkm.jpg'}, {'id': 978453, 'title': 'A Second Chance', 'poster_path': '/cGe3lQlZuepB8zy8bd12AKxoZMN.jpg'}]",2026-04-01T12:33:36.371487
34763,Aarya 2,ఆర్య 2,"Two young boys staying together at an orphanage become friends. One of them is adopted by a wealthy family and grows up to become the owner of a software company. He provides employment for his friend, but when they both fall in love with the same young woman, conflict emerges.",Baby He Loves You,"['Romance', 'Comedy', 'Action']","['Allu Arjun', 'Kajal Aggarwal', 'Navdeep', 'Brahmanandam', 'Mukesh Rishi', 'Ajay', 'Shraddha Das', 'Sayaji Shinde']",['Sukumar'],"['Sukumar', 'T. Prakash', 'Chandrasekhar T. Ramesh']","['best friend', 'friends in love']",2009-11-27,UA,155,6.733,45,1.2059,/kjbbx8kV6pNhNXX9aRsVDwyEJbm.jpg,/zqrIgwPXi4qg2sJPEB0vvGtgCiz.jpg,te,Released,0,0,"[{'id': 1831, 'title': 'The Next Best Thing', 'poster_path': '/iYK1ZUtY4etcn91glUmrGuZRH6M.jpg'}, {'id': 1648, 'title': ""Bill & Ted's Excellent Adventure"", 'poster_path': '/tV25lGWGWGEqUe3U0xjQTBgilSx.jpg'}, {'id': 3361, 'title': 'Video Kings', 'poster_path': '/26dnOdmKONUEJs7WUsKm6GSLyuC.jpg'}, {'id': 4111, 'title': 'Blondie of the Follies', 'poster_path': '/6eT7ELpyc05KJwS3a2kmmTwAlMh.jpg'}, {'id': 3573, 'title': 'Emma', 'poster_path': '/fM5goQ6c3uq3hzNJj3ZAFfTFkX9.jpg'}]",2026-04-01T12:33:37.079206
56981,Brindavanam,బృందావనం,"Indu makes her boyfriend Krishna act like her friend Bhoomi's lover so that her family will stop searching for a groom. However, their lives takes a turn when Bhoomi falls in love with Krishna.",,"['Action', 'Romance', 'Drama']","['N.T. Rama Rao Jr.', 'Kajal Aggarwal', 'Samantha Ruth Prabhu', 'Prakash Raj', 'Srihari', 'Brahmanandam', 'Mukesh Rishi', 'Venu Madhav']",['Vamshi Paidipally'],['Vamshi Paidipally'],[],2010-10-14,UA,170,6.6,36,1.1996,/8l2z3abBgXvIpQUEHLVt9sLMcCp.jpg,/7Jtx8majhiFA7YvozYCQU1t0L7m.jpg,te,Released,0,0,[],2026-04-01T12:33:37.821339
934772,Ranga Ranga Vaibhavanga,రంగ రంగ వైభవంగా,Two childhood sweethearts love to hate each other due to their egos. What happens when they reconcile but their families begin warring each other instead?,,"['Romance', 'Comedy', 'Drama']","['Panja Vaisshnav Tej', 'Ketika Sharma', 'Naveen Chandra', 'Naresh', 'Prabhu', 'Tulasi', 'Pragathi Mahavadi', 'Rajkumar Kasireddy']",['Gireeshaaya'],['Gireeshaaya'],[],2022-09-02,UA,122,4.5,18,1.1985,/4FiERyPvvgla3ebsDsxsOmet7FO.jpg,/vusj9GKxNNKR0ImecgUCJFJ9Whz.jpg,te,Released,0,0,[],2026-04-01T12:33:38.548739
80826,Aadavari Matalaku Ardhalu Verule,ఆడవారి మాటాలకు అర్ధాలు వేరులే,"Ganesh, an unemployed man, lands up in a company where Keerthi, the girl he loves, works but who is already engaged to someone else. Sudden incidents ruin his life and he again comes across her, but refuses to marry her.",,"['Romance', 'Family', 'Comedy', 'Drama']","['Venkatesh', 'Trisha Krishnan', 'Srikanth', 'Kota Srinivasa Rao', 'K. Viswanath', 'Sunil Varma', 'Swathi Reddy', 'Vinaya Prasad']",['Selvaraghavan'],"['Selvaraghavan', 'Selvaraghavan']",[],2007-04-27,UA,163,6.7,19,1.1963,/5ODOTnYdBPucewTglpjR3AvnxzG.jpg,/ngqv6LUealQ4q4KQ2WksprxX60h.jpg,te,Released,0,0,[],2026-04-01T12:33:39.279094
262119,Legend,లెజెండ్,"Krishna, who lives in Dubai, falls in love with Sneha. He comes to India to seek the blessings of his grandmother, unaware that don Jeetendra's gang is seeking revenge.",Lion is back,"['Action', 'Drama']","['Nandamuri Balakrishna', 'Jagapati Babu', 'Sonal Chauhan', 'Radhika Apte', 'Kaveri', 'Brahmanandam', 'Suman Talwar', 'Suhasini Maniratnam']",['Boyapati Srinu'],['Boyapati Srinu'],[],2014-03-28,NR,161,5.8,16,1.189,/lTpOAlifsZtWH8ZV6I3oR3jGzSZ.jpg,/j9IXCfIeuwPocexU9bi75cCNXvE.jpg,te,Released,0,0,[],2026-04-01T12:33:39.988956
182954,Naayak,నాయక్,A young man and his lookalike team up to fight injustice and settle their personal scores with the evildoers.,The Leader,"['Action', 'Drama']","['Ram Charan', 'Kajal Aggarwal', 'Amala Paul', 'Pradeep Ram Singh Rawat', 'Brahmanandam', 'Rahul Dev', 'Jayaprakash Reddy', 'Ashish Vidhyarthi']",['V. V. Vinayak'],"['Siva Akula', 'Siva Akula']",['cult leader'],2013-01-09,A,160,4.896,24,1.1882,/cgOPjRUvCQmhtNQntgy11odEqrt.jpg,/lbB6ryRH2zOqHRjj40bak6Lp4wA.jpg,te,Released,5393500,8552550,"[{'id': 172, 'title': 'Star Trek V: The Final Frontier', 'poster_path': '/uiXr41VLYsuug3CZbFrKLSNahuZ.jpg'}, {'id': 460885, 'title': 'Mandy', 'poster_path': '/m0yf7J7HsKeK6E81SMRcX8vx6mH.jpg'}, {'id': 474764, 'title': 'The Lodge', 'poster_path': '/yake2myhbW7c6dKbmwYDy1i40bm.jpg'}, {'id': 1352526, 'title': 'Bayaan', 'poster_path': '/m557TG9SCbTGKUAEtqH4DJfS1ri.jpg'}, {'id': 34867, 'title': 'The Manson Family', 'poster_path': '/eyvCvpFkA9bROmbgEmrTsckfpW0.jpg'}]",2026-04-01T12:33:40.714278
85824,Sainikudu,సైనికుడు,"Siddharth strives to help flood victims and saves the relief material from falling into the wrong hands. This sets off a war between him and a corrupt politician, which leads to many twists and turns.",,"['Action', 'Drama']","['Mahesh Babu', 'Trisha Krishnan', 'Irrfan Khan', 'Prakash Raj', 'Kota Srinivasa Rao', 'Nassar', 'Telangana Shakuntala', 'Dharmavarupu Subramanyam']",['Gunasekhar'],['Gunasekhar'],"['rescue', 'politics', 'kidnapping', 'political activism', 'natural disaster', 'fugitive', 'corrupt politician', 'social justice', 'political thriller', 'youth power', 'manhunt', 'good versus evil', 'testimony', 'floods', 'disaster scenario']",2006-11-30,NR,169,6.3,16,1.1766,/v3MVD3hPzrca73ZaHcHrV3SDrNq.jpg,/dZwxgej5cKCU5qLgJyb9leYrVin.jpg,te,Released,0,1323714,"[{'id': 1309923, 'title': 'Non Negotiable', 'poster_path': '/bHQG4UsLMFCy91gfLAFRpnCOPdP.jpg'}, {'id': 1577, 'title': 'Resident Evil: Apocalypse', 'poster_path': '/way9dOm4dM2sm9UMcu2PEXMTX0q.jpg'}, {'id': 1619, 'title': 'The Way of the Gun', 'poster_path': '/wrjMMdgn1a4ChlaBmlzKnb78nr6.jpg'}, {'id': 960769, 'title': 'Buya Hamka Vol. 1', 'poster_path': '/uDAKg2wkjmQX7rvLVpdBKXgR07P.jpg'}, {'id': 1669, 'title': 'The Hunt for Red October', 'poster_path': '/yVl7zidse4KiWtGMqHFtZCx4X3N.jpg'}]",2026-04-01T12:33:41.428797
228092,Yogi,యోగి,"Eeshwar Chandra Prasad (Prabhas) is the son of Ram Murthy (Chalapathi Rao) and Shantamma (Sharada Urvashi). Ram Murthy wants his son to do some job. However, Shantamma pampers Eeshwar very much and hence he doesn't want to leave the village. Ram Murthy dies and in order to fulfil his last wish, Eeshwar goes to the city to earn money on the advice of his friend Basha (Ali), who was a pickpocket. Eeshwar could not meet Basha. On the other hand Kotaiah (Kota Srinivasa Rao) runs big land mafia in Hyderabad city and a bitter rival of Narsing Pahilwan (Pradeep Rawat). Saidulu (Subbaraju) is Narsing's brother. Once Saidulu hacks Kotaiah and his assistant, when Eeshwar accidentally saves him. Eeshwar gets a job in a tea stall run by Chandranna (Chandra Mohan). He earns good money and purchases two gold bangles for his mother and plans to leave the city.",A feel that never ends,[],"['Prabhas', 'Nayanthara', 'Kota Srinivasa Rao', 'Ali Basha', 'Pradeep Ram Singh Rawat', 'Chalapathi Rao', 'Venu Madhav', 'Subbaraju']",['V. V. Vinayak'],['V. V. Vinayak'],[],2007-01-14,UA,155,3.8,14,1.1766,/dWtPLjOST3hkG8rJKBrTETlkl0v.jpg,,te,Released,0,0,[],2026-04-01T12:33:42.149557
592898,Jersey,జెర్సీ,"After his career fails to take off, a gifted cricketer in his mid-thirties decides that he’s not ready to give up quite yet.",,['Drama'],"['Nani', 'Shraddha Srinath', 'Ronit Kamra', 'Harish Kalyan', 'Viswant Duddumpudi', 'Sathyaraj', 'Sanusha Santhosh', 'Sampath Raj']",['Gowtam Tinnanuri'],"['Gowtam Tinnanuri', 'Gowtam Tinnanuri']","['cricket', 'indian cricket team']",2019-04-19,U,160,8.1,70,1.1745,/bU9q9yVtxeBiC0Do27CekHXNE6D.jpg,/53CsGhbXKhmzcOQntz7Qs0whQ6g.jpg,te,Released,0,0,"[{'id': 253535, 'title': '1983', 'poster_path': '/k02dxV9sNizaW33dSX8uCgLboEv.jpg'}, {'id': 1158378, 'title': 'Ghoomer', 'poster_path': '/6npQ0MxlmCqPPF8H5xK4yGt7ZLL.jpg'}, {'id': 22357, 'title': 'Hansie', 'poster_path': '/lW8UP2LLyNrdp4EYqv9klAl1i8o.jpg'}, {'id': 19666, 'title': 'Lagaan: Once Upon a Time in India', 'poster_path': '/yNX9lFRAFeNLNRIXdqZK9gYrYKa.jpg'}, {'id': 601337, 'title': '83', 'poster_path': '/gTOMTFUbMxSApPRTuECMrl5RyQ2.jpg'}]",2026-04-01T12:33:42.917332
85813,Murari,మురారి,"A family is haunted by a goddess's curse, claiming the life of a male every 48 years due to an ancestral sin.",,"['Drama', 'Romance', 'Thriller', 'Family']","['Mahesh Babu', 'Sonali Bendre', 'Lakshmi', 'Sukumari', 'Kaikala Satyanarayana', 'Ravi Babu', 'Shivaji Raja', 'Prakash Raj']",['Pasupuleti Krishna Vamsi'],['Pasupuleti Krishna Vamsi'],"['sacrifice', 'supernatural', 'redemption', 'romcom', 'pilgrimage', 'family relationships', 'curse', 'falling in love', 'family curse', 'feelings', 'revelations', 'family conflicts', 'rituals', 'secret', 'charming romances and delightful chemistry']",2001-02-17,NR,170,6.7,21,1.1714,/uVpP7prS0DKqxxVkjz2jFjiasbG.jpg,/2hxfGpzda1L5OTETxX2qoeS4kN5.jpg,te,Released,0,1263545,"[{'id': 3432, 'title': 'Mr. Brooks', 'poster_path': '/yYleq0qmb67Ig2ViY3hFmUOrH77.jpg'}, {'id': 426426, 'title': 'Roma', 'poster_path': '/dtIIyQyALk57ko5bjac7hi01YQ.jpg'}, {'id': 961801, 'title': 'Erhöhte Waldbrandgefahr', 'poster_path': None}, {'id': 4379, 'title': 'Monster-in-Law', 'poster_path': '/iRqcGkIPdRbEaW0xMEA5kgceUF8.jpg'}, {'id': 4347, 'title': 'Atonement', 'poster_path': '/hMRIyBjPzxaSXWM06se3OcNjIQa.jpg'}]",2026-04-01T12:33:43.684207
442405,The Ghazi Attack,ఘాజీ,India’s first underwater war film tries to decode the mystery behind the sinking of Pakistani submarine PNS Ghazi during the Indo-Pak war of 1971.,The War You Don't Know About,"['Action', 'War', 'Thriller', 'History']","['Kay Kay Menon', 'Rana Daggubati', 'Atul Kulkarni', 'Taapsee Pannu', 'Amitabh Bachchan', 'Om Puri', 'Milind Gunaji', 'Rahul Singh']",['Sankalp Reddy'],"['Gangaraju Gunnam', 'Sankalp Reddy', 'Niranjan Reddy']","['submarine', '1970s', 'india pakistan war', 'indian navy']",2017-02-17,UA,126,7.03,99,1.1685,/i7lITQa1v7dZZgLIdE8vZRnPhOC.jpg,/dZcr23O8nY6A0CXbkAdDVP9b05n.jpg,te,Released,1900000,4300000,"[{'id': 3536, 'title': 'U-571', 'poster_path': '/7lc7jXmjQmITnfUBX7nN4kxKKbI.jpg'}, {'id': 4107, 'title': 'Bloody Sunday', 'poster_path': '/oqdQMDJucR7R0ol0LFvzmqcDyEb.jpg'}, {'id': 4228, 'title': 'The French Revolution', 'poster_path': '/qkIOwWwXQTNxr9q8X9YSfeYgvmA.jpg'}, {'id': 776718, 'title': 'Akerbeltz: The Witches and the Inquisitor', 'poster_path': '/tpcNRmiaIh8URWLIZPgkfo6L3WR.jpg'}, {'id': 253949, 'title': 'The Donner Party', 'poster_path': '/gCN9V1J5amR8Za9DpqIEteHVbKs.jpg'}]",2026-04-01T12:33:44.413857
63376,Mr. Perfect,Mr. పర్‌ఫెక్ట్,"Vicky breaks his engagement with Priya, his childhood friend, after he learns that she is making many compromises for his sake. However, time makes him realise the need for compromises in life.",,"['Romance', 'Comedy']","['Prabhas', 'Kajal Aggarwal', 'Taapsee Pannu', 'Murali Mohan', 'Prakash Raj', 'Sayaji Shinde', 'Brahmanandam', 'Master Bharath']",['Dasaradh'],['Dasaradh'],['love'],2011-04-21,NR,146,6.5,36,1.1685,/pUYe5umIwPWUNWLQ7gfghHR7nCX.jpg,/gLa1gWXPTvVcnjKNNt7J9OSH9VL.jpg,te,Released,0,0,"[{'id': 2457, 'title': 'Children of Paradise', 'poster_path': '/yiy9stl1jjVhW44ypkWMFDT8Ix3.jpg'}, {'id': 599521, 'title': 'Z-O-M-B-I-E-S 2', 'poster_path': '/cOnxoQ3kx4mgmWb7yRi6GBWssOh.jpg'}, {'id': 3109, 'title': 'The Quiet Man', 'poster_path': '/u3B1hVKHE56yBRoxF3Nk9uxHdYN.jpg'}, {'id': 3288, 'title': 'Frankenstein: The College Years', 'poster_path': '/f4oeKHJqUbS1cZ2OKs1Wt5QK4GK.jpg'}, {'id': 600052, 'title': 'Cool Young', 'poster_path': '/oleLW1xKKs0L320egnxTAkAnmHB.jpg'}]",2026-04-01T12:33:45.149073
868666,The Ghost,The Ghost,"An ex-Interpol officer wreaks havoc and sends shock waves across the global underworld but goes missing in action, only to remerge years later, for his beloved family.",,"['Action', 'Drama', 'Thriller']","['Nagarjuna Akkineni', 'Sonal Chauhan', 'Gul Panag', 'Anikha Surendran', 'Ravi Varma', 'Srikanth Iyengar', 'Manish Chaudhary', 'Bilal Hossein']",['Praveen Sattaru'],"['Praveen Sattaru', 'Abburi Ravi']",[],2022-10-05,UA,138,4.9,17,1.1648,/AulIkX8l9u17lcQfEubU8n0cnwk.jpg,/qXujEePQaYQbmZoUVypjxwiXrX9.jpg,te,Released,0,0,[],2026-04-01T12:33:45.857742
82322,Varsham,వర్షం,"Venkat and Sailaja meet on a train and fall in love. But Sailaja's father disapproves of their relationship and decides to marry her off to Bhadranna, a ruthless landlord, who is obsessed with her.",,"['Drama', 'Thriller', 'Romance']","['Prabhas', 'Trisha Krishnan', 'Gopichand', 'Prakash Raj', 'Sunil Varma', 'Raghu Babu', 'Ajay', 'M. S. Narayana']",['Sobhan'],"['M. S. Raju', 'Veeru Potla']",[],2004-01-14,NR,150,6.1,17,1.1596,/3OkbWNeRVQopeGwdocnwk0fXW3j.jpg,/kA4S1soaM2AuxweFIJg5LEUvJJn.jpg,te,Released,0,0,[],2026-04-01T12:33:46.590291
333876,Son of Satyamurthy,సన్నాఫ్ సత్యమూర్తి,"The son of a rich businessman struggles to save his father's wealth after his demise. However, he faces many challenges when he becomes the sole breadwinner of his family.",..విలువలే ఆసిౖ,"['Drama', 'Action', 'Comedy', 'Family']","['Allu Arjun', 'Samantha Ruth Prabhu', 'Upendra', 'Rajendra Prasad', 'Prakash Raj', 'Nithya Menen', 'Brahmanandam', 'M. S. Narayana']",['Trivikram Srinivas'],['Trivikram Srinivas'],[],2015-04-09,UA,162,6.729,59,1.1554,/jpLPTaZ6EpxCJIud39OLhAaq0p.jpg,/2wvwMW9AJHsME3BbRgtkaHkmYO7.jpg,te,Released,0,0,[],2026-04-01T12:33:47.319272
683342,V,V,"A celebrated cop, DCP Aditya, faces his toughest challenge when a taunting serial killer begins targeting victims and leaving notes meant for him. Teaming with an aspiring crime novelist, he must stop four more murders to save his medals, career, and reputation while uncovering the killer's past.",,"['Action', 'Crime', 'Thriller']","['Nani', 'Sudheer Babu', 'Nivetha Thomas', 'Aditi Rao Hydari', 'Vennela Kishore', 'Chakrapani Ananda', 'Srikanth Iyengar', 'Tanikella Bharani']",['Mohana Krishna Indraganti'],['Mohana Krishna Indraganti'],['revenge thriller'],2020-09-05,UA,140,6.7,128,1.151,/iBVcwOVZNGNCNlOLFmcYJW83tTu.jpg,/9yDsyTDXb0V7CrM1YYb79rj50IF.jpg,te,Released,0,0,"[{'id': 1496532, 'title': 'Prank Night', 'poster_path': '/19D1vIbZH62721wE2aRFsgKBQil.jpg'}, {'id': 1312064, 'title': 'How to Kill Your Coworkers and Get Away with it', 'poster_path': '/Am3X47WBRKOIqFJVGQl1D2nbAr8.jpg'}, {'id': 962085, 'title': 'Sattam En Kaiyil', 'poster_path': '/i0CP708EzebFniHpX5B5zVEMrUr.jpg'}, {'id': 4954, 'title': 'Drop Zone', 'poster_path': '/1Psxz2Jx4UuXQSPaTSKjlhNGoAO.jpg'}, {'id': 1312187, 'title': 'Boomah', 'poster_path': '/k1qbeRLTOWSUYjqUW2EU4jQPpzR.jpg'}]",2026-04-01T12:33:48.045537
83154,Nagavalli,నాగవల్లి,"After a family member receives a Nagavalli/Chandramukhi's portrait as a prize in the Nagavalli Dance competition, various characters start having abnormal experiences. In order to save themselves and unfold the mystery, the family looks to Ramachandra Acharya and Dr. Vijay.",She is Back!!,"['Action', 'Fantasy', 'Thriller', 'Drama']","['Venkatesh', 'Richa Gangopadhyay', 'Anushka Shetty', 'Poonam Kaur', 'Kamalinee Mukherjee', 'Avinash', 'Shraddha Das', 'Sarath Babu']",['P. Vasu'],"['P. Vasu', 'P. Vasu']",[],2010-12-16,NR,159,5.8,12,1.149,/5Z4RvsQAPSyx5ItW1UcpTjsRgae.jpg,/9pGBZCQZ7LnIvRlwxbadxHB4skj.jpg,te,Released,0,0,[],2026-04-01T12:33:48.767241
888234,Dhamaka,ధమకా,"Swamy and Anand Chakravarthy are lookalikes. Swamy is a jobless guy, while  Anand is the son of Nanda Gopal Chakravarthy, running a company called People Mart. Under dicey circumstances Pranavi, a pretty young girl falls in love with both of them. When JP, a monstrous corporate honcho seeks to acquire People Mart through unethical means, Anand and Swamy’s lives get intertwined.",Double Impact,"['Action', 'Comedy']","['Ravi Teja', 'Sreeleela', 'Jayaram', 'Sachin Khedekar', 'Tanikella Bharani', 'Rao Ramesh', 'Chirag Jani', 'Ali Basha']",['Trinadha Rao Nakkina'],"['Prasanna Kumar Bejawada', 'Sai Krishna', 'Prasanna Kumar Bejawada']",[],2022-12-23,UA,138,4.4,18,1.1483,/l0E50ILyzg0AyjKuV45aEPuIOz4.jpg,/oDGRWJdDMr4dHleB1wpgPeGIjz4.jpg,te,Released,5000000,14000000,[],2026-04-01T12:33:49.469845
893653,Tiger Nageswara Rao,టైగర్ నాగేశ్వరరావు,"Based on the life of the notorious thief Nageswara Rao, who was the most wanted thief of south India& managed to evade the authorities on several occasions in the 1970s, earning him the moniker of 'Tiger.'",Feel the Silence Before the Hunt,"['History', 'Action']","['Ravi Teja', 'Anupam Kher', 'Gayatri Bhardwaj', 'Nupur Sanon', 'Renu Desai', 'Hareesh Peradi', 'Jisshu Sengupta', 'Nassar']",['Vamsee Krishna'],"['Vamsee Krishna', 'Vamsee Krishna']","['period film', 'based on real person']",2023-10-20,UA,178,5.6,15,1.1444,/3tiYpneYIvXfbaCE0brOoBjXP7v.jpg,/gQ3XMektoYmUTPWaaHP20Ndr0Uj.jpg,te,Released,0,0,"[{'id': 962074, 'title': 'Captain Miller', 'poster_path': '/6qKnVaE5BvA2fO1L6r4i1ScX34G.jpg'}, {'id': 1143572, 'title': ""Manhae Han Yong-un's Silence"", 'poster_path': '/km5eI1VrRwWqhEatZNlRDyRW8xQ.jpg'}, {'id': 1312237, 'title': 'The True American', 'poster_path': None}, {'id': 10523, 'title': 'W.', 'poster_path': '/nJm8UF4zbUYEoku9seEtz1PTJGS.jpg'}, {'id': 1148781, 'title': 'Finding Ramlee', 'poster_path': '/fe06cdbNNTeYmsvKs19CJawV8BV.jpg'}]",2026-04-01T12:33:50.217658
57736,Mirapakay,Mirapakay,"Rishi (Ravi Teja) is an inspector in the Intelligence Bureau. His colleagues fondly call him 'Mirapakaay'. The chief of the IB, Narayana Murthy (Nagababu) gets information that Kittu Bhai (Prakash Raj), a mafia don, is trying to spread his tentacles in India and is targeting Delhi first. During the course of the investigation, ACP (Sanjay Swaroop) is killed by Shankar (Kota Srinivasa Rao), a local goon with the help of his son (Supreet). Murthy sends Rishi to Hyderabad and gets him admitted to a college as a Hindi lecturer as part of an undercover operation. Rishi meets Vinamra (Richa Gangopadhyay) at a temple & falls in love at first sight. Incidentally, she studies in the same college and in the same class to which Rishi teaches Hindi. Their love blossoms. At this juncture, Vaishali (Deeksha Seth), daughter of Kittu Bhai, joins the same college. Grabbing the opportunity, the IB chief asks Rishi to extract information about Kittu from Vaishali.",,"['Action', 'Comedy']","['Ravi Teja', 'Richa Gangopadhyay', 'Deeksha Seth', 'Prakash Raj', 'Kota Srinivasa Rao', 'Sunil Varma', 'Ajay', 'Nagendra Babu']",['Harish Shankar'],[],[],2011-01-12,NR,160,5.6,14,1.1412,/xb4ePZdBvazvqrETSTbjCtQMWj0.jpg,,te,Released,0,0,[],2026-04-01T12:33:50.921765
520393,Taxiwala,టాక్సీవాలా,"A job monger, Shiva who ends up as a taxiwala only to realise his ride is a beyond what anyone can expect.",,"['Thriller', 'Comedy', 'Horror']","['Vijay Deverakonda', 'Priyanka Jawalkar', 'Malavika Nair', 'Ravi Prakash', 'Uttej', 'Madhunandan', 'Chammak Chandra', 'Ravi Varma']",['Rahul Sankrityan'],"['Rahul Sankrityan', 'Sai Kumar Reddy']",[],2018-06-01,UA,150,5.9,30,1.1352,/22nSwWSQ0sgo9gJxjWaGRlIJ0Mc.jpg,/dpW6UbtM78gaYRxw7WJkiNY079T.jpg,te,Released,0,0,[],2026-04-01T12:33:51.629198
80805,Simhadri,సింహాద్రి,"Simhadri, a loyal servant in a landlord's house, leads a secret life as Singamalai, a powerful leader in the state of Kerala.",,"['Action', 'Drama']","['N.T. Rama Rao Jr.', 'Bhumika Chawla', 'Ankitha', 'Kota Srinivasa Rao', 'Brahmanandam', 'Nassar', 'Sharat Saxena', 'Mukesh Rishi']",['S. S. Rajamouli'],"['S. S. Rajamouli', 'Vijayendra Prasad']",[],2003-07-09,UA,171,6.4,16,1.1322,/pTzdNOtWSXB32OGPCI5ayE4NgiX.jpg,/bQFArB0fPMoVTnEKL5P87tEE8tw.jpg,te,Released,1800000,5700000,[],2026-04-01T12:33:52.363886
80856,Arjun,అర్జున్,A young man risks his life to guarantee his twin sister's happiness and protect her from murderous in-laws.,,"['Action', 'Drama']","['Mahesh Babu', 'Keerthi Reddy', 'Shriya Saran', 'Raja', 'Prakash Raj', 'Nassar', 'Saritha', 'Kalabhavan Mani']",['Gunasekhar'],['Gunasekhar'],"['sibling relationship', 'twin sister', 'flashback', 'family drama', 'in-laws', 'evil', 'bloodshed', 'moral dilemma', 'brother sister relationship', 'violence', 'protective brother', 'emotional struggle', 'murderous family']",2004-08-18,U,166,5.571,14,1.1285,/q2teoYFPNUgQnClFoPRBOo0luio.jpg,/vQANZjRSgEKrJaaT5KnTWe6I70U.jpg,te,Released,0,0,"[{'id': 1323488, 'title': 'Let Us Descend', 'poster_path': '/e1eFvCgdqmlRffGbiuMUOnSoSI3.jpg'}, {'id': 264239, 'title': 'Reflections', 'poster_path': '/8k3Wf9soKQv8taEBVMexX3AnbMs.jpg'}, {'id': 264241, 'title': 'Levoton veri', 'poster_path': '/nACnswZtQ9MH7cePj3JOLpgLpoR.jpg'}, {'id': 3540, 'title': 'Das letzte Stück Himmel', 'poster_path': '/pknXMujV85kqXh5dg0Tbpf6pY7q.jpg'}, {'id': 3875, 'title': 'Brothers', 'poster_path': '/faViDuoxyQ3qJsCbLclqBp4oK4y.jpg'}]",2026-04-01T12:33:53.074411
294413,Aagadu,ఆగడు,"Shankar, a trigger-happy encounter specialist with a tragic past, is posted to Bokkapatnam village , to halt the illegal operations of the influential don Damodar, whose dream project is to build a power plant also with whom Shankar has a personal score to settle.",He Will Not Halt,"['Action', 'Comedy', 'Drama']","['Mahesh Babu', 'Tamannaah Bhatia', 'Sonu Sood', 'Brahmanandam', 'Rajendra Prasad', 'Ashish Vidhyarthi', 'Nassar', 'M. S. Narayana']",['Sreenu Vaitla'],"['Sreenu Vaitla', 'Upendra Madhav', 'Sreenu Vaitla']","['corruption', 'police', 'revenge', 'orphan', 'construction', 'power plant', 'encounter']",2014-09-19,UA,165,4.5,20,1.1222,/xDRDhFd4A9QSnJlE5hIJPVSyYuL.jpg,/iSyamPnnvRMhkHEpBDDtS6vVH4I.jpg,te,Released,0,0,"[{'id': 16402, 'title': 'Patlabor WXIII The Movie', 'poster_path': '/zgitZmF0cejES0dyuS7ZGvJ8NEQ.jpg'}, {'id': 1323625, 'title': 'Night Patrol', 'poster_path': '/rNqLzACU9ez2ehDalTFDPjZiC4G.jpg'}, {'id': 16632, 'title': '100 Days with Mr. Arrogant', 'poster_path': '/4kTS3R0NR7Y5t1OpIuVWURlFYBF.jpg'}, {'id': 3513, 'title': 'Legionnaire', 'poster_path': '/vHezb1DIEB3DyBx9gp914y03yAG.jpg'}, {'id': 3515, 'title': ""I'll Sleep When I'm Dead"", 'poster_path': '/azbXPYe22TpcxNOkLZNjtN84olR.jpg'}]",2026-04-01T12:33:53.812799
927909,The Warriorr,ది వారియర్,"A young, naïve and idealistic Satya moves to Kurnool in hopes of a bright future. Discontent with how the city remains in the grip of a gangster, he decides to change the ‘treatment’ for the ‘disease’.",,"['Action', 'Drama']","['Ram Pothineni', 'Aadhi Pinisetty', 'Krithi Shetty', 'Nadhiya', 'Jayaprakash', 'Akshara Gowda', 'Brahmaji', 'Raaghavan Murugan']",['N. Linguswamy'],"['N. Linguswamy', 'N. Linguswamy']",[],2022-07-14,UA,165,4.9,13,1.1107,/s2tP3R39ZWo8CN90GuBTMvmXiBW.jpg,/AgmC4zYWDxAwH8u1N1LUEd8XmNr.jpg,te,Released,0,0,[],2026-04-01T12:33:54.516281
1202235,Daaku Maharaaj,డాకు మహారాజ్‌,A violent outlaw takes a job as a personal driver in order to protect the life of a little girl.,,"['Action', 'Crime', 'Drama', 'Thriller']","['Nandamuri Balakrishna', 'Bobby Deol', 'Pragya Jaiswal', 'Shraddha Srinath', 'Vedha Agarwal', 'Makrand Deshpande', 'Sachin Khedekar', 'Chandini Chowdary']",['Bobby Kolli'],"['K. Chakravarthy Reddy', 'Hari Mohana Krishna', 'Vineeth Potluri', 'Bobby Kolli']",[],2025-01-12,U/A 16+,147,5.6,16,1.11,/rGW9ad5TERuoluGSkgF1wHXP45H.jpg,/fWLfoaen7tv3mUT65KWHg7zCFYn.jpg,te,Released,0,0,[],2026-04-01T12:33:55.251725
799676,Shyam Singha Roy,శ్యామ్ సింగ రాయ్,"A young filmmaker is in a soup right when he’s about to find his footing in the film industry. When he sets out to find an answer, turns out it’s in the past.",,"['Romance', 'Thriller', 'Drama']","['Nani', 'Sai Pallavi', 'Krithi Shetty', 'Madonna Sebastian', 'Murali Sharma', 'Rahul Ravindran', 'Abhinav Gomatam', 'Ankith Koyya']",['Rahul Sankrityan'],"['Rahul Sankrityan', 'Satyadev Janga']",[],2021-12-24,UA,157,6.8,42,1.1099,/5C2wGMdwTQDUMIltYnn9qGrOs8w.jpg,/cDLN53hPa4dTufgqfcxXsrODuBq.jpg,te,Released,0,0,[],2026-04-01T12:33:55.948989
80864,Ashok,అశోక్,"A short-tempered man falls in love with a woman, who is also pursued by a gangster that wants to marry her. As the man sets out to take on the mighty mob, his estranged family gets drawn into the fight.",,"['Drama', 'Action', 'Romance']","['N.T. Rama Rao Jr.', 'Sameera Reddy', 'Prakash Raj', 'Sonu Sood', 'Rajiv Kanakala', 'Vadivukarasi', 'Rama Prabha', 'Sudha']",['Surender Reddy'],"['Madhu Vipparthi', 'Gopi Mohan', 'Vakkantham Vamsi']",[],2006-07-13,A,161,5.2,10,1.1087,/uQapGMmGJxZVz9Bm7d4WZ8A1pac.jpg,/lsOkY5z0tvs2eGKa6G3l0MN48F0.jpg,te,Released,0,0,[],2026-04-01T12:33:56.657738
77031,Jagadeka Veerudu Athiloka Sundari,జగదేకవీరుడు అతిలోకసుందరి,"A man finds a ring that gives the bearer great power, but the goddess to whom the ring belongs wants it back to return to her world.",,"['Action', 'Comedy', 'Fantasy']","['Chiranjeevi', 'Sridevi', 'Amrish Puri', 'Prabhakar', 'Allu Ramalingaiah', 'Rami Reddy', 'Tanikella Bharani', 'Brahmanandam']",['K Raghavendra Rao'],"['Jandhyala Subramanya Sastry', 'Yandamuri Veerendranath']",[],1990-05-09,NR,150,8.2,11,1.1072,/q1B0XgJmzlSP6sujx95ny2tSwrK.jpg,,te,Released,0,0,[],2026-04-01T12:33:57.447444
784963,Tuck Jagadish,టక్ జగదీష్,"In a village with greedy property fights among the families, Jagadish carries on his father's legacy to reform all the property issues in his village while trying to reunite his family, which is also split due to property issues.",,"['Drama', 'Action', 'Family']","['Nani', 'Ritu Varma', 'Jagapati Babu', 'Daniel Balaji', 'Aishwarya Rajesh', 'Nassar', 'Rao Ramesh', 'Maala Parvathi']",['Shiva Nirvana'],['Shiva Nirvana'],"['village', 'land war']",2021-09-09,UA,145,4.7,10,1.1028,/h3N0BvNtplnvK1kyqP4dQREUCn5.jpg,/nnpFB8S2RSN5JA9MSJVMIDvHn3g.jpg,te,Released,20000000,0,"[{'id': 1492111, 'title': 'There is a Place', 'poster_path': '/kIbpjRU4o2YHXjw7QWm1eOljNNK.jpg'}, {'id': 601285, 'title': 'Dante vs. Mohammed Ali', 'poster_path': '/slwT4KyVDXnyuld2YzZWnZOzJkm.jpg'}, {'id': 5850, 'title': 'Times and Winds', 'poster_path': '/rNFveNOjsQPSjacdQ6kNzJfP6ib.jpg'}, {'id': 9929, 'title': 'Asterix and Cleopatra', 'poster_path': '/gNpKAmWFsCiWKKx39Ap8pF7EWQg.jpg'}, {'id': 10217, 'title': 'The Sweet Hereafter', 'poster_path': '/gJy7LMq4b5qO5fsSUSoBgm24BHf.jpg'}]",2026-04-01T12:33:58.182254
532789,Ee Nagaraniki Emaindi?,ఈ నగరానికి ఏమైంది?,"Four friends, with a bittersweet history, get drunk and embark on a journey to Goa. On the trip, they lose an expensive ring which threatens to derail one of their engagement. They end up confronting one another and their own fears, as they enroll in a short film making competition in Goa to try and win the prize money for the ring.",,"['Comedy', 'Drama']","['Vishwak Sen', 'Sai Sushanth Reddy', 'Abhinav Gomatam', 'Venkatesh Kakumanu', 'Anisha Ambrose', 'Simran Choudhary', 'Galusheya Daria', 'Arjun']",['Tharun Bhascker'],"['Tharun Bhascker', 'Tharun Bhascker']","['friendship', 'goa', 'friends', 'trip']",2018-06-29,UA,140,7.4,22,1.1002,/4E8Cvh2D87vJDKKKkTbHYXNbsK9.jpg,/ppDRI1pNdZ1rTWnFp7pBGbkRmEB.jpg,te,Released,0,0,"[{'id': 2764, 'title': 'All Stars', 'poster_path': '/7iF6qvTRIVafyqxlcZCIZEfRxxn.jpg'}, {'id': 3110, 'title': 'Shane', 'poster_path': '/svr5ADpjXTCOQv8hmuJnB7I14Qv.jpg'}, {'id': 3361, 'title': 'Video Kings', 'poster_path': '/26dnOdmKONUEJs7WUsKm6GSLyuC.jpg'}, {'id': 3397, 'title': 'And Along Come Tourists', 'poster_path': '/zqPBBkuWcbgC95bR7P5PYHNVlM0.jpg'}, {'id': 2898, 'title': 'As Good as It Gets', 'poster_path': '/xXxuJPNUDZ0vjsAXca0O5p3leVB.jpg'}]",2026-04-01T12:33:58.897597
117058,Desamuduru,దేశముదురు,"After Bala, who works for a TV channel, gets into trouble with a goon, he is sent away for an out-of-town assignment. There he meets and falls in love with a girl who gets kidnapped by a gangster.",,"['Action', 'Romance']","['Allu Arjun', 'Hansika Motwani', 'Pradeep Ram Singh Rawat', 'Ali Basha', 'Ajay', 'Chandramohan', 'Devan', 'Telangana Shakuntala']",['Puri Jagannadh'],"['Puri Jagannadh', 'Puri Jagannadh']",[],2007-01-12,UA,142,5.3,24,1.0943,/7YjI8n9RXaI0NlV91TV3xAFgDLb.jpg,/s7WpwzH8IxnVrusjmhamb0HbYHE.jpg,te,Released,0,0,[],2026-04-01T12:33:59.666291
372399,A Aa,అ ఆ,"The love affair, conspired by creation, between Anasuya Ramalingam and Aanand Vihari.",Anasuya Ramalingam vs Anand Vihari,"['Family', 'Comedy', 'Romance', 'Drama']","['Nithiin', 'Samantha Ruth Prabhu', 'Anupama Parameswaran', 'Naresh', 'Nadhiya', 'Hari Teja', 'Ananya', 'Rao Ramesh']",['Trivikram Srinivas'],['Trivikram Srinivas'],"['entertainer', 'family relationships', 'romance']",2016-06-02,U,152,6.6,26,1.0919,/pDkmxToe0sNQGNaur5pYWGWFXEX.jpg,/4eaamvUD8jLRtxwLuxN4LrGxBKn.jpg,te,Released,87933055,189432924,"[{'id': 425124, 'title': 'Walk of Fame', 'poster_path': '/nUW9ksEmRVEx4DRTRNTBFfz5SNy.jpg'}, {'id': 1581, 'title': 'The Holiday', 'poster_path': '/n26GUumac5MrzpJiv0DPI7MMIUJ.jpg'}, {'id': 252955, 'title': 'The Girl Who Came Gift-Wrapped', 'poster_path': '/mogZkkcvPwox0rfpqESAjJ19tIl.jpg'}, {'id': 425110, 'title': 'Fröken Vildkatt', 'poster_path': '/ynGgnQZ3FYqWw8vlfb8LdyzO7g0.jpg'}, {'id': 598467, 'title': 'The Backbone of America', 'poster_path': '/3VpneCGHfpjMehri9hlac3APnzS.jpg'}]",2026-04-01T12:34:00.440717
794961,Akhanda,అఖండ,"Brothers Murali Krishna and Akhanda are separated at birth. They grow up to lead completely separate lives, Murali as a local hero, and Akhanda as a secluded Shiva devotee. But when the lives of Murali and his family are in danger, his long-lost brother finally returns.","When hope dies, when there is no faith, when evil spreads its wings, Akhanda arrives.","['Action', 'Drama']","['Nandamuri Balakrishna', 'Pragya Jaiswal', 'Poorna', 'Nitin Mehta', 'Srikanth', 'Viji Chandrasekhar', 'Avinash', 'Subbaraju']",['Boyapati Srinu'],"['Boyapati Srinu', 'M. Rathnam']",[],2021-12-02,UA,167,5.7,24,1.0883,/1mjw3CdnDJk3W0gki3N9K5Ol0EL.jpg,/dTD3wlEjhEzKztFyzKWSeICGMFw.jpg,te,Released,0,0,[],2026-04-01T12:34:01.186339
892269,Ravanasura,రావణాసుర,"An investigating officer is assigned to investigate few brutal murders, where he zeroes in on Ravindra, a criminal lawyer who has penchant for secretly committing murders as the mastermind behind the crime.",Heroes Don’t Exist,"['Action', 'Thriller', 'Comedy']","['Ravi Teja', 'Anu Emmanuel', 'Megha Akash', 'Sushanth', 'Faria Abdullah', 'Daksha Nagarkar', 'Pujita Ponnada', 'Jayaram']",['Sudheer Varma'],"['Srikanth Vissa', 'Srikanth Vissa', 'Srikanth Vissa', 'Sudheer Varma']",[],2023-04-07,A,142,4.9,15,1.0801,/lI8qMT1QtkHy2yiSpj2FCEMV0Tw.jpg,/s19e4PZdDN5BZ3VPmnb4lurpCEi.jpg,te,Released,0,0,[],2026-04-01T12:34:01.916094
332832,Surya Vs Surya,Surya Vs Surya,"Surya has a rare genetic disorder that is deadly if he is exposed to sunlight. To prevent this from happening, Surya lives his life by night. When he falls in love with Sanjana, things become complicated for them both.",,"['Romance', 'Drama']","['Nikhil Siddhartha', 'Tanikella Bharani', 'Satya', 'Tridha Choudhury', 'Madhoo', 'Thagubothu Ramesh', 'Harsha Chemudu', 'Raghavendra Rao']",['Karthik Ghattamaneni'],['Karthik Ghattamaneni'],[],2015-03-05,U,120,6.1,11,1.0789,/uzVRWHPmZ8hM4NIgCZBKJ8KVCDI.jpg,/9ETi6OKdubYBoulViHvnoaSumpr.jpg,te,Released,0,0,[],2026-04-01T12:34:02.625435
678391,HIT: The First Case,హిట్: ది ఫస్ట్ కేస్,"Vikram Rudraraju is a 30-year-old cop working for the Telangana State Police. While Vikram is battling with his own traumatic past, the stakes get high when a girl called Preethi mysteriously disappears in Hyderabad and Vikram has to solve the case at any cost.",,"['Crime', 'Thriller', 'Action']","['Vishwak Sen', 'Ruhani Sharma', 'Murali Sharma', 'Bhanuchander', 'Brahmaji', 'Chaitanya Sagiraju', 'Naveena Reddy', 'Ravi Raja']",['Sailesh Kolanu'],['Sailesh Kolanu'],"['hit', 'vishwaksen']",2020-02-27,UA,126,6.5,49,1.0763,/dMxentLHEJPBMQCPXHrUKluODpe.jpg,/A45uq2S4JHBVLGaMWrtawOLp08i.jpg,te,Released,720000,1300000,"[{'id': 64689, 'title': 'Killing Them Softly', 'poster_path': '/heaz45kpFa4Oa7iLis0OBas68ls.jpg'}, {'id': 837512, 'title': 'Hit', 'poster_path': '/b7eGeXn5L8GTsVkLiT5tzEJ7nwm.jpg'}, {'id': 80318, 'title': 'The Motel Life', 'poster_path': '/8Vygm1h8MsqSN6WKMdq4MwBbM5B.jpg'}, {'id': 1436743, 'title': 'Last Hit', 'poster_path': '/uxvn90eyEunObxqkMn0k882Dfzk.jpg'}, {'id': 367733, 'title': 'The Face of Fear', 'poster_path': None}]",2026-04-01T12:34:03.337096
101736,Jai Lava Kusa,జై లవ కుశ,"Jai, Lava and Kusa are triplets who get separated during their childhood because of small clashes. While Jai becomes an evil blooded criminal, the other two, Kusa and Lava end up as small-time crook and bank manager respectively. The twist in the tale arises when Jai kidnaps both the brothers and asks them to help him in his political growth. What is Jai’s agenda? Why did he kidnap his brothers? How can the innocent Lava and Kusa manage the criminal Jai?",,"['Action', 'Thriller']","['N.T. Rama Rao Jr.', 'Nivetha Thomas', 'Raashii Khanna', 'Ronit Roy', 'Hamsa Nandini', 'Priyadarshi Pullikonda', 'Abhimanyu Singh', 'Tamannaah Bhatia']",['Bobby Kolli'],"['Kona Venkat', 'Bobby Kolli', 'Bobby Kolli']",[],2017-09-21,UA,150,6.6,32,1.0696,/soaeBBssklbEo3Rq8JcdxG1yfTO.jpg,/cXyI7qpS2OGZCxoFtK2KfzVtvbC.jpg,te,Released,0,0,[],2026-04-01T12:34:04.066674
789358,Check,చెక్,Aditya is a death row prisoner facing charges of terrorism. His only hope for living lies in the game of chess.,,"['Crime', 'Thriller']","['Nithiin', 'Rakul Preet Singh', 'Priya Prakash Varrier', 'Simran Choudhary', 'Posani Krishna Murali', 'Murali Sharma', 'Harsha Vardhan', 'Sampath Raj']",['Chandra Sekhar Yeleti'],"['Chandra Sekhar Yeleti', 'Chandra Sekhar Yeleti']",[],2021-02-20,NR,140,5.4,12,1.0692,/7uWWCPFDE1ZqfzZuqEr5aRq18bn.jpg,/vaH71k2qZWTX2v3T3jrXa9boBTw.jpg,te,Released,0,0,[],2026-04-01T12:34:04.768200
81062,Jagadam,జగడం,Seenu dreams of becoming a thug and grows up to be a member of a local gangster's group. Things take an unexpected turn when Seenu's younger brother is killed due to Seenu's lifestyle.,,"['Drama', 'Action', 'Romance', 'Crime']","['Ram Pothineni', 'Isha Sahani', 'Pradeep Ram Singh Rawat', 'Prakash Raj', 'Raghu Babu', 'Tanikella Bharani', 'Telangana Shakuntala', 'Duvvasi Mohan']",['Sukumar'],['Sukumar'],[],2007-03-16,NR,150,5.6,12,1.0674,/jdj8tt0VIb8PrpuZtnV918AskSU.jpg,/4FCI9UXSpR8aht2zRx2wLMWtuqo.jpg,te,Released,0,0,[],2026-04-01T12:34:05.470310
891445,Bimbisara,బింబిసార,"Bimbisara is a ruthless emperor of Trigarthala in 500 BC. In unexpected circumstances, Bimbisara travels in time and reaches the current day not knowing that a power-thirsty doctor Subramanya Sastry and Kethu are already waiting for him to come. Bimbisara has to deal with modern day hustle and bustle.",A time travel from Evil to Good,"['Action', 'Fantasy', 'Drama']","['Kalyan Ram', 'Sridevi', 'Vivan Bhatena', 'Ayyappa P. Sharma', 'Prakash Raj', 'Catherine Tresa', 'Samyuktha', 'Srinivasa Reddy']",['Malladi Vassishta'],"['Malladi Vassishta', 'Malladi Vassishta']","['time travel', 'treasure hunt', 'historical fiction', 'medieval india', 'modern times']",2022-08-05,UA,146,5.9,16,1.0635,/imy0RTW2xGZNF0SCY3jf672VQmP.jpg,/gl73XYPrjMoxZSxXjbU6pbQocH5.jpg,te,Released,0,0,"[{'id': 1729, 'title': 'The Forbidden Kingdom', 'poster_path': '/z8chF1Z7hyuSVqLYTgElkQZh2VB.jpg'}, {'id': 1738, 'title': 'Next', 'poster_path': '/wtBOCJBCP0MWNjmBwjMAzbwgtTK.jpg'}, {'id': 1687, 'title': 'Escape from the Planet of the Apes', 'poster_path': '/AnbLVdUEroTfHTUVAJCxkL4R0IH.jpg'}, {'id': 252994, 'title': 'Little Treasure', 'poster_path': '/c0FwD29PReZNUrYVUh4QNT5HjLh.jpg'}, {'id': 2908, 'title': 'Visiting Van Gogh', 'poster_path': '/bjD31tgCOqyfsDKt9DEZr7bNew7.jpg'}]",2026-04-01T12:34:06.214478
292139,Power,పవర్,"Ravi Teja plays a young man desperate to become a police officer, who becomes embroiled in a plot to pose as his lookalike in order to re-capture an infamous thug from rogue cops. The film revolves around two similar looking people, Baldev Sahay - a corrupt ACP in Kolkata and Tirupathi - a person aspiring to become a police officer in Hyderabad. The home minister of Kolkata recruits Tirupathi to play as Baldev to catch a gangster rescued by Baldev. Rest of the story is all about why Baldev became a corrupt cop and how Tirupathi executed the unfinished mission of Baldev.",Unlimited,"['Action', 'Comedy']","['Ravi Teja', 'Hansika Motwani', 'Regina Cassandra', 'Prakash Raj', 'Mukesh Rishi', 'Kota Srinivasa Rao', 'Brahmanandam', 'Brahmaji']",['Bobby Kolli'],"['Kona Venkat', 'Mohana Krishna', 'K. Chakravarthy']",[],2014-09-12,UA,147,5.7,19,1.0599,/ss0DcmUNQ6XaBwPfxJA7lktKhCi.jpg,/gmaF8Z8A2K3FQJ0ZDBisUEjftJk.jpg,te,Released,0,4900000,[],2026-04-01T12:34:06.943273
111836,Gabbar Singh,గబ్బర్ సింగ్,"A boy runs away from home, angry with his stepfather and half-brother. Years later, he becomes a police inspector and fights a notorious criminal.",He is Special,"['Action', 'Comedy']","['Pawan Kalyan', 'Shruti Haasan', 'Ali Basha', 'Kota Srinivasa Rao', 'Abhimanyu Singh', 'Tanikella Bharani', 'Brahmanandam', 'Rao Ramesh']",['Harish Shankar'],['Satish Vegesna'],[],2012-05-11,UA,153,6.1,25,1.0597,/tFDhzLPhWnjDNda7YHcbeB4gcGi.jpg,/yZfyaPCvvyzzNIExxzRd7xpyiDl.jpg,te,Released,7000000,16000000,"[{'id': 425110, 'title': 'Fröken Vildkatt', 'poster_path': '/ynGgnQZ3FYqWw8vlfb8LdyzO7g0.jpg'}, {'id': 251813, 'title': ""Lassie's Great Adventure"", 'poster_path': '/n4hS9t0xYobkH7HV5AT0zEdLeMi.jpg'}, {'id': 253777, 'title': 'Caminandes: Llama Drama', 'poster_path': '/66VPke0YSiyfe97aobbcZ55ts56.jpg'}, {'id': 440115, 'title': 'Vi tre', 'poster_path': '/ccZpo83TxJJbIQpZogqUFqgDzvU.jpg'}, {'id': 21607, 'title': 'Kisaan', 'poster_path': '/r2ALo5BqiKWI6In0l3nPWcjy76m.jpg'}]",2026-04-01T12:34:07.699253
31626,Bommarillu,బొమ్మరిల్లు,"Siddu is the son of an over-protective business man. Every decision of his is made by his father, which leads him into frustration. He half-heartedly agrees to become engaged to a rich man's daughter, but then falls for a middle-class man's daughter called Haasini. The film focuses on his realization that he has to stand on his own and come out of his father's protective shell - and try to succeed in love.",Love makes life beautiful...,"['Drama', 'Romance']","['Siddharth', ""Genelia D'Souza"", 'Prakash Raj', 'Jayasudha', 'Kota Srinivasa Rao', 'Sunil Varma', 'Ravi Varma', 'Chitram Seenu']",['Bhaskar'],"['Bhaskar', 'Rajasimha Tadinada']",['romcom'],2006-08-09,U,168,6.338,40,1.0561,/oYN5XJzV9dYGwzq4fmp41xcIaDS.jpg,/6MrXT2kyeoWiruFNkxlhovM3plj.jpg,te,Released,0,0,"[{'id': 1845, 'title': '2 Days in Paris', 'poster_path': '/4yf8vcgJtADTTPP0Ltq2KhqLfdE.jpg'}, {'id': 1824, 'title': '50 First Dates', 'poster_path': '/lzUI2Cg7OMfcUNv3f7MywYNBjs6.jpg'}, {'id': 961801, 'title': 'Erhöhte Waldbrandgefahr', 'poster_path': None}, {'id': 254171, 'title': 'Bewakoofiyaan', 'poster_path': '/eniZIxK1INYbOQBeJWmv0IhKKOz.jpg'}, {'id': 3086, 'title': 'The Lady Eve', 'poster_path': '/lJYD3CMgKtv12hazSHc7xt3i2uq.jpg'}]",2026-04-01T12:34:08.439848
80880,Aarya,ఆర్య,"Aarya is a happy-go-lucky young man who goes to college. When he falls in love with Geetha at first sight, he proposes to her - in front of her boyfriend Ajay, who recently also proposed to her. She bluntly refuses, but ...",Feel My Love,"['Romance', 'Drama']","['Allu Arjun', 'Anuradha Mehta', 'Siva Balaji', 'Subbaraju', 'Sunil Varma', 'Venu Madhav', 'Rajan P Dev', 'Sudha']",['Sukumar'],"['Sukumar', 'Sukumar']",[],2004-05-07,U,151,6.511,47,1.0502,/1RU7eOgierTfTiNNQUmd1h5iKFU.jpg,/peYtrlq7SgZdp3wp5CFHL8y7J56.jpg,te,Released,0,0,[],2026-04-01T12:34:09.141101
97342,Vedam,వేదం,"Five people from varied strata of society – a slum dweller who works as a cable operator, a runaway prostitute, a desperate woman drowning in debt, a rising musician, and a grief-stricken Muslim man – end up together in the same hospital, at a time when it is attacked by terrorists.",,"['Drama', 'Thriller']","['Allu Arjun', 'Anushka Shetty', 'Manoj Bajpayee', 'Manchu Manoj', 'Saranya Ponvannan', 'Ravi Prakash', 'Siya Gautham', 'Lekha Washington']",['Radha Krishna Jagarlamudi'],"['Radha Krishna Jagarlamudi', 'Radha Krishna Jagarlamudi']",[],2010-06-04,UA,141,7.188,40,1.0443,/fwozjObCQSZsGdUw0dJXJSdEocj.jpg,/A5kNXar0xOkk6B62Hq5Qs8YYCLF.jpg,te,Released,3000000,9000000,[],2026-04-01T12:34:09.871369
55283,Leader,లీడర్,"Upon the death of his father, Arjun Prasad campaigns to become the CM of Andhra. He hopes to eradicate corruption from Indian Politics.",The Campaign Begins,"['Drama', 'Romance']","['Rana Daggubati', 'Harsha Vardhan', 'Priya Anand', 'Subbaraju', 'Kota Srinivasa Rao', 'Richa Gangopadhyay', 'Suhasini Maniratnam', 'Tanikella Bharani']",['Sekhar Kammula'],['Sekhar Kammula'],"['corruption', 'politics', 'inspiration']",2010-02-19,NR,172,6.3,25,1.038,/kh4YPMvpyore0jFPyQ2eV5JSihv.jpg,/l8NDCwm1wUyo9DCBZlfMQy8NomO.jpg,te,Released,0,1458709,"[{'id': 253569, 'title': 'Panchavadi Palam', 'poster_path': '/bvoLGAHYjJ0ZAy0VZXErYhgHNR1.jpg'}, {'id': 2359, 'title': 'Sicko', 'poster_path': '/p3L6lwVFgv1VaqbtDLWkAlLc319.jpg'}, {'id': 2721, 'title': 'Z', 'poster_path': '/dFAJyFNgvOv24f2RQyI9KDxjGr3.jpg'}, {'id': 2503, 'title': 'The Bourne Ultimatum', 'poster_path': '/15rMz5MRXFp7CP4VxhjYw4y0FUn.jpg'}, {'id': 961306, 'title': 'Chandramukhi', 'poster_path': '/nhPxuXvRnv2hP20Jsemt8A0Ww1.jpg'}]",2026-04-01T12:34:10.580215
354630,Siva,శివ,"Siva is a new student in the community college. He is welcomed by a group of collegians, including the lovely Asha, to whom Shiva is instantly attracted. Shiva notices that there is violence within the college, perpetrated by people who are not even students. When he decides to find out their motives, he is met with violence, and threats. Now Shiva must decide to stand up for his college, or just carry on studying, finish college, and move on and get to on job.",,"['Action', 'Drama', 'Crime']","['Nagarjuna Akkineni', 'Amala Akkineni', 'Raghuvaran', 'J. D. Chakravarthi', 'Tanikella Bharani', 'Chinna', 'Subhalekha Sudhakar', 'Kota Srinivasa Rao']",['Ram Gopal Varma'],"['Ram Gopal Varma', 'Ram Gopal Varma']","['social injustice', 'college student']",1989-10-05,A,145,6.391,23,1.0378,/glgO02tTO5B4GAmybuzEsCMQK5O.jpg,/bdLvelZtIr8MiscEs9e48Vzd4Jl.jpg,te,Released,0,0,"[{'id': 633, 'title': 'Soldier of Orange', 'poster_path': '/kdlk0cz97i8Fyb1ZFpp9tokHxGD.jpg'}, {'id': 1551, 'title': 'Flatliners', 'poster_path': '/wda3j7p7YHXKpFIlSzoTCtP7myF.jpg'}, {'id': 1314470, 'title': 'Cómplice', 'poster_path': '/aoXcGWbibPUEczA8KiNNK5s2rVX.jpg'}, {'id': 21500, 'title': 'Class', 'poster_path': '/iDFeOVxNOSmAcsdmvtt4kZWB8GA.jpg'}, {'id': 16297, 'title': 'With Honors', 'poster_path': '/eWJ2Y7CRvlv1KVfAJGRcH95i1pY.jpg'}]",2026-04-01T12:34:11.324558
802068,Wild Dog,Wild Dog,"Wild Dog aka Vijay Varma is an NIA agent who’s brought back to field from a desk job to handle a terrorism case. Despite having a personal motive, he moves heaven and earth to ensure justice is served for the sake of the country.",,"['Action', 'Thriller']","['Nagarjuna Akkineni', 'Dia Mirza', 'Saiyami Kher', 'Atul Kulkarni', 'Anish Kuruvilla', 'Dayanand Reddy', 'Rahul Singh', 'Avijit Dutt']",['Ahishor Solomon'],"['Kiran Kumar', 'Ahishor Solomon']",[],2021-04-02,UA,122,5.5,22,1.0275,/8377XckHbfJDMrkSpEa9ZQJlVE0.jpg,/bdZS1xmow1avubmpM0p0GXkQaGE.jpg,te,Released,0,32519,[],2026-04-01T12:34:12.052388
1233327,Matka,మట్కా,"Set between the years 1958 and 1982, Matka tells the story of Vasu, who rises from poverty to create a powerful gambling empire in India, ultimately leading the nation into a battle with the government. Based on real events, the tale explores themes of love, moral choices, and the consequences of ambition.",,"['Action', 'Crime']","['Varun Tej', 'Meenakshi Chaudhary', 'Nora Fatehi', 'Naveen Chandra', 'Ajay Ghosh', 'Kishore', 'Mime Gopi', 'V. S. Roopa Lakshmi']",['Karuna Kumar'],['Karuna Kumar'],"['bet', 'casino', 'crime boss', 'betting']",2024-11-14,U/A 16+,159,4.9,11,1.025,/1LzHbFk93Lp00ZsqGHPAnAoUJW8.jpg,/kyVcNF6GRthdiT4oZn5XgJtl0F7.jpg,te,Released,0,0,"[{'id': 1492561, 'title': 'Todo arde', 'poster_path': None}, {'id': 3179, 'title': 'Beavis and Butt-Head Do America', 'poster_path': '/vqdgQiRCSzgpFXLlbxbybfkleBM.jpg'}, {'id': 905, 'title': ""Pandora's Box"", 'poster_path': '/3B2A5g8t3HZltKp1fplNn2xW4us.jpg'}, {'id': 1422, 'title': 'The Departed', 'poster_path': '/nT97ifVT2J1yMQmeq20Qblg61T.jpg'}, {'id': 2443, 'title': 'The Spider Woman', 'poster_path': '/yTbwfGfrJ1opMAIrdltCCf3eRo2.jpg'}]",2026-04-01T12:34:12.757109
540189,Goodachari,గూఢచారి,"Gopi, is the son of an ex-RAW agent Raghuveer. Brought up by his uncle Sathya, he wants to be an agent just like his father and uncle. But Satya wants him to lead a normal life and not be killed like his father was. What happens in Gopi’s life that turns everything upside down?",,"['Thriller', 'Action', 'Crime']","['Adivi Sesh', 'Prakash Raj', 'Jagapati Babu', 'Supriya Yarlagadda', 'Sobhita Dhulipala', 'Vennela Kishore', 'Madhu Shalini', 'Rakesh Varre']",['Sashi Kiran Tikka'],"['Adivi Sesh', 'Sashi Kiran Tikka', 'Rahul Pakala', 'Adivi Sesh']",['spy'],2018-08-03,UA,147,6.9,46,1.0211,/gBhekVgADDk1ZgsQhrJ8CesdW3k.jpg,/eXSJvPl4kOQFBaQqMSEOQJRaG1t.jpg,te,Released,872664,0,"[{'id': 3690, 'title': 'City of Fear', 'poster_path': '/gAmmPxPAUIeusnMFX5D4N82APZX.jpg'}, {'id': 3692, 'title': 'Secret Agent Super Dragon', 'poster_path': '/a9hyX0Pj7ZOGrXEf1Epnp0KWk5M.jpg'}, {'id': 254321, 'title': '008: Operation Exterminate', 'poster_path': '/wLQJU8TjukQYZ7vGmO6lag0n66X.jpg'}, {'id': 4327, 'title': ""Charlie's Angels"", 'poster_path': '/iHTmZs0BmkwMCYi8rhvMWC5G4EM.jpg'}, {'id': 4034, 'title': 'That Man from Rio', 'poster_path': '/AhaUqqHTIMSXG6WOMRCreitQ1ZX.jpg'}]",2026-04-01T12:34:13.458252
1208735,Thandel,తండేల్,"Fisherman Raju is deeply in love with Satya. However, at one point, she urges him to stop going to the sea and look for other jobs. Ignoring her plea, Raju ventures out and accidentally drifts into Pakistani waters, where he is arrested.",,"['Romance', 'Action', 'Drama', 'Thriller']","['Naga Chaitanya Akkineni', 'Sai Pallavi', 'Sundip Ved', 'Prakash Belawadi', 'Kalpalatha', 'Karunakaran', 'Parvateesam', 'Mahesh Achanta']",['Chandoo Mondeti'],"['Chandoo Mondeti', 'Kartheek Theeda']","['fisherman', 'romantic thriller', 'india pakistan border', 'romantic drama']",2025-02-07,U/A 13+,152,6.1,14,1.0202,/uaMcu3I9l3qyYovya7dwUcdU6ve.jpg,/8mCApaSTpIj3y1LnHpBqzdy9rEW.jpg,te,Released,6400000,20000000,"[{'id': 254164, 'title': 'Rape and Death of a Housewife', 'poster_path': '/tX6b5aMnsdgkjdknFOvX7yG47AA.jpg'}, {'id': 3600, 'title': 'I Still Know What You Did Last Summer', 'poster_path': '/eg3d6hvTaOmW3lNErFfutBmWmAR.jpg'}, {'id': 3597, 'title': 'I Know What You Did Last Summer', 'poster_path': '/dQyaJx0SptDqvQcAewAr8FAtLB2.jpg'}, {'id': 1143037, 'title': 'The Metropolitan Opera: Carmen', 'poster_path': '/sVqlHl2CokdooNus11GxImLZHaR.jpg'}, {'id': 4173, 'title': 'Stromboli', 'poster_path': '/tsyyzGSspKsawHocchfokskwbeM.jpg'}]",2026-04-01T12:34:14.186475
80539,Panjaa,పంజా,"Jai, an orphan, falls into bad company after Bhagwan, a gangster, gives him shelter and hope to live. However, Jai and Munna, Bhagwan's son, fight with each other after Munna kills an innocent woman.",,['Action'],"['Pawan Kalyan', 'Sarah-Jane Dias', 'Anjali Lavania', 'Jackie Shroff', 'Atul Kulkarni', 'Brahmanandam', 'Tanikella Bharani', 'Ali Basha']",['Vishnu Varadhan'],['Vishnu Varadhan'],"['hitman', 'fight', 'betrayal', 'shootout', 'orphan', 'one man army', 'knife fight', 'car explosion', 'gunplay', 'action hero']",2011-12-09,NR,156,5.7,19,1.016,/fW2dqMDDo6dz2GAAJgYIwfcuvik.jpg,/4uERmytN70Z1qptFk55dXSO1D7d.jpg,te,Released,6,0,"[{'id': 1620, 'title': 'Hitman', 'poster_path': '/h69UJOOKlrHcvhl5H2LY74N61DQ.jpg'}, {'id': 1572, 'title': 'Die Hard: With a Vengeance', 'poster_path': '/buqmCdFQEWwEpL3agGgg2GVjN2d.jpg'}, {'id': 1573, 'title': 'Die Hard 2', 'poster_path': '/ybki0UWO3OPhaM6MSniuKC7sy1R.jpg'}, {'id': 1701, 'title': 'Con Air', 'poster_path': '/kOKjgrEzGOP92rVQ6srA9jtp60l.jpg'}, {'id': 1729, 'title': 'The Forbidden Kingdom', 'poster_path': '/z8chF1Z7hyuSVqLYTgElkQZh2VB.jpg'}]",2026-04-01T12:34:14.905577
900222,Yashoda,యశోద,"Looking to save her sister, Yashoda, a desperate woman agrees to be a surrogate and move in to a plush facility - but nothing is as it seems. In the world outside Eva, a Hollywood starlet dies under mysterious circumstances, so do a tycoon and a super model. An unknown drug seem to hold the key to the whole mystery.",,"['Crime', 'Thriller', 'Drama', 'Science Fiction']","['Samantha Ruth Prabhu', 'Varalaxmi Sarathkumar', 'Unni Mukundan', 'Madhurima Narla', 'Rao Ramesh', 'Murali Sharma', 'Sampath Raj', 'Shatru']","['K. Hari Shankar', 'Hareesh Narayan']","['K. Hari Shankar', 'Hareesh Narayan']",[],2022-11-11,UA,135,6.5,21,1.0152,/gSYkMzVRBeYwBgvQ155oORPJzmW.jpg,/hmmO043egTRuKyWUmdq7jvezMBC.jpg,te,Released,0,0,[],2026-04-01T12:34:15.629533
674779,Bheeshma,భీష్మ,"Bheeshma Prasad, a simple meme creator has his life turned around when he wages a war against a powerful agro company that creates harmful chemicals to increase the crop yield and make more money.",Single forever,"['Romance', 'Action', 'Comedy']","['Nithiin', 'Rashmika Mandanna', 'Anant Nag', 'Vennela Kishore', 'Jisshu Sengupta', 'Sampath Raj', 'Raghu Babu', 'Naresh']",['Venky Kudumula'],"['Venky Kudumula', 'Venky Kudumula']",[],2020-02-21,U,151,6.2,38,1.0138,/pE0ECn6buZNigSDFlpoIngDNAuD.jpg,/uVoOsxSVhlie37wBZprHtEyYpQV.jpg,te,Released,0,0,[],2026-04-01T12:34:16.367835
148808,Geethanjali,గీతాంజలి,"Prakash, who is diagnosed with terminal cancer, and Geethanjali, an equally ill patient, fall in love with each other. However, when she learns about his illness, she decides to move out of his life.",,"['Drama', 'Romance']","['Nagarjuna Akkineni', 'Girija Shettar', 'Vijayakumar', 'Vijayachander', 'M. M. Radhabai', 'Sumithra', 'Aruna Mucherla', 'Janaki']",['Mani Ratnam'],"['Mani Ratnam', 'Mani Ratnam']",[],1989-05-10,NR,137,6.8,16,1.0018,/qZVWloCwvgP5JtaqBWoFY6YspzT.jpg,/b2p8GKgeylD0o0Ka9FfSbBYXQMg.jpg,te,Released,0,0,"[{'id': 4459, 'title': 'Night Without Sleep', 'poster_path': '/8tJ36codDm1DixT8DL23zYCppl4.jpg'}, {'id': 5334, 'title': 'Billy Budd', 'poster_path': '/mdhGhduqT85qIbSgxD9VP6JvJlH.jpg'}, {'id': 4931, 'title': 'Madigan', 'poster_path': '/hj4AgOat5aQUVQfKOi2KNdmnCNc.jpg'}, {'id': 4489, 'title': 'Tod der Engel', 'poster_path': None}, {'id': 7461, 'title': 'Vantage Point', 'poster_path': '/9xA1KaGoYQJveY3C87J41Au5Kkn.jpg'}]",2026-04-01T12:34:17.109586
862946,Saakini Daakini,శాకినీ ఢాకినీ,Two trainee female police officers find themselves in an endless race against time after they witness a kidnapping and decide to use their knowledge.,,"['Action', 'Adventure', 'Comedy']","['Regina Cassandra', 'Nivetha Thomas', 'RJ Hemant', 'Lahari Shari', 'Prudhviraj', 'Bhanuchander', 'Chammak Chandra', 'Nellore Sudharshan']",['Sudheer Varma'],"['Akshay Poolla', 'Sudheer Varma']",['remake'],2022-09-16,UA,115,5.7,14,1.001,/ggD6ddmE2Uz2AVgbF48vMZvg3sf.jpg,/4rPXSJFSZvANt5wAH5FEGSU1UyP.jpg,te,Released,0,0,"[{'id': 1636, 'title': 'Bedazzled', 'poster_path': '/sBV28EVvWsJRosMsEFCbVmpAZEl.jpg'}, {'id': 1311613, 'title': 'Race with the Devil', 'poster_path': '/aOK8xh9vGHGhT48UMdDebTDFkca.jpg'}, {'id': 2976, 'title': 'Hairspray', 'poster_path': '/fgMka3HtFvI5OgW1eYdR9XpySxH.jpg'}, {'id': 3346, 'title': 'Frankenstein, the Vampire and Company', 'poster_path': '/co3hXlHXkCl3vBSKgAKepHtRsK0.jpg'}, {'id': 4380, 'title': 'Shall We Dance?', 'poster_path': '/aGIyiQv08Gw1HO5BV1yrwCWtGHC.jpg'}]",2026-04-01T12:34:17.827868
607091,Oh! Baby,ఓ! బేబీ,"A 70-year-old woman transforms into her 24-year-old self after she's photographed at a studio, changing her life and those of the people around her forever.",,"['Comedy', 'Drama', 'Fantasy', 'Family']","['Samantha Ruth Prabhu', 'Lakshmi', 'Rajendra Prasad', 'Rao Ramesh', 'Teja Sajja', 'Urvashi', 'Naga Shaurya', 'Aishwarya Bhaskar']",['B. V. Nandini Reddy'],['B. V. Nandini Reddy'],"['remake', 'body switch']",2019-07-04,U,157,6.7,28,1.0007,/3dXjxNtK3c5xFXJnTe8cnOBLqqp.jpg,/q1r9fd7j9zvHHxR6lQ60aCKpMGf.jpg,te,Released,0,0,"[{'id': 252738, 'title': 'Oshin', 'poster_path': '/tvEyrBudkgm31KAc24H2nTGxfTv.jpg'}, {'id': 1598, 'title': 'Cape Fear', 'poster_path': '/meJZAAuVcjic2ipvbOPz5UlE4P9.jpg'}, {'id': 253065, 'title': 'Miss Granny', 'poster_path': '/kQcSCLOxqJlRyqAPnj4B0UTXIfF.jpg'}, {'id': 774412, 'title': 'Zerrissen - Zwischen zwei Müttern', 'poster_path': '/4tBfqbqNDTbtSErcPtEtSsd1haF.jpg'}, {'id': 252852, 'title': 'Death Takes a Holiday', 'poster_path': '/lobwPbKxW44fq0qC4hoOw3zahBL.jpg'}]",2026-04-01T12:34:18.558523
97343,Tagore,ఠాగూర్,"Tagore (Chiranjeevi) creates his own vigilante military network called the Anti-Corruption Force (ACF) that eliminates the most corrupt individuals, from all walks of life, in a systematic manner. As pressure builds on Police and Government to track down the Man who masterminds these killings, Balbir Singh (Puneet Issar), is specially summoned to head the task. He is aided by Suryam (Prakash Raj) who, though being just a constable in the mammoth Police force, is compelled by his instincts to see through the underlying design. Together they unravel the mystery and unveil the phenomenon called Tagore, but not before Badrinaryana (Sayaji Shinde), the human face of evil, finds out that his revelry in the belief of Tagore’s death was a mistake he can never make amends for.",,"['Drama', 'Action']","['Chiranjeevi', 'Shriya Saran', 'Jyothika', 'Prakash Raj', 'Sayaji Shinde', 'Sunil Varma', 'M. S. Narayana', 'K. Viswanath']",['V. V. Vinayak'],['A. R. Murugadoss'],[],2003-09-24,NR,175,6.6,13,0.9873,/uMYWgHSiFEiE0bPLBp4eZTxLnqv.jpg,/lUt5SfdcIN8SJdQu8R9JOUl3i8N.jpg,te,Released,198000,0,[],2026-04-01T12:34:19.323576
412326,Khaidi No. 150,ఖైదీ నెం.150,A convict who plans to escape the country unexpectedly switches his place with a good Samaritan who fights for the rights of poor farmers.,,"['Action', 'Romance', 'Thriller']","['Chiranjeevi', 'Kajal Aggarwal', 'Tarun Arora', 'Ali Basha', 'Ram Charan', 'Raai Laxmi', 'Brahmanandam', 'Raghu Babu']",['V. V. Vinayak'],['V. V. Vinayak'],"['remake', 'farmer', 'corporate crime', 'landgrabbing']",2017-01-15,UA,147,5.9,22,0.9858,/3Ry340WkEjlkglTnqLbvEGwMBmK.jpg,/lFCwomQD5nYUXrj5dyqRJBN562b.jpg,te,Released,0,0,"[{'id': 1311613, 'title': 'Race with the Devil', 'poster_path': '/aOK8xh9vGHGhT48UMdDebTDFkca.jpg'}, {'id': 4380, 'title': 'Shall We Dance?', 'poster_path': '/aGIyiQv08Gw1HO5BV1yrwCWtGHC.jpg'}, {'id': 5319, 'title': 'Hum Dil De Chuke Sanam', 'poster_path': '/kuoJvw45TobVp5QcyV16nK26NFx.jpg'}, {'id': 1143541, 'title': 'The Gangster, the Cop, the Devil', 'poster_path': None}, {'id': 962489, 'title': 'Ditto', 'poster_path': '/mTKlh5orSD9hsE8fbn5Tb4azHSJ.jpg'}]",2026-04-01T12:34:20.034173
466147,Jaya Janaki Nayaka,జయ జానకి నాయక,"Gagan is very much in love with Sweety aka Janaki, a sweet-natured girl, ever willing to lend a helping hand to those in need. But she ends up rejecting Gagan and later finds herself in a situation from which there seems no escape. Why did Sweety reject Gagan and what does he do when he finds her in a dangerous predicament.",,"['Romance', 'Action', 'Thriller']","['Bellamkonda Srinivas', 'Rakul Preet Singh', 'Pragya Jaiswal', 'Jagapati Babu', 'R. Sarathkumar', 'Catherine Tresa', 'Sithara', 'Vani Viswanath']",['Boyapati Srinu'],"['Boyapati Srinu', 'Boyapati Srinu']",[],2017-08-11,UA,149,5.1,19,0.9758,/2fLXjRHNYiPACLcFrtKVG1EvuHv.jpg,/avM2EsPhoU8Br1d9IIwMc0mx9Ik.jpg,te,Released,0,0,[],2026-04-01T12:34:20.693668
57734,Orange,Orange,"A young man falls in love with a girl but has to keep lying to make her happy. Unable to continue, he tells her that it cannot go on and breaks up with her.",Will you sacrifiece for love?,"['Comedy', 'Romance']","['Ram Charan', ""Genelia D'Souza"", 'Prabhu', 'Prakash Raj', 'Brahmanandam', 'Manjula Ghattamaneni', 'Sanjay Swaroop', 'Pavitra Lokesh']",['Bhaskar'],"['Bhaskar', 'Bhaskar']",[],2010-11-25,U,162,6.5,33,0.975,/3y2WLXeySVHExhR9VM5JwP8OPtw.jpg,/i0U2WQFKrh6B6aGOBnPAaGFCGvT.jpg,te,Released,0,0,[],2026-04-01T12:34:21.349782
1045385,Miss. Shetty Mr. Polishetty,Miss. Shetty Mr. Polishetty,"Miss Shetty is a feminist living in London and wants to be single forever. Mr. Polishetty from Hyderabad in Telangana, India, wants to be in a committed relationship. The two appear to be in different stages of life but somehow connect.",,"['Comedy', 'Drama', 'Romance', 'Thriller']","['Anushka Shetty', 'Naveen Polishetty', 'Murali Sharma', 'Tulasi', 'Harsha Vardhan', 'Jayasudha', 'Bhadram', 'Keshav Deepak']",['Mahesh Babu P'],['Mahesh Babu P'],"['feminism', 'romcom']",2023-09-07,U/A 13+,147,6.2,26,0.9669,/6S4BRlZPfzrludhsPDPVe6fEoxV.jpg,/1q41BkRbBveLGgTRkGyuwvp44XX.jpg,te,Released,0,0,"[{'id': 961801, 'title': 'Erhöhte Waldbrandgefahr', 'poster_path': None}, {'id': 4274, 'title': 'Fort Saganne', 'poster_path': '/8srIfF14GCPwaLUrOtVT4Y6tMcw.jpg'}, {'id': 1311850, 'title': 'A Merry Royal Christmas', 'poster_path': '/WG39nUznh8vNeXuJOf7ArKv21m.jpg'}, {'id': 1311858, 'title': 'Christmas in Alaska', 'poster_path': '/fal4pSUNLoEA1SstqICyllKaFMQ.jpg'}, {'id': 3525, 'title': 'Working Girl', 'poster_path': '/q2jfFzZvAzjTaArQR0tjilIZ5aJ.jpg'}]",2026-04-01T12:34:21.993585
612402,Nani's Gang Leader,నాని'స్ గ్యాంగ్ లీడర్,A crime novelist is approached by a group of bereaved women to help them plot revenge against those responsible for the loss of their loved ones.,Revengers Assemble,"['Comedy', 'Crime', 'Thriller']","['Nani', 'Kartikeya Gummakonda', 'Lakshmi', 'Saranya Ponvannan', 'Priyanka Arul Mohan', 'Shriya Kontham', 'Praanya P. Rao', 'Priyadarshi Pullikonda']",['Vikram Kumar'],"['Vikram Kumar', 'Vikram Kumar']","['revenge', 'novelist']",2019-09-13,UA,155,7.1,33,0.9667,/ejXpzRk1jyZenFhYANehhk4vGcD.jpg,/dJMk2MvTdhsqpm6ntLupkHWj5Nw.jpg,te,Released,0,0,"[{'id': 961268, 'title': 'Ballerina', 'poster_path': '/oE7xtGDqZnr7tFHfwb8oM9iRW6H.jpg'}, {'id': 2378, 'title': 'The Island of Thirty Coffins', 'poster_path': '/yHYx4ClWbx6g7pYCMW1gb32dCEd.jpg'}, {'id': 2414, 'title': 'Evil Pleasure', 'poster_path': '/5N99A20HqPJsqH3eWSqUsXSbSCD.jpg'}, {'id': 2448, 'title': 'Le Bonheur des autres', 'poster_path': None}, {'id': 2487, 'title': 'Lady Snowblood', 'poster_path': '/wkcbaqCoYEXDUnSQ6NTnB2C7H05.jpg'}]",2026-04-01T12:34:22.656163
485869,M.C.A,ఎమ్.సీ.ఏ,"Nani's brother and his friends are his world. But he shares a love-hate relationship with his sister-in-law Jyothi. What happens when Shiva threatens his family, is what 'MCA' is all about.",,"['Action', 'Comedy', 'Family']","['Nani', 'Bhumika Chawla', 'Sai Pallavi', 'Vijay Varma', 'Rajiv Kanakala', 'Naresh', 'Priyadarshi Pullikonda', 'Aamani']",['Venu Sriram'],"['Venu Sriram', 'Venu Sriram']",['family relationships'],2017-12-21,UA,143,5.2,20,0.9655,/oYzWaKkNBpqq1EsSWr5BS6BWBbv.jpg,/rVGvbHS8iVrmABi8eDY9sZ8IO17.jpg,te,Released,0,0,"[{'id': 2454, 'title': 'The Chronicles of Narnia: Prince Caspian', 'poster_path': '/qxz3WIyjZiSKUhaTIEJ3c1GcC9z.jpg'}, {'id': 2798, 'title': 'Oscar', 'poster_path': '/imsP4Vl1UpsLf27DPxX1atIubBB.jpg'}, {'id': 2462, 'title': 'Hibernatus', 'poster_path': '/dQTG9gwSgaGD9T8vukNFPMOcBh0.jpg'}, {'id': 9806, 'title': 'The Incredibles', 'poster_path': '/2LqaLgk4Z226KkgPJuiOQ58wvrm.jpg'}, {'id': 430259, 'title': 'Fukri', 'poster_path': '/yHkYaRuuGYEvGbSeDW8yARkX3VP.jpg'}]",2026-04-01T12:34:23.316529
365187,Nannaku Prematho...,నాన్నకు ప్రేమతో...,"Subramanyam, a businessman, is on his deathbed when he tells his sons about a cunning man who stole most of his wealth. Hearing this, Abhiram, the youngest son, lays out a plan to seek his revenge.",,['Action'],"['N.T. Rama Rao Jr.', 'Rakul Preet Singh', 'Jagapati Babu', 'Rajendra Prasad', 'Madhoo', 'Thagubothu Ramesh', 'Rajiv Kanakala', 'Srinivas Avasarala']",['Sukumar'],"['Sukumar', 'Hussain Sha Kiran']","['father', 'revenge for cheating']",2016-01-13,UA,168,6.9,38,0.9651,/t8RGpSw86jKFpxxnjywVBNiuPx7.jpg,/spIq1qdOBUdx8wx8e2l6uS81SIZ.jpg,te,Released,0,0,"[{'id': 264273, 'title': 'Broken', 'poster_path': '/fuVlb2bEeTJhwwWBWe2JmX0gCX4.jpg'}, {'id': 10999, 'title': 'Commando', 'poster_path': '/ollPAAAgZ7euU8VisfqU3cuXhZ6.jpg'}, {'id': 11127, 'title': 'Starship Troopers 3: Marauder', 'poster_path': '/vh5nospDpMOxZhyhRiXWWMmSFQe.jpg'}, {'id': 251813, 'title': ""Lassie's Great Adventure"", 'poster_path': '/n4hS9t0xYobkH7HV5AT0zEdLeMi.jpg'}, {'id': 423083, 'title': 'Apuesta con la muerte', 'poster_path': '/iGLqfUSo1Ndd1FMJsamA7b2osrK.jpg'}]",2026-04-01T12:34:23.968516
979669,Bhagavanth Kesari,భగవంత్ కేసరి,"Bhagavanth Kesari's life takes an unexpected turn when he becomes the guardian of Vijaya Lakshmi aka Vijji, daughter of his jailer. Kesari, with his unwavering sense of justice, embarks on a journey to nurture Vijji into a resilient young woman aspiring to join the Indian army. Intertwined in this narrative is the presence of Rahul Sanghvi, a power-hungry tycoon whose connection with Bhagavanth and Vijji, unravels hidden secrets.",I Don't Care,"['Action', 'Drama', 'Thriller']","['Nandamuri Balakrishna', 'Sreeleela', 'Kajal Aggarwal', 'Arjun Rampal', 'John Vijay', 'P. Ravi Shankar', 'Muralidhar Goud', 'Raghu Babu']",['Anil Ravipudi'],"['Anil Ravipudi', 'S. Krishna']",[],2023-10-19,UA,164,5.0,15,0.9643,/tvADrBoLJgyrxMYl8QyQW2125xv.jpg,/yIehWVVlvqdWB1NNFgI266CHuMa.jpg,te,Released,0,0,[],2026-04-01T12:34:24.619971
496698,Hello Brother,హలో బ్రదర్,A couple has twin sons with reflection mentality but one of the sons is abducted and left on the road by a criminal. Both brothers grow up with different personalities and when they cross each other's path misunderstanding arises.,,"['Romance', 'Comedy']","['Nagarjuna Akkineni', 'Soundarya', 'Ramya Krishnan', 'Srihari', 'Kota Srinivasa Rao', 'Brahmanandam', 'Ali Basha', 'Sarath Babu']",['E.V.V. Satyanarayana'],"['L. B. Sriram', 'E.V.V. Satyanarayana', 'E.V.V. Satyanarayana']",['twins'],1994-04-20,U,152,6.2,15,0.9631,/f2BLnilf2ELTA1riVFB7GCr8Qse.jpg,/3FZldfC6wnTzbKkWIJuoOyrALUY.jpg,te,Released,0,0,"[{'id': 1792, 'title': 'Stuck on You', 'poster_path': '/5TmPGPsOP4EgMo8X14pyywxB1j2.jpg'}, {'id': 4271, 'title': 'Life Is a Long Quiet River', 'poster_path': '/nYLueszPL3jydtdyXY0f6rNeFA5.jpg'}, {'id': 554, 'title': 'The Cuckoo', 'poster_path': '/g0bVxxdeAkDwzLoJq7o8ehQZWa6.jpg'}, {'id': 1278, 'title': 'The Dreamers', 'poster_path': '/gBb7GGaFYPu7nEUYvC8G4LaJJN1.jpg'}, {'id': 2433, 'title': 'The Young Girls of Rochefort', 'poster_path': '/jtxhyGaYhurH6KsjvP1jV3dDypz.jpg'}]",2026-04-01T12:34:25.290593
566402,Vinaya Vidheya Rama,వినయ విధేయ రామ,"Ram is one among the five orphaned boys in Visakhapatnam, adopted by a doctor who ensures them a roof to live under, with dignity. Ram goes to any extent to protect his family and he's a handful for the baddie to handle in a time of crisis. How does Ram protect his family when they need him the most?",,"['Action', 'Drama']","['Ram Charan', 'Kiara Advani', 'Vivek Oberoi', 'Sneha', 'Prashanth', 'Aryan Rajesh', 'Madhumitha', 'Ravi Varma']",['Boyapati Srinu'],"['M. Rathnam', 'Boyapati Srinu', 'Boyapati Srinu']",[],2019-01-11,UA,146,3.9,26,0.9546,/tOjSnrKwI3qVKMHn5ofwc2K3Sm3.jpg,/4nm8OkigMbWSkV4EdQiniZj1wZg.jpg,te,Released,0,0,[],2026-04-01T12:34:25.948821
526772,Nela Ticket,నేల టిక్కెట్టు,"A carefree young man is forced to alter his life due to a shocking event that takes place in his life. He fights against an evil, corrupt politician to get justice for the society.",,"['Action', 'Drama']","['Ravi Teja', 'Jagapati Babu', 'Malavika Sharma', 'Sampath Raj', 'Brahmanandam', 'Tanikella Bharani', 'Sarath Babu', 'Ali Basha']",['Kalyan Krishna'],"['Satyanand Pydipalli', 'Kalyan Krishna']",[],2018-05-24,UA,120,4.6,10,0.9511,/biQARegkJE2boi7eYxK18M9Vbno.jpg,/6g7tSgDFb9VvQVdD25aRJ7IjAP0.jpg,te,Released,0,0,[],2026-04-01T12:34:26.617501
535369,RX 100,RX 100,"When a city-bred girl comes home to her village, she falls for the macho village boy and asks him out. As a passionate romance brews, the guy falls madly in love with her, but does she feel the same way? Or is it just a passionate summer fling?",,"['Drama', 'Action', 'Romance']","['Kartikeya Gummakonda', 'Payal Rajput', 'Rao Ramesh', 'Ramki', 'Laxman Meesala', 'Mahesh', 'Dayanand Reddy']",['Ajay Bhupathi'],"['Ajay Bhupathi', 'Ajay Bhupathi']",[],2018-07-12,A,152,5.6,25,0.9439,/rGkTmRYQhdzBhpFjPi0lxchHgcn.jpg,/yxrIrEXHfqz6xoUoqO61GBq973v.jpg,te,Released,0,0,"[{'id': 4560, 'title': 'The Beauty of Vice', 'poster_path': '/wpM2lbfua9HT5RiheMqZXzdvHPn.jpg'}, {'id': 932447, 'title': 'Sinful', 'poster_path': None}, {'id': 807, 'title': 'Se7en', 'poster_path': '/191nKfP0ehp3uIvWqgPbFmI4lv9.jpg'}, {'id': 14683, 'title': 'The Nine Lives of Fritz the Cat', 'poster_path': '/63AjA48v5LtV8pwP7eQrbX7kbf8.jpg'}, {'id': 1323499, 'title': 'Self-Contained Enclosure', 'poster_path': '/uDcIw5fUlboCH6940vd6IAZ7OLS.jpg'}]",2026-04-01T12:34:27.276497
968732,Ammu,అమ్ము,"Ammu's thought marriage was a fairy tale – full of love and magic, ends when her cop-husband Ravi hit her for the very first time. What Ammu thought was a one-off incident soon turned into a never-ending cycle of abuse, trapping her and breaking her soul and spirit. Pushed to her limits, Ammu teams up with an unlikely ally to break free.",,['Drama'],"['Aishwarya Lekshmi', 'Naveen Chandra', 'Bobby Simha', 'Maala Parvathi', 'Satya Krishnan', 'Anusha Prabhu', 'Darbha Appaji Ambarisha', 'Pramodini Pammi']",['Charukesh Sekar'],['Charukesh Sekar'],[],2022-10-19,UA,136,8.0,10,0.9428,/ckaM4pI0CzYHzGUG1bar9Q7LHbl.jpg,/bCXuMi55ejgp0KW693piosj6btZ.jpg,te,Released,0,0,[],2026-04-01T12:34:27.925942
117029,Bujjigaadu: Made in Chennai,బుజ్జిగాడు,"Bujji runs away from his home in his childhood because of a dispute with his girlfriend Chitti. He ends up in Chennai for 12 years, and the rest of the story is about how they meet now to make their love successful.",,"['Drama', 'Romance', 'Action']","['Prabhas', 'Trisha Krishnan', 'Sanjjanaa Galrani', 'Mohan Babu', 'M. S. Narayana', 'Mumaith Khan', 'Sunil Varma', 'Brahmaji']",['Puri Jagannadh'],['Puri Jagannadh'],[],2008-05-23,NR,160,5.4,19,0.939,/fVDPpKS4ylQf1qtEvfaDjh6ehhP.jpg,/xBNVh73hj5opRZWG1kk1OcSOyAo.jpg,te,Released,0,0,[],2026-04-01T12:34:28.590958
613853,Venky Mama,వెంకీ మామా,"When his sister and her husband die in a car accident, a rice-mill owner decides to raise his nephew as his own child. They become inseparable over the course of time, but there are evil forces at work that are trying to separate them.",,"['Family', 'Comedy', 'Drama', 'Action']","['Venkatesh', 'Naga Chaitanya Akkineni', 'Raashii Khanna', 'Payal Rajput', 'Nassar', 'Prakash Raj', 'Brahmaji', 'Adithya Menon']",['Bobby Kolli'],"['Janardhan Maharshi', 'Bobby Kolli', 'Kona Venkat']",[],2019-12-13,UA,149,4.2,13,0.9386,/jVDv4VWaKdfXiI89fMnNtZI2r3x.jpg,/wZyqAWKxhoE6BBsBzgzplF8EwEn.jpg,te,Released,3500000,10000000,[],2026-04-01T12:34:29.236643
865497,Bangarraju,బంగార్రాజు,Chinna Bangarraju is taking forward his grandfather Bangarraju's legacy of being a massive flirt. His worried grandmother however wants to ensure he's not lonely anymore before she passes on.,,"['Drama', 'Comedy', 'Fantasy', 'Family']","['Nagarjuna Akkineni', 'Naga Chaitanya Akkineni', 'Ramya Krishnan', 'Krithi Shetty', 'Vennela Kishore', 'Rao Ramesh', 'Jhansi', 'Chalapathi Rao']",['Kalyan Krishna'],"['Kalyan Krishna', 'Satyanand Pydipalli']",[],2022-01-14,U,150,6.2,13,0.9322,/igunbwZQdRw28dJcvaS636tp7jl.jpg,/1ivDICUdRFCeegEQaYMyD1p5pYL.jpg,te,Released,0,0,[],2026-04-01T12:34:29.894291
716255,Most Eligible Bachelor,Most Eligible బ్యాచ్‌లర్,"A well-educated, ‘settled’ NRI falls for a stand-up comedian and wants to marry her. But when she knows what she wants from her husband, will he fit the bill?",,"['Romance', 'Drama']","['Akhil Akkineni', 'Pooja Hegde', 'Jayaprakash', 'Aamani', 'Murali Sharma', 'Pragathi Mahavadi', 'Vennela Kishore', 'Sudigali Sudheer']",['Bhaskar'],['Bhaskar'],"['romance', 'love', 'family drama']",2021-10-15,NR,149,6.1,14,0.9289,/1hkHmLMqZZWYMs40eOjI8EIbMu7.jpg,/7UzMqtX7cvAvli5anUh0yOWd6zN.jpg,te,Released,5800000,0,"[{'id': 436459, 'title': 'Almost Friends', 'poster_path': '/uJMknKxZagbhAYiiMjEaFnsZzRR.jpg'}, {'id': 3437, 'title': 'The Unloved Woman', 'poster_path': None}, {'id': 426431, 'title': 'Searching for You', 'poster_path': None}, {'id': 3547, 'title': 'Reflections in a Golden Eye', 'poster_path': '/aB2q0EqCedMUlGdsulIqE1REf4a.jpg'}, {'id': 4274, 'title': 'Fort Saganne', 'poster_path': '/8srIfF14GCPwaLUrOtVT4Y6tMcw.jpg'}]",2026-04-01T12:34:30.562158
535172,Disco Raja,డిస్కో రాజా,"Found frozen and brain-dead in Ladakh, Vasu is brought back to life but with no memories of who he was, until he starts to regain his past and piece it together to find the people responsible for his murder.",,"['Action', 'Science Fiction', 'Thriller']","['Ravi Teja', 'Bobby Simha', 'Sunil Varma', 'Payal Rajput', 'Tanya Hope', 'Vennela Kishore', 'Nabha Natesh', 'Satya']",['Vi Anand'],"['Vi Anand', 'Vi Anand']",[],2020-01-24,UA,149,6.5,11,0.9286,/cT0BUuzJJ9jvQD79Po7v7vGjdQH.jpg,/xEaU5uPLYiyaSCs6wushW5Lfi7W.jpg,te,Released,0,0,[],2026-04-01T12:34:31.216512
1047902,Masooda,మసూద,"A mother and her teen daughter from a middle-class background, whose humble life goes upside down, when the daughter gets possessed by a ghost and her single mother seeks the help of their cowardly neighbour.",,"['Horror', 'Drama']","['Sangeetha Krish', 'Bandhavi Sridhar', 'Thiruveer Reddy', 'Subhalekha Sudhakar', 'Satyam Rajesh', 'Akhila Ram', 'Kavya Kalyanram', 'Surabhi Prabhavathi']",['Sai Kiran'],['Sai Kiran'],[],2022-11-18,A,160,6.8,10,0.9252,/8tteFyJbPxvVr57K1CjGhKbqEjY.jpg,/tKKtDFQ5j1KnPp81M7g85ECE0zm.jpg,te,Released,0,0,[],2026-04-01T12:34:31.872801
1039482,(Tillu)²,(టిల్లు)²,"Balagangadhar Tilak, also known as Tillu, is rebounding from the heartbreak inflicted by Radhika. He returns to what he excels at: being a DJ, embodying a flamboyant lifestyle, and managing the Tillu Events company with his family and friends. He becomes the center of attraction at every gathering. Just when life seems favorable, Lilly enters his life, captivating him completely. But who is Lilly? Is she akin to Radhika, or is there more to her than meets the eye?",,"['Romance', 'Comedy', 'Thriller', 'Crime']","['Siddhu Jonnalagadda', 'Anupama Parameswaran', 'Muralidhar Goud', 'Murali Sharma', 'Anish Kuruvilla', 'Praneeth Reddy Kallem', 'Prince Cecil', 'Neha Shetty']",['Mallik Ram'],['Siddhu Jonnalagadda'],['sequel'],2024-03-29,NR,123,6.4,12,0.9197,/unRseguQgs9YQbzSHTZKIE3qXa7.jpg,/zMGOItxIcvWkJztncbQPdbtliUd.jpg,te,Released,0,2250679,"[{'id': 3688, 'title': 'Flesh Gordon Meets the Cosmic Cheerleaders', 'poster_path': '/mHdkAxWjPNjwHwMgNkC68ZBazh1.jpg'}, {'id': 4248, 'title': 'Scary Movie 2', 'poster_path': '/7Eb1JWK0Cb0rbfsYjwfc9g0PbQH.jpg'}, {'id': 1311649, 'title': 'Son of Sardaar 2', 'poster_path': '/k47tmhqiUsmD6UoyoimHVQAjHx9.jpg'}, {'id': 254470, 'title': 'Pitch Perfect 2', 'poster_path': '/oFBQUufCV4c8WZoNhtGM17p884H.jpg'}, {'id': 254473, 'title': 'Brick Mansions', 'poster_path': '/6OopiNRk7lWP0hPsY0eYqq2kQTi.jpg'}]",2026-04-01T12:34:32.516231
72440,Once Upon a Warrior,ఆనగనగా ఓ ధీరుడు,"In a teardrop-shaped land called Sangarashtra, a 9-year-old girl with special healing powers tries to save her homeland from the tyranny of an evil queen with the help of a blind swordsman.",,"['Adventure', 'Fantasy', 'Action', 'Family']","['Siddharth', 'Harshita', 'Shruti Haasan', 'Lakshmi Manchu', 'Vallabhaneni Ramji', 'Hari Teja', 'Tanikella Bharani', 'Ravi Babu']",['Prakash Kovelamudi'],['Prakash Kovelamudi'],[],2011-01-14,U,133,6.1,29,0.9188,/ssgArgj7qbtZDd8r5P5b7ruVYU4.jpg,/ob5Hl8Uwlw2THdex6Qyrp9oZd2v.jpg,te,Released,3800000,5400000,[],2026-04-01T12:34:33.224962
1150478,Eagle,ఈగల్,"A journalist pieces together the story of Eagle, a former professional sniper who falls in love with Rachana, and on a mission to redeem himself by working towards eradicating illegal arms from this world.",,"['Action', 'Thriller']","['Ravi Teja', 'Anupama Parameswaran', 'Kavya Thapar', 'Navdeep', 'Vinay Rai', 'Srinivas Avasarala', 'Madhoo', 'Ajay Ghosh']",['Karthik Ghattamaneni'],"['Karthik Ghattamaneni', 'Karthik Ghattamaneni', 'Manibabu Karanam']",[],2024-02-08,UA,156,5.7,11,0.9068,/mjQN27x0Dfkmsi3SRRkAIatOr2p.jpg,/njSqJRgV4U9J7u73saYjSbiQ60V.jpg,te,Released,0,0,[],2026-04-01T12:34:33.874103
794417,Khiladi,ఖిలాడి,"Mohan Gandhi is a wanted criminal who’s serving time for a crime he might or might not have committed. With large sums of money, lies and deceit involved, who is he really?",Play Smart,"['Action', 'Thriller']","['Ravi Teja', 'Meenakshi Chaudhary', 'Dimple Hayathi', 'Arjun Sarja', 'Anasuya Bharadwaj', 'Unni Mukundan', 'Vennela Kishore', 'Nikitin Dheer']",['Ramesh Varma'],"['Ramesh Varma', 'Ramesh Varma']",[],2022-02-11,UA,154,5.6,12,0.9007,/b278wiv7XDKbi8yjrHVYfd0542S.jpg,/rqJRmGFuXJMMc1iMzUC6hWiJANO.jpg,te,Released,0,0,[],2026-04-01T12:34:34.528377
885184,Dasara,దసరా,"In 1990s, Set in small village Veerlapally, Dharani, Vennela, and Suri are childhood friends. Dharani loves Vennela, but she has Suri in her mind. Knowing Suri’s interest in Vennela, Dharani sacrifices his love and helps get them married. But Local politics between Rajanna, Shivanna and the latter's son Chinna Nambi threaten to disrupt their lives.",,"['Action', 'Thriller']","['Nani', 'Keerthy Suresh', 'Dheekshith Shetty', 'Shine Tom Chacko', 'Sai Kumar', 'Samuthirakani', 'Poorna', 'Ravi Teja Nannimala']",['Srikanth Odela'],"['Vamsee Krishna', 'Arjuna Paturi', 'Jella Srinath', 'Srikanth Odela']",[],2023-03-30,UA,159,6.7,26,0.9005,/4OTVoCVXa5aHDZl8opKoIV9Ezr5.jpg,/hcqY0Er8AhU3UiSAxB5tT6sBiZv.jpg,te,Released,0,0,[],2026-04-01T12:34:35.183246
566139,Padi Padi Leche Manasu,పడి పడి లేచె మనసు,A young couple navigates through the highs and lows of a budding relationship.,,"['Romance', 'Drama']","['Sharwanand', 'Sai Pallavi', 'Murali Sharma', 'Priya Raman', 'Vennela Kishore', 'Darbha Appaji Ambarisha', 'Sunil Varma', 'Kalpika Ganesh']",['Hanu Raghavapudi'],"['Hanu Raghavapudi', 'Hanu Raghavapudi']",['loving'],2018-12-21,UA,160,6.3,19,0.8967,/r9A3wnHgt9iIOZLGKuitvK9Mevh.jpg,/sd8gzwYSs7Tq8AWWeFgtsz6PTkc.jpg,te,Released,0,0,"[{'id': 425373, 'title': 'The Miracle Season', 'poster_path': '/cIVYjwi8QcZ9AQk4WRYgW4iUmXb.jpg'}, {'id': 776503, 'title': 'CODA', 'poster_path': '/BzVjmm8l23rPsijLiNLUzuQtyd.jpg'}, {'id': 10860, 'title': 'Steel Magnolias', 'poster_path': '/7ExUSN9s9gX9bhVM17zDLEizano.jpg'}, {'id': 11159, 'title': 'Secrets & Lies', 'poster_path': '/zQBuRQ3hrLhkEsXcxteUxuxLrvs.jpg'}, {'id': 16186, 'title': 'Diary of a Mad Black Woman', 'poster_path': '/4w36ckDhsWFPD9XaHOOJb1ru7JZ.jpg'}]",2026-04-01T12:34:35.838301
85810,Konchem Ishtam Konchem Kashtam,కొంచెం ఇష్టం కొంచెం కష్టం,"Geeta's father disapproves of her relationship with Siddhu as he isn't too pleased with the fact that the latter's parents are divorced. Determined to marry Geeta, Siddhu promises to reunite his parents.",,"['Comedy', 'Romance']","['Siddharth', 'Tamannaah Bhatia', 'Prakash Raj', 'Ramya Krishnan', 'Brahmanandam', 'Nassar', 'Venu Madhav', 'Karuna']",['Kishore Kumar'],"['Kishore Kumar Pardasani', 'Kishore Kumar Pardasani']",[],2009-02-05,NR,165,6.2,14,0.8948,/dT3MwBS3X0FJx22GngeMom8mKI4.jpg,/merlZy8U3uhVAcZCvLIKphnRzJA.jpg,te,Released,0,0,[],2026-04-01T12:34:36.488423
757305,Miss India,మిస్ ఇండియా,"Uprooted to America, an aspiring Indian entrepreneur confronts disapproval, sexism and rivalry as she draws from her culture to start a tea business.",,['Drama'],"['Keerthy Suresh', 'Jagapati Babu', 'Rajendra Prasad', 'Nadhiya', 'Naveen Chandra', 'Kamal Kamaraju', 'Pujita Ponnada', 'Sohail Sameer']",['Narendra nath'],['Narendra nath'],[],2020-10-04,NR,136,4.2,20,0.888,/yIMdbp7twZrP9FIU72SJoVeAvbm.jpg,/nz9He4b8jkPdKqsWko3x5HVpzZb.jpg,te,Released,0,0,[],2026-04-01T12:34:37.137101
63811,Shankar Dada Zindabad,శంకర్ దాదా జిందాబాద్,"A goon falls for a girl who manages an old-age home, and she mistakes the goon for a professor. She seeks his help not knowing that the man who wants the old-age home demolished is his boss.",Coming Again With Mahatma,"['Drama', 'Comedy']","['Chiranjeevi', 'Srikanth', 'Karishma Kotak', 'Sayaji Shinde', 'Brahmanandam', 'Venu Madhav', 'Dilip Prabhavalkar', 'Vennira Aadai Nirmala']",['Prabhu Deva'],['Rajkumar Hirani'],"['social satire', 'political satire']",2007-07-27,U,142,4.6,13,0.8829,/glL5C66ihfOjDrBjo5Bm3WjMql9.jpg,/nCPRg4KPq1zq5DWWqnem9luxB6W.jpg,te,Released,0,0,"[{'id': 4271, 'title': 'Life Is a Long Quiet River', 'poster_path': '/nYLueszPL3jydtdyXY0f6rNeFA5.jpg'}, {'id': 4195, 'title': 'Bluebeard', 'poster_path': '/dnBReq5q1KlsEMqZEHn2NRs1dtl.jpg'}, {'id': 5122, 'title': 'The Day of the Locust', 'poster_path': '/m4T7R448djzbDbURK4eQgo5TllF.jpg'}, {'id': 2855, 'title': 'The Man with the Objective Lens', 'poster_path': '/1QswxrSghgZOBdVA5qKyxq9LRo3.jpg'}, {'id': 1142101, 'title': 'ClearMind', 'poster_path': '/7GqEmx1pUQE8pLJR7OR0urXfBuu.jpg'}]",2026-04-01T12:34:37.801877
54757,Maryada Ramanna,మర్యాద రామన్న,Ramu returns to his hometown to sell a piece of land he owns and falls in love with a young woman only to find out that her parents want him dead.,,"['Comedy', 'Action', 'Drama']","['Sunil Varma', 'Saloni Aswani', 'Nagineedu Vellanki', 'Supreet', 'Prabhakar', 'Brahmaji', 'Kosuri Venugopal', 'Anuj Gurwara']",['S. S. Rajamouli'],"['S. S. Kanchi', 'Vara Mullapoodi', 'S. S. Rajamouli']",[],2010-07-23,NR,125,7.152,23,0.8807,/mdhZF0tSHkdh0GSuyOLQZLS22wm.jpg,/sEW9ig6s7QuodAjCwElLayy2OzP.jpg,te,Released,0,0,[],2026-04-01T12:34:38.455422
566914,F2: Fun and Frustration,F2 – ఫన్ అండ్ ఫ్రస్టేషన్,"After Venky, Varun also gets married thinking he can keep the wife in control but both of them gets frustrated with the marital life which generates fun.",,['Comedy'],"['Venkatesh', 'Varun Tej', 'Tamannaah Bhatia', 'Mehreen Pirzada', 'Rajendra Prasad', 'Prakash Raj', 'Vennela Kishore', 'Prudhviraj']",['Anil Ravipudi'],['Anil Ravipudi'],[],2019-01-12,UA,148,5.5,32,0.8787,/cuIiSZSPr7ioJJM5N0WZqSYLnJF.jpg,/sHYfo3zwrhcU8dybk0IwM8Qck9p.jpg,te,Released,0,0,[],2026-04-01T12:34:39.108662
673732,Vakeel Saab,వకీల్ సాబ్,Three girls find themselves accused of attempt to murder after escaping molestation. Their only hope is an alcoholic lawyer who agrees to take up the case.,,"['Action', 'Thriller', 'Crime', 'Drama']","['Pawan Kalyan', 'Prakash Raj', 'Shruti Haasan', 'Nivetha Thomas', 'Anjali', 'Ananya Nagalla', 'Mukesh Rishi', 'Dev Gill']",['Venu Sriram'],['Venu Sriram'],"['sexual violence', 'remake', 'lawyer', 'false accusations', 'legal drama']",2021-04-09,UA,155,6.4,17,0.8763,/jiIKf2tXZJDnpeDxEsA5UnH6DID.jpg,/iPKoEwpH6kHycI2Jelzc2aVqnm7.jpg,te,Released,2000000,0,"[{'id': 252738, 'title': 'Oshin', 'poster_path': '/tvEyrBudkgm31KAc24H2nTGxfTv.jpg'}, {'id': 1592, 'title': 'Primal Fear', 'poster_path': '/qJf2TzE8nRTFbFMPJNW6c8mI0KU.jpg'}, {'id': 1598, 'title': 'Cape Fear', 'poster_path': '/meJZAAuVcjic2ipvbOPz5UlE4P9.jpg'}, {'id': 1574, 'title': 'Chicago', 'poster_path': '/3ED8cWCXY9zkx77Sd0N5qMbsdDP.jpg'}, {'id': 774412, 'title': 'Zerrissen - Zwischen zwei Müttern', 'poster_path': '/4tBfqbqNDTbtSErcPtEtSsd1haF.jpg'}]",2026-04-01T12:34:39.773401
495362,Agnyaathavaasi,అజ్ఞాతవాసి,A billionaire Govinda Bhargav and his son are murdered with the aim of a hostile takeover of their company. But what his enemies do not know is that he has an heir that no one knows of.,Prince in Exile,"['Drama', 'Action']","['Pawan Kalyan', 'Keerthy Suresh', 'Anu Emmanuel', 'Aadhi Pinisetty', 'Boman Irani', 'Khushboo', 'Parag Tyagi', 'Rao Ramesh']",['Trivikram Srinivas'],['Trivikram Srinivas'],"['father murder', 'billionaire', 'disguise']",2018-01-09,UA,158,3.7,19,0.876,/lbG8xZlRnSpEAFEswG85suN1erA.jpg,/hW06kx8nY3JZw8N59mkP6kRXN56.jpg,te,Released,0,0,"[{'id': 599792, 'title': 'Sons of Satan', 'poster_path': '/dV8OwSCUa58HBwWndWLJAO5HWPK.jpg'}, {'id': 913, 'title': 'The Thomas Crown Affair', 'poster_path': '/5yqs1MVlqdIg1DY5adC5jFx3d7j.jpg'}, {'id': 956, 'title': 'Mission: Impossible III', 'poster_path': '/vKGYCpmQyV9uHybWDzXuII8Los5.jpg'}, {'id': 2527, 'title': 'This Man Must Die', 'poster_path': '/4QEL8tsDBZkBq54AzpTyFE4yY50.jpg'}, {'id': 4909, 'title': 'The Day of the Jackal', 'poster_path': '/vThgcb3JOj99yETg8WChuci4LV2.jpg'}]",2026-04-01T12:34:40.523427
681435,Red,Red,"When civil engineer Siddharth is arrested for a murder on the basis of a pictorial evidence, cops discover his lookalike Aditya and realize they have only 48 hours to solve the case.",,"['Crime', 'Mystery', 'Thriller']","['Ram Pothineni', 'Nivetha Pethuraj', 'Malavika Sharma', 'Amritha Aiyer', 'Sampath Raj', 'Vennela Kishore', 'Nassar', 'Posani Krishna Murali']",['Kishore Tirumala'],['Kishore Tirumala'],"['remake', 'twins']",2021-01-14,UA,146,5.3,59,0.8755,/7cEEDAHhMGtoWfYXJxelVMRwLu0.jpg,/vrszMNiHlOh1sFBYcfCduTe67Fb.jpg,te,Released,0,0,"[{'id': 1311613, 'title': 'Race with the Devil', 'poster_path': '/aOK8xh9vGHGhT48UMdDebTDFkca.jpg'}, {'id': 4387, 'title': 'A Girl Called Rosemarie', 'poster_path': '/tX6lDW0Th84291UbsKqa6tyJEFO.jpg'}, {'id': 1143541, 'title': 'The Gangster, the Cop, the Devil', 'poster_path': None}, {'id': 426258, 'title': 'The Strange Ones', 'poster_path': '/bbeS9X3xTHrziocOov750LoWmvo.jpg'}, {'id': 2757, 'title': 'Adaptation.', 'poster_path': '/ffEmHQAiD0m5dEQ6rlsuA9vlllW.jpg'}]",2026-04-01T12:34:41.179885
153860,Endukante Premanta,ఎందుకంటే ప్రేమంతా,Two young people are confused by their feelings for each other.,,"['Romance', 'Comedy', 'Drama']","['Ram Pothineni', 'Tamannaah Bhatia', 'Suman Talwar', 'Richard Rishi', 'Sayaji Shinde', 'Anu Hasan', 'Y. Kasi Viswanath', 'Kona Venkat']",['A. Karunakaran'],"['A. Karunakaran', 'A. Karunakaran']",[],2012-06-08,U,155,5.0,13,0.8739,/uFAKVBOfkO7pj2fi4BRQnqk6psP.jpg,/jG5MLSLZoHlNAO4NDSqUVPB5UjD.jpg,te,Released,3600000,0,[],2026-04-01T12:34:41.893574
77715,Badrinath,బద్రీనాధ్,"Trained by a religious martial arts guru, Badri becomes the protector of Badrinath temple and tries to revive Alakananda's faith in God, unaware of the fact that she has fallen for him.",,"['Action', 'Drama', 'Romance']","['Allu Arjun', 'Tamannaah Bhatia', 'Prakash Raj', 'Brahmanandam', 'Kelly Dorji', 'Tanikella Bharani', 'M. S. Narayana', 'Ashwini Kalsekar']",['V. V. Vinayak'],"['Chinni Krishna', 'Chinni Krishna']",[],2011-06-10,A,140,3.914,29,0.8708,/lrhPSR8ok9u6OzciZ7aCXSdg4Mt.jpg,/vxBMAluWjrAdETuuE0CQJm2nUgT.jpg,te,Released,0,0,[],2026-04-01T12:34:42.560013
332831,Who is Subramanyam?,ఎవడే సుబ్రమణ్యం,A corporate man who sets out on a journey of self-discovery and heads to the Himalayas.,,"['Adventure', 'Comedy', 'Drama']","['Nani', 'Malavika Nair', 'Vijay Deverakonda', 'Ritu Varma', 'Nassar', 'Krishnam Raju', 'Rajesh Vivek', 'Sowcar Janaki']",['Nag Ashwin'],['Nag Ashwin'],[],2015-03-21,U,160,7.3,19,0.8639,/tyR4gGikluyrYPeHTtkA0UuRIQa.jpg,/dFWpEJP085Snh3O0kKP0bCC65RA.jpg,te,Released,0,0,"[{'id': 43599, 'title': ""Employees' Entrance"", 'poster_path': '/oRBztofgI6c4v2ahiMNm0unGzls.jpg'}, {'id': 1024997, 'title': 'No Nest', 'poster_path': '/8yASRHTahgbCdaDDAEvno9TaWat.jpg'}, {'id': 508956, 'title': 'The Bachelor', 'poster_path': '/txMSOp2eqpOHTv6IBkaSplRXoSC.jpg'}, {'id': 115238, 'title': 'Lucy Gallant', 'poster_path': '/dP9GDvE2h0w8ZkQGnLHb9aUQcJA.jpg'}, {'id': 1434550, 'title': 'Tree Roots Through Concrete', 'poster_path': '/AdthUxQ2Ulc60HK6ZodT2wBUVF6.jpg'}]",2026-04-01T12:34:43.221720
666564,Narappa,నారప్ప,"Narappa is forced to flee into the forest with his younger son, Sinappa, after Sinappa murders an upper caste landlord to avenge his older brother’s death. And now Narappa must make more sacrifices and navigate a deeply unjust justice system to give his son a chance at future.",,"['Drama', 'Action']","['Venkatesh', 'Priyamani', 'Karthik Rathnam', 'Prakash Raj', 'Murali Sharma', 'Sampath Raj', 'Rao Ramesh', 'Rajiv Kanakala']",['Srikanth Addala'],[],"['remake', 'social injustice']",2021-07-20,UA,153,6.9,14,0.8635,/zEZDTXGoTsw9cLzLii6NUIuvpQ6.jpg,/dvhMlIyI7A0grxgxm5CsjL7DU0F.jpg,te,Released,0,0,"[{'id': 3111, 'title': 'A Star Is Born', 'poster_path': '/zpg2SzpYhZk1D1seDfIIlwaqAxT.jpg'}, {'id': 1311613, 'title': 'Race with the Devil', 'poster_path': '/aOK8xh9vGHGhT48UMdDebTDFkca.jpg'}, {'id': 2976, 'title': 'Hairspray', 'poster_path': '/fgMka3HtFvI5OgW1eYdR9XpySxH.jpg'}, {'id': 426258, 'title': 'The Strange Ones', 'poster_path': '/bbeS9X3xTHrziocOov750LoWmvo.jpg'}, {'id': 3036, 'title': ""Mary Shelley's Frankenstein"", 'poster_path': '/bOwCAQsZlEKrwhPi1ejY6BS8jpL.jpg'}]",2026-04-01T12:34:43.869477
120956,Rachcha,రచ్చ,"A betting teenager, Raj gets involved in a larger bet than he had imagined to earn 2 million rupees for his father's treatment. Will he be able to save his father?",,"['Action', 'Drama', 'Romance']","['Ram Charan', 'Tamannaah Bhatia', 'Ajmal Ameer', 'Nassar', 'Brahmanandam', 'Dev Gill', 'M. S. Narayana', 'Mukesh Rishi']",['Sampath Nandi'],"['Sampath Nandi', 'Sampath Nandi']",[],2012-04-05,UA,145,4.2,20,0.8625,/oz1BLUe7bC6GWQpAa1aneMQFacI.jpg,/fR39oGgUD0UtiULVe8HpMyPxY7L.jpg,te,Released,0,0,[],2026-04-01T12:34:44.520189
784572,Krack,క్రాక్,"Pothuraju Veera Shankar is a hot-headed circle inspector from Andhra who doesn’t like to hear the word ‘background’. Wherever he is appointed in the state, he brings all the notorious gundas to their knees with his signature policing style. When Shankar is appointed in Ongole, the brutal Katari commits a spine-chilling murder and angers Shankar. How the rivalry between Pothuraju Veera Shankar and Katari turns worse is what Krack is all about.",,"['Action', 'Crime', 'Drama']","['Ravi Teja', 'Shruti Haasan', 'Samuthirakani', 'Varalaxmi Sarathkumar', 'P. Ravi Shankar', 'Posani Krishna Murali', 'Ali Basha', 'Mouryani']",['Gopichand Malineni'],"['Gopichand Malineni', 'Gopichand Malineni']",['honest cop'],2021-01-09,UA,154,6.0,26,0.8618,/fMHGXVgtU9Vfb9Xg6S9SWShmRDz.jpg,/8c8ue83QX0mTEUNHmLmHcMfy8be.jpg,te,Released,0,0,"[{'id': 1335879, 'title': 'Syndicate', 'poster_path': '/3fCBlcY7I43tARaHGhs1qV5YSFz.jpg'}, {'id': 43893, 'title': 'Les Misérables', 'poster_path': '/9hSPMlFppQBCcDDECA0TgTL0F8k.jpg'}, {'id': 36522, 'title': 'Private Hell 36', 'poster_path': '/okM3v5AhAaOYUnrmwUuYdVSq3l3.jpg'}, {'id': 500971, 'title': 'Adanga Maru', 'poster_path': '/favl3yUhjCC5BkR86IGtBR52TnH.jpg'}, {'id': 78986, 'title': 'Chathriyan', 'poster_path': '/f67xYI5MyWZK2wblXaLdCGBx0Mg.jpg'}]",2026-04-01T12:34:45.178765
73578,Jalsa,జల్సా,"Sanjay falls in love with Indu. Her father Rammohan Reddy doesnt approve of it and she is married to someone else. Later, Bhagyamathi falls for him and he goes to meet her father who turns out to be Rammohan Reddy. Somewhere in between Sanjay's life as a Naxal is depicted.",,"['Action', 'Comedy']","['Pawan Kalyan', ""Ileana D'Cruz"", 'Parvati Melton', 'Kamalinee Mukherjee', 'Prakash Raj', 'Mukesh Rishi', 'Brahmanandam', 'Ali Basha']",['Trivikram Srinivas'],['Trivikram Srinivas'],[],2008-04-02,NR,161,6.8,21,0.8609,/sAc0AX16f0jBlVfU85XbaU9ZKI2.jpg,/g4AnaSh8fR3puCIzSVgabTi54Yt.jpg,te,Released,0,0,[],2026-04-01T12:34:45.830307
244941,Varudu,వరుడు,A soon to-be married bride is abducted by a man who is obsessed with her.,,['Action'],"['Allu Arjun', 'Arya', 'Suhasini Maniratnam', 'Bhanu Sri Mehra', 'Sayaji Shinde', 'Brahmanandam', 'Ashish Vidhyarthi', 'Nassar']",['Gunasekhar'],"['Gunasekhar', 'Gunasekhar']",[],2010-03-31,UA,147,3.1,10,0.8544,/fKaH0p32bZK2MFi5DLA3Wpvcr12.jpg,/fak8asZyC9FjXzhMXq7JP7n9HMP.jpg,te,Released,4600000,4100000,[],2026-04-01T12:34:46.480511
115067,Anji,అంజి,"The Aatmalingam of the Himalayas possesses enormous divine powers. Once every 72 years, the Akasa Ganga from the sky flows into Aatmalingam. Those who drink Akasa Ganga 's holy water become immortal and gain supernatural powers.",,"['Adventure', 'Fantasy']","['Chiranjeevi', 'Namrata Shirodkar', 'Tinnu Anand', 'Nagendra Babu', 'M. S. Narayana', 'Master Bharath', 'Bhupinder Singh', 'Rami Reddy']",['Kodi Ramakrishna'],['Satyanand Pydipalli'],[],2004-01-15,U,150,5.5,12,0.854,/eFJ3hsJHqm1fumMC9R0HCGKQX5Q.jpg,/rD2jbSyTwDegdBrljTWqnIXcnpk.jpg,te,Released,0,0,[],2026-04-01T12:34:47.162672
1090486,BRO,BRO,"After being fatally injured in a car crash, a man is given three months back on earth to make amends.",,"['Comedy', 'Drama', 'Fantasy']","['Sai Durgha Tej', 'Pawan Kalyan', 'Ketika Sharma', 'Priya Prakash Varrier', 'Subbaraju', 'Brahmanandam', 'Tanikella Bharani', 'Rohini']",['Samuthirakani'],"['Trivikram Srinivas', 'Samuthirakani']",[],2023-07-27,U,133,6.2,13,0.8423,/cCirdTe57qpOvb1NFKECbQRMmfQ.jpg,/cDau8XMNbURuVPOhqJo9AK1kUQm.jpg,te,Released,0,0,[],2026-04-01T12:34:47.813051
79210,Chatrapathi,ఛత్రపతి,"Sivaji and his family are uprooted from their community in Sri Lanka and wind up as bonded labourers in Vishakhapatnam. Like his legendary namesake, he rises up to become the saviour of the oppressed.",,"['Drama', 'Action']","['Prabhas', 'Bhanupriya', 'Shafi', 'Pradeep Ram Singh Rawat', 'Shriya Saran', 'Chatrapathi Sekhar', 'Kamal Kamaraju', 'Ajay']",['S. S. Rajamouli'],"['Vijayendra Prasad', 'S. S. Rajamouli']",[],2005-09-30,UA,158,6.8,29,0.8339,/xY7vrUDFOyuQPflMiJrMbAm5xB5.jpg,/i4DC8qD8TWjgTyCYgNRZ7lYqABY.jpg,te,Released,0,0,[],2026-04-01T12:34:48.470734
785354,Alludu Adhurs,అల్లుడు అదుర్స్,"A love failure in high school prompts Sreenu to stay away from girls, but fate introduces him to the daughter of a notorious goon, with whom he falls in love immediately. However, his path to win over the girl of his dreams is far from as easy.",,"['Romance', 'Comedy']","['Bellamkonda Srinivas', 'Sonu Sood', 'Nabha Natesh', 'Anu Emmanuel', 'Prakash Raj', 'Vennela Kishore', 'Monal Gajjar', 'Brahmaji']",['Santosh Srinivas'],"['Santosh Srinivas', 'Santosh Srinivas', 'Santosh Srinivas']",[],2021-01-14,NR,150,5.0,10,0.8294,/kVjBF876xP8f2WzBf1YpuVZ2Kgk.jpg,/uL4OreKn1cZMUHGhMC8iAHKKwwD.jpg,te,Released,0,0,[],2026-04-01T12:34:49.214538
1257693,Odela 2,ఒడేల 2,"A savior, Odela Mallanna Swamy, protects a village from evil forces.",,"['Thriller', 'Adventure', 'Crime']","['Tamannaah Bhatia', 'Hebah Patel', 'Vasishta N. Simha', 'Naga Mahesh', 'Murali Sharma', 'Shafi']",['Ashok Teja'],['Sampath Nandi'],[],2025-04-17,A,0,6.2,14,0.8198,/xG5SdRKXjWupcwXj2JJLOSX0PiS.jpg,/4D7vkNkdDnAxYkmvpRaSO9diqhq.jpg,te,Released,0,0,[],2026-04-01T12:34:49.916473
80889,Ashta Chamma,అష్ట చమ్మ,"In this adaptation of The Importance of Being Earnest, Lavanya is in love with the actor Mahesh Babu and decides to marry a man with the same name. But things take an unexpected turn when she finds out that her boyfriend's real name is not Mahesh.",,"['Family', 'Romance', 'Drama']","['Nani', 'Swathi Reddy', 'Srinivas Avasarala', 'Jhansi', 'Bhargavi', 'Tanikella Bharani', 'Hema', 'Inturi Vasu']",['Mohana Krishna Indraganti'],"['Oscar Wilde', 'Mohana Krishna Indraganti']",['romance'],2008-09-05,U,126,5.9,11,0.8138,/fxIOKsfPqFL7CBEwln0otGjCgUQ.jpg,,te,Released,0,0,"[{'id': 961306, 'title': 'Chandramukhi', 'poster_path': '/nhPxuXvRnv2hP20Jsemt8A0Ww1.jpg'}, {'id': 426253, 'title': 'The Lovers', 'poster_path': '/tRWza39fHyef12FvScIBduaHMi6.jpg'}, {'id': 426340, 'title': 'Boxing Day: A Day After Christmas', 'poster_path': None}, {'id': 1144298, 'title': '50 Mouse Steps', 'poster_path': '/uxGGrbaxmNxeklaKofappOFvHI5.jpg'}, {'id': 255946, 'title': 'Émilie', 'poster_path': '/2ECfhdq8ebcDvWBtXltD1TvyAAM.jpg'}]",2026-04-01T12:34:50.746229
606718,Uppena,ఉప్పెన,Aasi has been in love with Bebamma since their childhood. But it is more than her father Rayanam that threatens to form a chasm between the lovers.,,"['Romance', 'Drama']","['Panja Vaisshnav Tej', 'Krithi Shetty', 'Vijay Sethupathi', 'Gayatri Jayaraman', 'Rajsekhar Aningi', 'Rajiv Kanakala', 'Sai Chand', 'Mamilla Shailaja Priya']",['Buchi Babu Sana'],"['Buchi Babu Sana', 'Buchi Babu Sana']",[],2021-02-12,NR,147,5.9,17,0.8116,/qO5ofw2mTJgDEguKBadZ7HyOyn.jpg,/lx8wZ87wLoAwx1PyAizaf8iJ4tj.jpg,te,Released,0,0,[],2026-04-01T12:34:51.458461
38677,Adhurs,అదుర్స్,"Twin brothers who are separated at birth receive different upbringing. After they grow up, they chance upon each other when one of them gets kidnapped by hoodlums.",,"['Action', 'Comedy', 'Drama']","['N.T. Rama Rao Jr.', 'Nayanthara', 'Brahmanandam', 'Sheela Kaur', 'M. S. Narayana', 'Raghu Babu', 'Mahesh Manjrekar', 'Ashish Vidhyarthi']",['V. V. Vinayak'],"['Kona Venkat', 'V. V. Vinayak']",['double act'],2010-01-13,UA,150,6.1,22,0.811,/xcrwqmzYY9t6RQOHfS7KtnMbDRj.jpg,/tg6qhLagEkxaUd4cliQILGnUvNY.jpg,te,Released,0,0,"[{'id': 13997, 'title': 'Black Sheep', 'poster_path': '/bqIW5oE4WeHAvk1nh2Y6rfOLGrF.jpg'}, {'id': 20075, 'title': 'Nice Dreams', 'poster_path': '/r9rsnbe3R9WtjzIhwajHVft9Fp3.jpg'}, {'id': 20197, 'title': 'Things Are Tough All Over', 'poster_path': '/2dxvPRZkTuYyZVUK0JwtvORlW1W.jpg'}, {'id': 23303, 'title': 'Another You', 'poster_path': '/vKF0hCjv4JZhTt9XoxVsKLtteaM.jpg'}, {'id': 1243362, 'title': 'Consider the Oyster', 'poster_path': '/tRGxA9Pbm1OVcJqOdu2ndoNKi8U.jpg'}]",2026-04-01T12:34:52.201399
148884,Shankar Dada M.B.B.S.,శంకర్ దాదా ఎం.బి.బి.ఎస్.,"Shankar Dada is a local goon who sets out to fulfill his parents' dream of him being a doctor. With help from his sidekick ATM, he enrolls himself in medical college and drives the principal and his daughter Dr. Sunitha up the wall.",,[],"['Chiranjeevi', 'Srikanth', 'Sonali Bendre', 'Paresh Rawal', 'Girish Karnad', 'Vennira Aadai Nirmala', 'M. S. Narayana', 'Surya Bhagawan Das']",['Jayant Paranji'],[],"['remake', 'fake doctor']",2004-10-15,NR,166,6.5,15,0.8027,/rBkVDxKUGsElewghzsf7e1JKJ3f.jpg,/cHovAJOwNS8mIln87xMmYLePevy.jpg,te,Released,0,0,"[{'id': 252738, 'title': 'Oshin', 'poster_path': '/tvEyrBudkgm31KAc24H2nTGxfTv.jpg'}, {'id': 1598, 'title': 'Cape Fear', 'poster_path': '/meJZAAuVcjic2ipvbOPz5UlE4P9.jpg'}, {'id': 252957, 'title': 'The Godchild', 'poster_path': '/kx4eprgID7BvLU7jQK9dIW4OCFb.jpg'}, {'id': 774412, 'title': 'Zerrissen - Zwischen zwei Müttern', 'poster_path': '/4tBfqbqNDTbtSErcPtEtSsd1haF.jpg'}, {'id': 252852, 'title': 'Death Takes a Holiday', 'poster_path': '/lobwPbKxW44fq0qC4hoOw3zahBL.jpg'}]",2026-04-01T12:34:52.911631
363152,Bengal Tiger,బెంగాల్ టైగర్,"A happy-go-lucky Aakash who becomes the right hand man of a powerful politician who arranges for him to be married to his daughter Shraddha who falls in love with him, until he reveals the truth that he is already in love with another woman Meera.",,"['Romance', 'Action', 'Comedy']","['Ravi Teja', 'Tamannaah Bhatia', 'Raashii Khanna', 'Boman Irani', 'Posani Krishna Murali', 'Brahmanandam', 'Sayaji Shinde', 'Tanikella Bharani']",['Sampath Nandi'],"['Sampath Nandi', 'Sampath Nandi']",[],2015-12-10,U,151,4.7,13,0.7969,/pL52qn8jmspte3k2LwmCAmd3L0g.jpg,/UJAJHmx2G1695thnoDILt8QMJj.jpg,te,Released,2800000,5600000,[],2026-04-01T12:34:53.632756
568522,N.T.R: Kathanayakudu,NTR కథానాయకుడు,"Based on the journey of the legendary Telugu actor, filmmaker and ex-Chief Minister Late Taraka Rama Rao Nandamuri.",,['Drama'],"['Nandamuri Balakrishna', 'Vidya Balan', 'Kalyan Ram', 'Poonam Bajwa', 'Rana Daggubati', 'Manjima Mohan', 'Bharath Reddy', 'Sachin Khedekar']",['Radha Krishna Jagarlamudi'],"['Vishnuvardhan Induri', 'Radha Krishna Jagarlamudi', 'Radha Krishna Jagarlamudi']",['autobiography'],2019-01-09,U,170,4.9,14,0.7946,/7v5XNFBt7fKNFNfs5vB300wBVu6.jpg,/jbvwEXLTcgpRaZf9awZhxl3iq0s.jpg,te,Released,0,0,"[{'id': 4944, 'title': 'Burn After Reading', 'poster_path': '/jdwSkQu3XirmX18MNj8CqFWsCk.jpg'}, {'id': 746, 'title': 'The Last Emperor', 'poster_path': '/7TILJhdeJAaEyDiwvJZMo9SQBoe.jpg'}, {'id': 252491, 'title': 'And the Beat Goes On: The Sonny and Cher Story', 'poster_path': '/3MFKJrZbIndkj84xsjm4pmGNxNc.jpg'}, {'id': 425145, 'title': 'Torrey Pines', 'poster_path': '/ah2R4cyxXIHGB3Suz7e6vF7LLl4.jpg'}, {'id': 9403, 'title': 'Private Parts', 'poster_path': '/8nCc9fhXCVvetlqpxkrCTc9NwOz.jpg'}]",2026-04-01T12:34:54.352084
965203,Custody,కస్టడీ,"Siva, a police officer, has to escort a witness to the court. He learns that all the police service wants to kill the witness. An escape begins.",A Venkat Prabhu Hunt,"['Action', 'Thriller']","['Naga Chaitanya Akkineni', 'Arvind Swamy', 'Krithi Shetty', 'Priyamani', 'R. Sarathkumar', 'Sampath Raj', 'Vennela Kishore', 'Premji Amaran']",['Venkat Prabhu'],"['Venkat Prabhu', 'Venkat Prabhu']",[],2023-05-12,UA,150,5.0,10,0.7873,/5E9TjPijGlsd1nkdzEhJkxDoPHR.jpg,/cFpsxdJQoVLqMTSRACmnwNqe27w.jpg,te,Released,0,0,[],2026-04-01T12:34:55.087718
1093012,Mangalavaaram,మంగళవారం,"Fear engulfs a village as murders pile up mysteriously. Shailu, a young woman, is the heart of the story and the enigmatic tale unravels with a suspenseful cinematic journey.",,"['Thriller', 'Mystery']","['Payal Rajput', 'Ravindra Vijay', 'Chaitanya Krishna', 'Nandita Swetha', 'Divya Pillai', 'Shravan Reddy', 'Shri Tej', 'Ajay Ghosh']",['Ajay Bhupathi'],['Ajay Bhupathi'],[],2023-11-17,NR,143,5.5,11,0.7789,/zZxBWGqdoQ3lX7oPjtI41Yby59j.jpg,/tawbUjOaCDNq1AjbbkH2dcNTVP1.jpg,te,Released,0,0,[],2026-04-01T12:34:55.792751
536429,Shailaja Reddy Alludu,శైలజారెడ్డి అల్లుడు,Chaitanya and Anu are neighbours who fall for each other. However their path towards marriage is far from easy. A haughty would-be mother-in-law complicates the proceedings. The couple put up a united front to clear their roadblocks.,,"['Comedy', 'Drama']","['Naga Chaitanya Akkineni', 'Anu Emmanuel', 'Ramya Krishnan', 'Vennela Kishore', 'Kalyani Natarajan', 'Prudhviraj', 'Raghu Babu', 'Rahul Ramakrishna']",['Maruthi Dasari'],"['Maruthi Dasari', 'Maruthi Dasari']",[],2018-08-31,UA,148,4.5,12,0.7734,/2Y4nCSnyPkR1KGpBphomSFj696m.jpg,/wWlaKMKGDzTLfjsgsWCVZoihkRo.jpg,te,Released,0,0,[],2026-04-01T12:34:56.521563
888299,Aadavaallu Meeku Johaarlu,ఆడవాళ్లు మీకు జోహార్లు,"Chiranjeevi is a bachelor seeking his perfect match. His family rejects a lot of alliances and search for a bride continues, until Aadhya enters the scene. However, Aadhya’s mother resists her daughter’s marriage to Chiru because it goes against what she believes as marriage to be – male dominance over females.",,"['Family', 'Comedy', 'Drama']","['Sharwanand', 'Rashmika Mandanna', 'Radikaa Sarathkumar', 'Vennela Kishore', 'Khushboo', 'Urvashi', 'Pradeep Ram Singh Rawat', 'Rajitha']",['Kishore Tirumala'],['Kishore Tirumala'],[],2022-03-04,U,139,4.0,12,0.7654,/bF8wcDaHNGkgTlCLvCsaC3quiRf.jpg,/xEkNqpxZihxwUTl7YPvJ0swR2kr.jpg,te,Released,0,0,[],2026-04-01T12:34:57.223202
23776,Parugu,పరుగు,"A group of friends are forcibly transported to a village and kept imprisoned, as the village head, who believes that they have helped in his daughter's elopement with her lover.",,"['Romance', 'Comedy', 'Family', 'Drama']","['Allu Arjun', 'Sheela Kaur', 'Prakash Raj', 'Sunil Varma', 'Saptagiri', 'Subbaraju', 'Jayaprakash Reddy', 'Poonam Bajwa']",['Bhaskar'],"['Bhaskar', 'Bhaskar']",[],2008-05-01,U,173,5.6,29,0.763,/fJqzhEAp1WHch8GCnvcphrLt4a4.jpg,/8yCut2YAYfdYnm48YzJXVBdgWuW.jpg,te,Released,0,0,[],2026-04-01T12:34:58.006885
500723,Awe!,అ!,"‘Awe’ charts the journey of a motley of characters that have nothing to do with each other but are yet connected by a single, fragile string. Who are these people and what about their lives connect them to each other is what the film is all about.",,"['Romance', 'Action', 'Drama']","['Kajal Aggarwal', 'Eesha Rebba', 'Nithya Menen', 'Regina Cassandra', 'Priyadarshi Pullikonda', 'Srinivas Avasarala', 'Murali Sharma', 'Kaitelyn ""Kate D\'mello']",['Prasanth Varma'],"['Prasanth Varma', 'Prasanth Varma']",[],2018-02-16,UA,115,7.1,38,0.7574,/98Dn1D22PWmgwkEx7UEVLtpAPmk.jpg,/3Lltfcis0LX3MrIMHXJ5HfgUS56.jpg,te,Released,0,0,"[{'id': 450036, 'title': 'Magalir Mattum', 'poster_path': '/nCcDsyvQwiyF6KipXM3Obja6xau.jpg'}, {'id': 259041, 'title': 'Ninaithathu Yaaro', 'poster_path': None}, {'id': 505175, 'title': 'Love per Square Foot', 'poster_path': '/edKCIS7i4qruQ8B8sbou8scvPLe.jpg'}, {'id': 524598, 'title': ""Raymond's 5"", 'poster_path': '/1yWliiBlyUfoAFhVV577E6fuRih.jpg'}, {'id': 513576, 'title': 'Always Be My Maybe', 'poster_path': '/3BO6pPa7qDcpPYct061Luh9fvst.jpg'}]",2026-04-01T12:34:58.771579
80921,Badri,బద్రి,"Vennela accuses Badri of not loving her sincerely and challenges him that no one can love him like she does. However, their lives take a turn when he meets Sarayu and she falls madly in love with him.",The Man in Love,"['Romance', 'Drama', 'Family']","['Pawan Kalyan', 'Ameesha Patel', 'Renu Desai', 'Prakash Raj', 'Kota Srinivasa Rao', 'Brahmanandam', 'Ali Basha', 'Mallikarjuna Rao']",['Puri Jagannadh'],['Puri Jagannadh'],[],2000-04-20,UA,148,5.9,14,0.7479,/yNNWBXPmqlX58uWX2VWqvpQsR5b.jpg,/niFdUEVgRhk7823ORBIxvqPJIH9.jpg,te,Released,0,0,[],2026-04-01T12:34:59.536504
38220,Ek Niranjan,ఏక్ నిరంజన్,"A bounty hunter searches for the family he was separated from as a child, and falls in love with the sister of a gang member.",,"['Romance', 'Action', 'Drama']","['Prabhas', 'Kangana Ranaut', 'Sonu Sood', 'Mukul Dev', 'Venu Madhav', 'Brahmanandam', 'Ali Basha', 'Brahmaji']",['Puri Jagannadh'],"['Puri Jagannadh', 'Puri Jagannadh']",[],2009-10-29,UA,150,5.1,14,0.737,/tT0ElSp7p8d8Wsgv6Z1xFmLL8lY.jpg,,te,Released,3800000,6900000,[],2026-04-01T12:35:00.249512
530581,365 Days,365 Days,This film tracks a hasty marriage through its first 365 days.,Before Marriage - After Marriage,['Romance'],"['Nandu Vijay Krishna', 'Anaika Soti', 'Krishnudu', 'Posani Krishna Murali', 'Surekha Vani']",['Ram Gopal Varma'],"['Ram Gopal Varma', 'Ram Gopal Varma']","['marriage crisis', 'newlywed']",2015-05-22,UA,110,4.8,21,0.7321,/AoFyZGDgfrQuH8ptYb41KVnTjJp.jpg,,te,Released,0,0,"[{'id': 254418, 'title': 'Shaadi Ke Side Effects', 'poster_path': '/mSIwlMSpxTIcTKqcrtG4e2VuBPe.jpg'}, {'id': 4148, 'title': 'Revolutionary Road', 'poster_path': '/cvkD3yiVXLg3as8EAG3LaTycONQ.jpg'}, {'id': 3008, 'title': '10:30 P.M. Summer', 'poster_path': '/zEEifnz7dswBLA5hAIBe2xTHRaj.jpg'}, {'id': 4932, 'title': 'A Guide for the Married Man', 'poster_path': '/gAuFxWQwD74Z2huac9fkE3lCvhu.jpg'}, {'id': 10497, 'title': 'Bitter Moon', 'poster_path': '/bW7E4cLWh0elRRbp2VCrtXrY1if.jpg'}]",2026-04-01T12:35:00.984173
80281,Oosaravelli,ఊసరవెల్లి,"A youngster, who does anything for money, avenges on those who killed the family of Niharika.",Vengeance With A Difference,"['Action', 'Thriller']","['N.T. Rama Rao Jr.', 'Tamannaah Bhatia', 'Payal Ghosh', 'Prakash Raj', 'Jayaprakash Reddy', 'Vidyut Jammwal', 'Tanikella Bharani', 'Adhvik Mahajan']",['Surender Reddy'],['Vakkantham Vamsi'],[],2011-10-06,UA,161,5.3,23,0.7296,/3K2FHqArJP7TH9gnM8DVsZT20mT.jpg,/vForYImwcat7T8DUDM2Vj2w11uK.jpg,te,Released,3500000,39000000,[],2026-04-01T12:35:01.699481
773303,Zombie Reddy,జాంబీ రెడ్డి,A game developer and his friends head to Kurnool to attend their friend’s wedding. But something much more menacing rather than delicious pelli bhojanam awaits them there.,,"['Horror', 'Comedy']","['Teja Sajja', 'Anandhi', 'Daksha Nagarkar', 'RJ Hemant', 'Getup Srinu', 'Kireeti Damaraju', 'Raghu Babu', 'Prudhviraj']",['Prasanth Varma'],"['Prasanth Varma', 'Prasanth Varma']",[],2021-02-05,NR,125,6.5,14,0.7229,/k3XxAfftfnjvCBHTJOAs2AvkisD.jpg,/92F0JKrxvGqjblFdrExkQB5lkNg.jpg,te,Released,547127,1412957,[],2026-04-01T12:35:02.404646
81060,Happy,హ్యాపీ,"A politician refrains his daughter from finishing college as it would affect his politics. He decides to get her married to a police officer of the same caste, but things don't go as planned.",,"['Romance', 'Comedy']","['Allu Arjun', ""Genelia D'Souza"", 'Manoj Bajpayee', 'Brahmanandam', 'Kishore', 'Deepak Shirke', 'Rama Prabha', 'G. V. Sudhakar Naidu']",['A. Karunakaran'],"['A. Karunakaran', 'Radha Mohan']",[],2006-01-27,U,152,6.27,37,0.7194,/sLAm3iTltaHViglqcjUTJmmxHXO.jpg,/mHifdKxrxVSYsheHReNy87XihVp.jpg,te,Released,2200000,5800000,[],2026-04-01T12:35:03.134947
1034587,Amigos,అమిగోస్,"Siddharth, a youngman who runs a family business is astonished to find his doppelgängers Manjunath and Michael on getdopple.com. After meeting up in Goa, they come down to Hyderabad to help Siddarth win over Ishika, a girl looking for superman to be her husband. But things take a drastic turn when NIA swings into action to nab Michael, aka Bipin Roy.","They say when you meet somebody that looks just like you, you die.","['Action', 'Thriller']","['Kalyan Ram', 'Ashika Ranganath', 'Brahmaji', 'Jayaprakash', 'Saptagiri', 'Rajeev Pillai', 'Ravi Prakash', 'Sivannarayana Naripeddi']",['Rajendra Reddy'],['Rajendra Reddy'],[],2023-02-10,UA,137,4.8,12,0.7111,/vVBOUGpDRQTq2m8uRTmiqJaYphS.jpg,/gYRdSs0nC9ovtqUa99k3Oa5hD8v.jpg,te,Released,0,0,[],2026-04-01T12:35:03.861857
94898,Namo Venkatesa,నమో వెంకటేశ,Venkata Ramana (Venkatesh) is a ventriloquist. He goes along with the troop of artists to perform for a local Telugu association in Europe. Paris Prasad (Brahmanandam) is a tour organizer in Europe. He enjoys making people around bakras. Pooja (Trisha) is the niece of Prasad. Venkata Ramana falls in love with her. Prasad realises that only way to make Ramana bakra is to tell him that Pooja loves him too. Pooja is the daughter of a rich factionist in Rayalaseema and she is forced to return back in the middle. Her marriage is fixed with a guy she doesn’t like. The rest of the story is all about how Prasad conspires with Ramana to rescue Pooja.,,"['Drama', 'Comedy', 'Romance']","['Venkatesh', 'Trisha Krishnan', 'Brahmanandam', 'Chandramohan', 'Mukesh Rishi', 'Kota Srinivasa Rao', 'Jayaprakash Reddy', 'Srinivasa Reddy']",['Sreenu Vaitla'],"['Gopi Mohan', 'Sreenu Vaitla']",['love'],2010-01-14,NR,145,5.0,11,0.7028,/qd8LqDVKHHstALmOtrwJgYyynBK.jpg,/cECnzAYGvZ1haXdleTrhgxbC9wc.jpg,te,Released,0,0,"[{'id': 3437, 'title': 'The Unloved Woman', 'poster_path': None}, {'id': 426431, 'title': 'Searching for You', 'poster_path': None}, {'id': 3547, 'title': 'Reflections in a Golden Eye', 'poster_path': '/aB2q0EqCedMUlGdsulIqE1REf4a.jpg'}, {'id': 4274, 'title': 'Fort Saganne', 'poster_path': '/8srIfF14GCPwaLUrOtVT4Y6tMcw.jpg'}, {'id': 426683, 'title': 'The Hug', 'poster_path': '/7XQTSbs4jfw6yvPbAiHgsZZzSak.jpg'}]",2026-04-01T12:35:04.700266
755166,Ninnila Ninnila,నిన్నిలా నిన్నిలా,"In London, Dev, an overweight, genius chef who suffers with muscle spasms, meets Tara and love blossoms, but things take an interesting turn when he crosses paths with Maya.",,"['Comedy', 'Romance']","['Ashok Selvan', 'Ritu Varma', 'Nithya Menen', 'Nassar', 'Satya', 'Kedar Shankara', 'Kalpalatha', 'Sandhya Janak']",['Ani I. V. Sasi'],['Ani I. V. Sasi'],['chef'],2021-02-26,U,118,6.9,11,0.6903,/7vGK8p7XR7O32HMuw4JHyUtM9jE.jpg,/sqoOj7o44BveONtkb4tC6GCNyQr.jpg,te,Released,0,0,"[{'id': 3638, 'title': 'No Reservations', 'poster_path': '/eKqfRSf0DZ0Qey1f9ZHuZfsmXVR.jpg'}, {'id': 10451, 'title': 'Eat Drink Man Woman', 'poster_path': '/olhIWtIBFg6VWK59DEd4lAvgVgz.jpg'}, {'id': 778873, 'title': 'Bride to Be', 'poster_path': '/bKS4vhLysBWOUKd0G3YvtaJmLp3.jpg'}, {'id': 250449, 'title': ""My Father's Menu"", 'poster_path': '/ybEuBD3SEjMaezZrsjf1Vv5Xml0.jpg'}, {'id': 6283, 'title': 'MouseHunt', 'poster_path': '/aqBPrWOzXEO3rWEk3DYTHBjXNZb.jpg'}]",2026-04-01T12:35:05.414271
426614,Ekkadiki Pothavu Chinnavada,ఎక్కడికి పోతావు చిన్నవాడా,A visual effects artist gets possessed by an evil spirit and tries to get rid of it until he meets another innocent soul possessed by spirits.,,"['Romance', 'Thriller']","['Nikhil Siddhartha', 'Nandita Swetha', 'Hebah Patel', 'Satya', 'Vennela Kishore', 'Avika Gor', 'Tanikella Bharani', 'Praveen']",['Vi Anand'],"['Vi Anand', 'Vi Anand']","['supernatural', 'possessed']",2016-11-18,UA,140,6.1,17,0.6777,/oJ6PWpse5OPDYsFSlCFrzOay7fh.jpg,/5k2Xi7nX2hvs5h4tCVOJaO0S02d.jpg,te,Released,0,0,"[{'id': 599975, 'title': 'Countdown', 'poster_path': '/qCDPKUMX5xrxxQY8XhGVCKO3fks.jpg'}, {'id': 5237, 'title': 'Dust Devil', 'poster_path': '/59pEswv24gaJk1BZ6s7o7NnceVf.jpg'}, {'id': 599777, 'title': 'They Come Knocking', 'poster_path': '/h6e5hOLb8gNzzyL3dJKixXYqZno.jpg'}, {'id': 255254, 'title': 'Hashima Project', 'poster_path': '/pxixWuAYQVPajExNhkdtvMoybcZ.jpg'}, {'id': 601452, 'title': 'Dark Sense', 'poster_path': '/20qwGIPBcSDDGyabJVYL8fmADxp.jpg'}]",2026-04-01T12:35:06.140562
307614,Rabhasa,రభస,"US return student Karthik pledges to marry his uncle Dhanunjay's daughter Indu, which was his mother's wish. A small family feud ends with both the families getting separated. He joins Indu's college to convince her to marry him, but mistakenly assumes Bhagyam as Dhanunjay's daughter. Later, Karthik realizes that Indu is his cousin but she is already in love with another guy. He gets entangled in a risky situation when he tries to help a stranger. The rest of the story is all about how he controls the damage and fulfills the wish of his mother.",,"['Action', 'Comedy']","['N.T. Rama Rao Jr.', 'Samantha Ruth Prabhu', 'Pranitha Subhash', 'Brahmanandam', 'Jayasudha', 'Nassar', 'Nagineedu Vellanki', 'Jayaprakash Reddy']",['Santosh Srinivas'],['Santosh Srinivas'],[],2014-08-28,NR,153,4.9,18,0.6767,/fMiG03i11lQ5E3Q0HWMnuemr59p.jpg,/kiOtmeHrHMa0eGxv3BHM1xavYLR.jpg,te,Released,0,0,[],2026-04-01T12:35:06.860440
727030,Uma Maheswara Ugra Roopasya,ఉమామహేశ్వర ఉగ్రరూపస్య,"Defeated and humiliated in a fight while trying to defuse a conflict among his fellow villagers, a photographer vows revenge on his attacker.",,"['Comedy', 'Drama']","['Satyadev Kancharana', 'Hari Chandana', 'Naresh', 'Roopa Koduvayur', 'Suhas', 'Ravindra Vijay', 'Jabardasth Ramprasad', 'Raghavan']",['Venkatesh Maha'],['Venkatesh Maha'],[],2020-07-30,U,136,7.1,14,0.6716,/k0IqarTyIOPfSM4R1OrJXtxWtsn.jpg,/bznONoUN9WyvWNQIlwEkfw1WJNx.jpg,te,Released,0,0,[],2026-04-01T12:35:07.579277
937036,DJ Tillu,DJ టిల్లు,"When a local DJ and his affair with a young woman put him square in the middle of a crime, he must do his best to get out of the predicament he’s in.",Atluntadhi Manathoni,"['Romance', 'Comedy', 'Crime', 'Thriller']","['Siddhu Jonnalagadda', 'Neha Shetty', 'Prince Cecil', 'Brahmaji', 'Muralidhar Goud', 'Pragathi Mahavadi', 'Narra Srinu', 'Kireeti Damaraju']",['Vimal Krishna'],"['Siddhu Jonnalagadda', 'Vimal Krishna', 'Vimal Krishna', 'Siddhu Jonnalagadda']",[],2022-02-11,UA,124,6.0,11,0.6608,/2XKg3VhpFDXdAktwKvFMSuIneE3.jpg,/qsNMA46KZVzcJnT89bfedOJcpik.jpg,te,Released,0,0,[],2026-04-01T12:35:08.307701
30153,Sagara Sangamam,సాగర సంగమం,"When a passionate classical dancer, Balakrishna, falls in love with Madhavi, a woman who admires his talent, fate separates them. Years later, as he drowns in sorrow and self-destruction, an unexpected encounter rekindles his lost hopes, emotions and talent.","In love with art, and each other.","['Drama', 'Romance', 'Music']","['Kamal Haasan', 'Jaya Prada', 'Sarath Babu', 'S.P. Sailaja', 'Saakshi Ranga Rao', 'Janaki', 'Chakri Toleti', 'Potti Prasad']",['K. Viswanath'],"['K. Viswanath', 'K. Viswanath']","['alcoholic', 'lost love', 'folk dance']",1983-06-03,U,160,7.4,19,0.6536,/hdg47CcaBfLf0DttUoav45boYtL.jpg,/tGy0Sob0T7fzcgD6dOmsUypqxxu.jpg,te,Released,0,0,"[{'id': 1675, 'title': 'Day for Night', 'poster_path': '/e5xDrSx6zDEUlMe2dWKGhv88PDZ.jpg'}, {'id': 1720, 'title': 'Noi the Albino', 'poster_path': '/dy8srjJ3pQCA967wcJ2WaaTbr51.jpg'}, {'id': 3526, 'title': 'Frances', 'poster_path': '/eyUq8VBgoHncr0cXFTKgg3VPyfi.jpg'}, {'id': 4367, 'title': 'Cat on a Hot Tin Roof', 'poster_path': '/iZoQ7aRgq9stcJCxz3fKZhPSjAl.jpg'}, {'id': 918, 'title': 'Blind Date', 'poster_path': '/cLb3akSpZhU5qkmCO46IHfJtcs0.jpg'}]",2026-04-01T12:35:09.037765
964132,Spy,స్పై,"A RAW agent is in search of his brother’s killer, unravels the connection between a notorious arms dealer and the hidden secrets of Netaji Subhash Chandra Bose, risking everything to protect India from impending chaos.",,"['Action', 'Thriller']","['Nikhil Siddhartha', 'Iswarya Menon', 'Abhinav Gomatam', 'Jisshu Sengupta', 'Nitin Mehta', 'Ravi Varma', 'Sanya Thakur', 'Aryan Rajesh']",['Garry BH'],"['Anirudh Krishnamurthy', 'K Raja Shekhar Reddy']",['spy thriller'],2023-06-29,UA,135,5.3,10,0.6388,/dQstfiK8eMqRHwrgkzx4pk9td1l.jpg,/ztAkPdxBulEpvAmU0aqqYFXwgf6.jpg,te,Released,0,0,"[{'id': 10083, 'title': 'No Way Out', 'poster_path': '/93CzsBvRhg035yvQosRtSsTL19v.jpg'}, {'id': 303, 'title': 'Notorious', 'poster_path': '/4RERYb1NIQrJHYY5e8nUlYM7t2z.jpg'}, {'id': 1314786, 'title': 'Agent Zeta', 'poster_path': '/1cKLG9KMoCjsgFB8Nw1EuglteVi.jpg'}, {'id': 778946, 'title': 'Mission Majnu', 'poster_path': '/jHQitiHK4M561W1O7WwfJ0dJ8S1.jpg'}, {'id': 1314060, 'title': 'Danger Girl', 'poster_path': None}]",2026-04-01T12:35:09.759632
902552,Thank You,థ్యాంక్యూ,"Abhiram aka Abhi is a successful entrepreneur who calls himself ‘self-made’ and doesn’t believe anyone but himself is the reason for his success. But when he’s forced to look back on life, what does he realise?",,"['Romance', 'Drama']","['Naga Chaitanya Akkineni', 'Raashii Khanna', 'Malavika Nair', 'Sai Sushanth Reddy', 'Avika Gor', 'Prakash Raj', 'Sampath Raj', 'Tulasi']",['Vikram Kumar'],"['Vikram Kumar', 'BVS Ravi']",[],2022-07-21,UA,127,5.7,10,0.5893,/8wrpCfKmeyFLSE3pOYdY5TR4kw2.jpg,/a6FYWepW86BDuqcU0bWRPzE6hcu.jpg,te,Released,0,0,[],2026-04-01T12:35:10.484237
891473,Pakka Commercial,పక్కా కమర్షియల్,"Son of retired judge Suryanarayana, Lucky is a talented lawyer who will argue for anyone with money. But is he really as ‘pakka commercial’ as he seems?",,"['Comedy', 'Crime', 'Action']","['Gopichand', 'Raashii Khanna', 'Sathyaraj', 'Rao Ramesh', 'Praveen', 'Siva Akula', 'Saptagiri', 'Harsha Chemudu']",['Maruthi Dasari'],"['Maruthi Dasari', 'Maruthi Dasari']",[],2022-07-01,UA,160,4.0,10,0.5586,/lJ8inMWG3TyPILtK5h4YRj45vH8.jpg,/pCWdmy8tOYhkFydqr16454PMEPQ.jpg,te,Released,3771663,0,[],2026-04-01T12:35:11.192239
930136,Krishna Vrinda Vihari,కృష్ణ వ్రింద విహారి,Krishna falls for Vrinda and tells a white lie at home to ensure they’re married. But what happens when it leads to unnecessary misunderstandings?,,"['Romance', 'Comedy']","['Naga Shaurya', 'Shirley Setia', 'Radikaa Sarathkumar', 'Vennela Kishore', 'Rahul Ramakrishna', 'Satya', 'Brahmaji', 'Jayaprakash']",['Annish Krishna'],['Annish Krishna'],[],2022-09-23,UA,139,4.9,12,0.5564,/9R9YMJLhOtAEtK7SwNrI27GUUu7.jpg,/jirdIf1Sq918dKitXM1TxAOOvAW.jpg,te,Released,0,0,[],2026-04-01T12:35:11.894246
663909,Love Story,లవ్ స్టోరీ,"Revanth and Mouni dream big when it comes to their lives. But with their social standing and gender proved to be a hindrance, will they manage to find a way to let their love prevail?",,"['Romance', 'Drama']","['Naga Chaitanya Akkineni', 'Sai Pallavi', 'Devayani', 'Rajiv Kanakala', 'Easwari Rao', 'Uttej', 'Chakrapani Ananda', 'Gangavva']",['Sekhar Kammula'],['Sekhar Kammula'],[],2021-09-24,UA,165,7.3,16,0.5312,/zP9tXuxoPRpCJM0UxbxZUHYB83n.jpg,/5GTPOaWAH1LQIdNvEp41Btnx84p.jpg,te,Released,0,0,[],2026-04-01T12:35:12.630840
658113,Aswathama,అశ్వథామ,"After learning his sister has been mysteriously impregnated, Gana sets out to hunt down the culprit as he discovers similar cases in the city.",,"['Action', 'Crime', 'Thriller']","['Naga Shaurya', 'Mehreen Pirzada', 'Prince Cecil', 'Posani Krishna Murali', 'Harish Uthaman', 'Ankith Koyya', 'Madhumani', 'Jisshu Sengupta']",['Ramana Teja'],['Naga Shaurya'],[],2020-01-31,UA,133,6.3,14,0.5017,/kiAOon7Y0R4O3ipEQirBlX80ftS.jpg,/jrV9MNF2WICf0eNvxRXuu5oejeP.jpg,te,Released,0,0,[],2026-04-01T12:35:13.342274
795104,Rang De,రంగ్ దే,Arjun detests Anu because she has always stolen his thunder ever since she step foot in their colony years ago. Will he ever find it in his heart to love her like she loves him?,Gimme Some Love,"['Comedy', 'Romance']","['Nithiin', 'Keerthy Suresh', 'Naresh', 'Kausalya', 'Rohini', 'Brahmaji', 'Vennela Kishore', 'Vineeth Radhakrishnan']",['Venky Atluri'],['Venky Atluri'],[],2021-03-26,NR,130,6.0,23,0.4954,/q1USrpUYiRkAj8ArEG5jUUXCCEo.jpg,/zKTrqpxGUfEYHWlCEOKhKyMRyzd.jpg,te,Released,0,0,[],2026-04-01T12:35:14.071134
765718,Middle Class Melodies,మిడిల్ క్లాస్ మెలోడీస్,"Raghava, who runs a breakfast center in his village, dreams of starting a small hotel in the city. Against his father's wishes, he plans to buy an old shop with his friend Gopal. The shop happens to be owned by Nageswara Rao, father of his love interest Sandhya. How will Raghava's love life and his dream to establish his own hotel clash?",,"['Comedy', 'Drama', 'Romance']","['Anand Deverakonda', 'Varsha Bollamma', 'Chaitanya Garikipati', 'Divya Sripada', 'Goparaju Ramana', 'Surabhi Prabhavathi', 'Prem Sagar', 'Prabhavathi Varma']",['Vinod Anantoju'],"['Janardhan Pasumarthi', 'Janardhan Pasumarthi', 'Vinod Anantoju']",[],2020-11-20,NR,135,6.8,17,0.453,/6pMz4FDeoIbomupYYLFAsAy2D4q.jpg,/i93kbAebUkD6rxJZ3WAbgmylnbE.jpg,te,Released,0,0,[],2026-04-01T12:35:14.785042
1092632,Balagam,బలగం,"A boisterous, bawdy, meddling village patriarch Komurayya’s death just before the engagement changes the course of  his grandson Saayilu's life and the other family members, rattling some skeletons in the closet, exposing the rifts present within the family, causing bigger sociological calamities in the small village.",,"['Comedy', 'Drama']","['Priyadarshi Pullikonda', 'Kavya Kalyanram', 'Sudhakar Reddy', 'Muralidhar Goud', 'V. S. Roopa Lakshmi', 'Kota Jayaram', 'Venu', 'Racha Ravi']",['Venu'],['Venu'],[],2023-03-03,U,131,7.0,14,0.4486,/m5Wtp4BcMm6Z03rjik11AS5UYhd.jpg,/t1UIpleLo5841rtkNq6t3izTciR.jpg,te,Released,0,0,[],2026-04-01T12:35:15.521396
659674,World Famous Lover,వరల్డ్ ఫేమస్ లవర్,"An amalgamation of four different love stories: Seenayya and Suvarna, a middle-class couple in a small town; Gautham, an uber-cool youngster romancing in the streets of Paris with his girlfriend Iza, Union Leader Srinu head over heels in love with his boss lady, and and the first college romance.",,"['Romance', 'Drama']","['Vijay Deverakonda', 'Raashii Khanna', 'Catherine Tresa', 'Aishwarya Rajesh', 'Izabelle Leite', 'Chakrapani Ananda', 'Shatru']",['Kranthi Madhav'],"['Kranthi Madhav', 'Kranthi Madhav']",[],2020-02-14,UA,156,5.4,23,0.4412,/pVlWBRBnGRdH9jj0mi7x0Jy1QUr.jpg,/zguReD4Tx0rkbQSLKcl0uVvceg5.jpg,te,Released,0,0,[],2026-04-01T12:35:16.274533
894730,Baby,బేబీ,A pair of high school sweethearts face challenges in their relationship when they take different directions in life.,,"['Romance', 'Drama']","['Vaishnavi Chaitanya', 'Anand Deverakonda', 'Viraj Ashwin', 'Kusuma Degalamari', 'Sathvik Anand Bandela', 'Harsha Chemudu', 'Kirrak Seetha', 'Prabhavathi Varma']",['Sai Rajesh Neelam'],['Sai Rajesh Neelam'],[],2023-07-14,UA,175,6.3,10,0.409,/cr74IPXOmqEgJMZ0yRppIuQvyqU.jpg,/w49XUahDiIFcx0U7DUOpIpX60gx.jpg,te,Released,0,0,[],2026-04-01T12:35:16.979276
894758,18 Pages,18 పేజెస్,"When a heartbroken Siddhu stumbles upon a two-year-old diary, he finds himself drawn into the enigmatic world of a young woman named Nandini and falls for her.",,['Romance'],"['Nikhil Siddhartha', 'Anupama Parameswaran', 'Dinesh Tej', 'Sarayu Roy', 'Ajay', 'Brahmaji', 'Raj Tirandasu', 'Posani Krishna Murali']",['Palnati Surya Pratap'],"['Sukumar', 'Palnati Surya Pratap']",[],2022-12-23,UA,137,5.6,12,0.4051,/d6SdWIh7gY6x84isJkfrD9SNiJ7.jpg,/869a5acZOHlxbRJJeQBxyGKahxl.jpg,te,Released,0,0,[],2026-04-01T12:35:17.684659
718745,Krishna and His Leela,Krishna and His లీల,"Torn between his past and present girlfriends, a confused bachelor’s indecisiveness spins a web of lies and cheating as he struggles to commit.",,"['Romance', 'Comedy']","['Siddhu Jonnalagadda', 'Shraddha Srinath', 'Seerat Kapoor', 'Shalini Vadnikatti', 'Samyukta Hornad', 'Harsha Chemudu', 'Jhansi', 'Sampath Raj']",['Ravikanth Perepu'],"['Siddhu Jonnalagadda', 'Ravikanth Perepu']",[],2020-06-24,NR,125,5.1,11,0.3624,/vWbB3gTKMZahD2s37vj2Tpx2klj.jpg,/yLFiMcOAUqy6S3AGk659l627lPn.jpg,te,Released,0,0,[],2026-04-01T12:35:18.399403
824387,Cinema Bandi,సినిమా బండి,A struggling rickshaw driver’s life takes a rollicking turn when he comes upon an expensive camera and decides to make a film with his fellow villagers.,Everyone is a filmmaker... at heart.,"['Drama', 'Comedy']","['Vikas Vasistha', 'Sandeep Varanasi', 'Rag Mayur', 'Trishara', 'Munivenkatapa', 'Sindhu Sreenivasa Murthy', 'Uma Yg', 'Sirivennela Yanamandhala']",['Praveen Kandregula'],"['Vasanth Maringanti', 'Praveen Kandregula', 'Krishna Prathyusha', 'Vasanth Maringanti']",[],2021-05-14,NR,98,6.767,15,0.2857,/aaND5zIAgIzge8y0oaCOIJuJXBB.jpg,/fnYNk8KUWD1EmqpAYEmPGwGRp0u.jpg,te,Released,0,0,[],2026-04-01T12:35:19.114497
690565,Colour Photo,కలర్ ఫోటో,"Jayakrishna is a dark-skinned guy who falls head over heels on Deepu but keeps his feelings to himself. As time passes by, a gang in his college beats him up and this issue brings Deepu closer to him. Slowly the friendship turns into love and this does not go well with Deepu’s brother Rama Raju. The rest of the story is as to how the couple reunites after facing several problems.",,"['Drama', 'Romance']","['Suhas', 'Chandini Chowdary', 'Sunil Varma', 'Harsha Chemudu', 'Divya Sripada', 'Kancharapalem Raju', 'Sai Krishna Enreddy']",['Sandeep Raj'],"['Sandeep Raj', 'Sai Rajesh Neelam']",[],2020-10-23,NR,141,7.2,21,0.2498,/c6P4zWRUbyoknRSBr1LUR3rzJX9.jpg,/nV0LSOcrdjPtTc4NmR1x33Wc64U.jpg,te,Released,0,0,[],2026-04-01T12:35:19.827707
794362,G-Zombie,G-Zombie,Sara is a research student who wants to make an immunity booster to save humanity. Her experiment however turns people into zombies and in comes Dhruva to save the day.,,"['Horror', 'Fantasy', 'Comedy']","['Aryan Gowra', 'Dhivya', 'Rajsekhar Aningi', 'Gowtham Avula']","['Deepu', 'Aryan Gowra']","['Aryan Gowra', 'Deepu']",['zombie'],2021-02-05,UA,116,5.6,47,0.2122,/wkugO5QrnKB3sJsl41Gg913BCsD.jpg,/zBIwWJUCSFlbFym7XF7TkKO3Tc7.jpg,te,Released,0,0,"[{'id': 1576, 'title': 'Resident Evil', 'poster_path': '/1UKNef590A0ZaMnxsscIcWuK1Em.jpg'}, {'id': 1577, 'title': 'Resident Evil: Apocalypse', 'poster_path': '/way9dOm4dM2sm9UMcu2PEXMTX0q.jpg'}, {'id': 1562, 'title': '28 Weeks Later', 'poster_path': '/oix0aNv1lvW3nUGspUyvSIBlpbs.jpg'}, {'id': 1694, 'title': 'Re-Animator', 'poster_path': '/1hY6AUl92cL9GdZx031UWFiGETt.jpg'}, {'id': 1142495, 'title': 'Purgatorium', 'poster_path': None}]",2026-04-01T12:35:20.480810
881486,MAD,MAD,"Have you ever felt lonely in a Relationship..., Marriage or Live_In , doesn't matter, when you can't share your feelings with your companion, it is like travelling to an unknown destination with a troublesome partner.",Marriage and Divorce,['Drama'],"['Spandana Palli', 'Swetaa Varma', 'Rajath Raghav', 'Madhav Chilukuri']",['Laxman Meneni'],[],[],2021-04-23,A,113,5.6,17,0.0829,/oPcrjnofEwm61mSXCVH2LAXai2N.jpg,/tXzzKQ1rPKvb2kD4ZkZzDU16eKs.jpg,te,Released,0,0,[],2026-04-01T12:35:21.139905
1362191,RTI,RTI,"A handicapped lawyer and her father are on a mission to fight cases related to a suicide case that opens the famous ACT ""R.T.I"" and stumbles upon a larger conspiracy later on.",,"['Thriller', 'Crime']",[],[],[],[],2024-09-26,NR,2,8.4,13,0.0071,/z9FaHhbZfnyhJIlImyD2WofOVHY.jpg,/90YMcKEzcyeDT71W8wOMxsAc32b.jpg,te,Released,0,0,[],2026-04-01T12:35:21.839929
1658163,Suyodhana,సూయోధన,"A young Foley artist has grown up hearing a mysterious voice called Suyodhana and often visualises a figure resembling Duryodhana. Raised by his mother and supported by his childhood friend and partner, his life takes a turn when he is accused of his father’s murder, leading to an investigation that uncovers deeper layers of his past.",,"['Family', 'Thriller', 'Mystery']","['Priyadarshi Pullikonda', 'Drishika Chander', 'Sai Kumar', 'Devi Prasad', 'Rajshri Nair', 'Vishnu Oi']",['YS Madav Reddy'],[],[],2026-03-27,U/A 13+,130,0.0,0,0.7883,/78PqPoJA3Lh491K0Eq1Tvh3JWv4.jpg,/tXierBtxb2u3XwwTeU1NnEjnkb9.jpg,te,Released,0,0,[],2026-04-01T12:35:23.012930
1649866,G.O.A.T,G.O.A.T,"A small-time goon and his friends agree to stage a fake kidnapping for a bride-to-be in exchange for ransom money, but their plan backfires when their hostage proves more dominant than expected.",,"['Action', 'Romance', 'Comedy', 'Drama']","['Sudigali Sudheer', 'Divyabharathi', 'Rajendran', 'Ajay Ghosh', 'Chammak Chandra', 'Brahmaji', 'Thagubothu Ramesh']",['Naresh Kuppili'],"['Naresh Kupilli', 'Phani Krishna Siriki', 'Naresh Kuppili']",[],2026-03-26,NR,0,0.0,0,0.6453,/eY2ntmKcmcbqoKQYz0Op8W4ZAZC.jpg,,te,Released,0,0,[],2026-04-01T12:35:23.511567
1547712,Band Melam,బ్యాండ్ మేళం,"Giri and Raaji grew up together in a small village; their love and bonding also grew, but changing fortunes and misunderstandings drove them and their families apart. While Raaji moves ahead with her studies, Giri searches for his path through music with his village band. Life takes them in completely different directions until circumstances bring them face to face again. What really unfolds between them forms the rest of the story.",Every Beat has an Emotion,"['Romance', 'Drama']","['Harsh Roshan', 'Sridevi Apalla', 'Sai Kumar']",['Sathish Javvaji'],"['Sathish Javvaji', 'Siva Mupparaju']",[],2026-03-26,U/A 16+,141,0.0,0,1.8146,/4hdgEE7GLj0JLP0q0GXwslG3s7C.jpg,/vAiJxJDd6qqq0mYJnhtElS3uSwV.jpg,te,Released,0,0,[],2026-04-01T12:35:24.026799
868668,Ustaad Bhagat Singh,ఉస్తాద్ భగత్ సింగ్,"A tribal boy is shaped by the values of his teacher, who gives him the name 'Bhagat Singh'. He grows up deeply rooted in strong morals, which guide his actions throughout his life.He stands firm against injustice and takes on powerful evil forces, even when facing overwhelming odds.",This time it's not just entertainment.,"['Action', 'Comedy', 'Drama']","['Pawan Kalyan', 'Sreeleela', 'Raashii Khanna', 'R. Parthiban', 'Nawab Shah', 'Avinash', 'Gautami Tadimalla', 'Narra Srinu']",['Harish Shankar'],"['Harish Shankar', 'Ramesh Reddy']",[],2026-03-18,UA,151,6.2,4,1.9148,/8n4ypYQWztEXlR8JxD0fctdKwfC.jpg,/xVUY7fJum48tTUqiqeamousRBUX.jpg,te,Released,14000000,0,[],2026-04-01T12:35:24.513043
1651779,Baking Soda,Baking Soda,"Two clueless friends discover a mysterious white powder packet and believe they’ve struck gold. Armed with nothing but confidence and bad judgment, they dive into a plan that slowly spirals out of control.",Two friends. One mysterious packet. Terrible decisions.,['Comedy'],"['Hari Maddigunta', 'Sumanth Atluri', 'Pranav Sai Subinay']","['Sumanth Atluri', 'Hari Maddigunta']","['Sumanth Atluri', 'Hari Maddigunta']",[],2026-03-15,NR,8,0.0,0,0.0997,/hUw6bcuyCqXaiLq9dp7HnXTkwQx.jpg,/kVmdxZo50yYqakhQT91NgIzM9El.jpg,te,Released,0,0,[],2026-04-01T12:35:25.014770
1658804,Repu Udayam 10 Gantalaku,Repu Udayam 10 Gantalaku,,,[],"['Hebah Patel', 'Chaitanya Rao', 'Abhinav Gomatam', 'Kireeti Damaraju', 'Sahithi Avancha', 'Inturi Vasu']",[],[],[],2026-03-14,NR,0,0.0,0,0.4397,/ivduzvxeVnzyEDeV1zTwcc91vbA.jpg,/jRQsPP9fhPAtd7gtuzXJIvnhZkK.jpg,te,Released,0,0,[],2026-04-01T12:35:25.512857
1533735,Nawab Cafe,Nawab Cafe,A family grapples with communication barriers as a father and son circle around conversations they desperately need but cannot bring themselves to have.,,['Drama'],"['Shiva Kandukuri', 'Rajiv Kanakala', 'Rajkumar Kasireddy', 'Teju Ashwini', 'Liam']",['Pramod Harsha'],['Imran Siddique'],[],2026-03-12,UA,131,0.0,0,0.3527,/318rq88OAqNFlDhlh1HwWnHBTK4.jpg,/lC9pnCMf3cWWOwWSPsZGV9sYWzw.jpg,te,Released,0,0,[],2026-04-01T12:35:26.003514
1659787,Eleventh,Eleventh,"A grieving detective, haunted by the loss of his family, begins to see a silent figure in the darkness of his room, a presence calm, precise, and disturbingly familiar. As he investigates a mysterious murder tied to fire, the line between hallucination and truth begins to fracture. What starts as a search for a killer slowly becomes a confrontation with something far more terrifying, the self he tried to bury.",A film noir short,"['Thriller', 'Crime']",['Suhaas Konduri'],['M.Saketh'],['M.Saketh'],"['film noir', 'suhaaasyam', 'eleventh']",2026-03-11,U/A 13+,9,0.0,0,0.3283,/7LdWMatXzXF16BXRJsbGNoKl24W.jpg,/ha26BKhKCQ5eD47J9LBfTltM2jf.jpg,te,Released,30,0,"[{'id': 3112, 'title': 'The Night of the Hunter', 'poster_path': '/rBka0nFWiHxabHRLr0KfIA8Yiaq.jpg'}, {'id': 3309, 'title': 'Mildred Pierce', 'poster_path': '/3bqF5bJPjeITNeC8ydbUOQZfuqP.jpg'}, {'id': 599812, 'title': 'Una mujer de Oriente', 'poster_path': '/snqgcN5eUZ2CsmauB23jCbZrVb5.jpg'}, {'id': 775909, 'title': 'Contender', 'poster_path': '/zURKNbchm0IGOkE9iIDIQiF8CVI.jpg'}, {'id': 10056, 'title': ""Killer's Kiss"", 'poster_path': '/rLbad0lscycS4R3qTSrKguZ0Zz5.jpg'}]",2026-04-01T12:35:26.511271
1552958,S. Saraswathi,స. సరస్వతి,"A devoted mother whose life is shattered when her 12-year-old daughter goes missing. Desperate for answers, she turns to the police for help, but as the investigation unfolds, unexpected twists begin to deepen the mystery.",,"['Crime', 'Drama']","['Varalaxmi Sarathkumar', 'Prakash Raj', 'Priyamani', 'Kishore', 'Rao Ramesh', 'Murali Sharma', 'Radikaa Sarathkumar', 'Nassar']",['Varalaxmi Sarathkumar'],"['Varalaxmi Sarathkumar', 'Sai Madhav Burra']",[],2026-03-06,U/A 16+,121,0.0,0,0.5013,/bqWFBD56BvBGGgTvj3maU9fyGbX.jpg,/sgvdk7ePNLf7aWGGTxMcQuqiNjq.jpg,te,Released,0,0,[],2026-04-01T12:35:27.019401
1428294,Mrithyunjay,మృత్యుంజయ,"An intense murder investigation unfolds when a man refuses to accept a death casually deemed natural by the police. As he digs deeper, what begins as doubt turns into a relentless pursuit of truth, uncovering layers of deception and danger",,"['Thriller', 'Crime', 'Action']","['Sree Vishnu', 'Reba Monica John', 'Nellore Sudharshan', 'Racha Ravi', 'Ayyappa P. Sharma', 'Sijju Menon', 'Nanda Gopal', 'Baladitya']",['Hussain Sha Kiran'],['Hussain Sha Kiran'],[],2026-03-06,U/A 16+,122,7.0,1,0.3753,/ugmlp0nM1CUHlnobFKO93aRbOu0.jpg,/zRRtEqB42EeOhVe4traWDGZwlZQ.jpg,te,Released,0,0,[],2026-04-01T12:35:27.525985
1646407,Charitha Kamakshi,Charitha Kamakshi,"Charitha is an innocent girl begins her married life with a passionate filmmaker. As she tries to adjust to her new love and world, she slowly discovers that although her husband is kind at heart, he is morally compromised in his profession. His choices eventually land him in police custody. With little knowledge of the outside world, she must step beyond her innocence and confront a stubborn Sub-Inspector to bring him back",A Poetic Musical Tale,"['Music', 'Drama', 'Romance']","['Divya Sripada', 'Abhay Bethiganti', 'Babloo Prithiveeraj', 'Satish Saripalli', 'Sunitha Manohar', 'Manikanta Varanasi', 'Anji Mama Milkuri', 'Lavanya Reddy']",['Channdu Saayi'],"['Gnaneshwar Devarapaga', 'Shiva Shankar C']",[],2026-03-05,U,90,0.0,0,0.6445,/11t6vnHbE6ZcpqUZoiTZJWikOnJ.jpg,/aHFkX3PRPnfSiTsdRkNXcckz7Yh.jpg,te,Released,0,0,[],2026-04-01T12:35:28.031739
1645407,ARYAN,ARYAN,"After a young man is found dead in his apartment under suspicious circumstances, a seasoned investigator uncovers a chilling link to a recent suicide tied to illegal betting. With no signs of forced entry and a cryptic handwritten note left behind, the case appears to be a calculated murder. But as hidden struggles surface, the truth proves far more unsettling than anyone imagined.",The Wrath of Karma,[],"['Dhanush Angirekula', 'Kavadi Mahesh', 'Venkat Vikram', 'Shanker Rachuri', 'Dasaradh Kumar']",['Jeevann Anumalla'],['Jeevann Anumalla'],[],2026-03-04,NR,38,0.0,0,0.0561,/cP4dSk0mxASNAGt7Ijf5sAiADMI.jpg,/8rHNPseWEi3nTIT0IQqKZR2v55R.jpg,te,Released,0,0,[],2026-04-01T12:35:28.553935
